!@#$%^&*
00000000
000000000
0000000000
01011987
01011988
01011989
01011990
01011991
01011992
01011993
01011994
01011995
01011996
01011997
01011998
01011999
01012000
01012001
01012002
01012003
01012004
01012005
01012006
01012007
01012008
01012009
01012010
01012011
01012530
01012531
01012532
01012533
01012534
01012535
01012536
01012537
01012538
01012539
01012540
01012541
01012542
01012543
01012544
01012545
01012546
01012547
01012548
01012549
01012550
01012551
01012552
01012553
01012554
01021987
01021988
01021989
01021990
01021991
01021992
01021993
01021994
01021995
01021996
01021997
01021998
01021999
01022000
01022001
01022002
01022003
01022004
01022005
01022006
01022007
01022008
01022009
01022010
01022011
01022530
01022531
01022532
01022533
01022534
01022535
01022536
01022537
01022538
01022539
01022540
01022541
01022542
01022543
01022544
01022545
01022546
01022547
01022548
01022549
01022550
01022551
01022552
01022553
01022554
01031987
01031988
01031989
01031990
01031991
01031992
01031993
01031994
01031995
01031996
01031997
01031998
01031999
01032000
01032001
01032002
01032003
01032004
01032005
01032006
01032007
01032008
01032009
01032010
01032011
01032530
01032531
01032532
01032533
01032534
01032535
01032536
01032537
01032538
01032539
01032540
01032541
01032542
01032543
01032544
01032545
01032546
01032547
01032548
01032549
01032550
01032551
01032552
01032553
01032554
01041987
01041988
01041989
01041990
01041991
01041992
01041993
01041994
01041995
01041996
01041997
01041998
01041999
01042000
01042001
01042002
01042003
01042004
01042005
01042006
01042007
01042008
01042009
01042010
01042011
01042530
01042531
01042532
01042533
01042534
01042535
01042536
01042537
01042538
01042539
01042540
01042541
01042542
01042543
01042544
01042545
01042546
01042547
01042548
01042549
01042550
01042551
01042552
01042553
01042554
01051987
01051988
01051989
01051990
01051991
01051992
01051993
01051994
01051995
01051996
01051997
01051998
01051999
01052000
01052001
01052002
01052003
01052004
01052005
01052006
01052007
01052008
01052009
01052010
01052011
01052530
01052531
01052532
01052533
01052534
01052535
01052536
01052537
01052538
01052539
01052540
01052541
01052542
01052543
01052544
01052545
01052546
01052547
01052548
01052549
01052550
01052551
01052552
01052553
01052554
01061987
01061988
01061989
01061990
01061991
01061992
01061993
01061994
01061995
01061996
01061997
01061998
01061999
01062000
01062001
01062002
01062003
01062004
01062005
01062006
01062007
01062008
01062009
01062010
01062011
01062530
01062531
01062532
01062533
01062534
01062535
01062536
01062537
01062538
01062539
01062540
01062541
01062542
01062543
01062544
01062545
01062546
01062547
01062548
01062549
01062550
01062551
01062552
01062553
01062554
01071987
01071988
01071989
01071990
01071991
01071992
01071993
01071994
01071995
01071996
01071997
01071998
01071999
01072000
01072001
01072002
01072003
01072004
01072005
01072006
01072007
01072008
01072009
01072010
01072011
01072530
01072531
01072532
01072533
01072534
01072535
01072536
01072537
01072538
01072539
01072540
01072541
01072542
01072543
01072544
01072545
01072546
01072547
01072548
01072549
01072550
01072551
01072552
01072553
01072554
01081987
01081988
01081989
01081990
01081991
01081992
01081993
01081994
01081995
01081996
01081997
01081998
01081999
01082000
01082001
01082002
01082003
01082004
01082005
01082006
01082007
01082008
01082009
01082010
01082011
01082530
01082531
01082532
01082533
01082534
01082535
01082536
01082537
01082538
01082539
01082540
01082541
01082542
01082543
01082544
01082545
01082546
01082547
01082548
01082549
01082550
01082551
01082552
01082553
01082554
01091987
01091988
01091989
01091990
01091991
01091992
01091993
01091994
01091995
01091996
01091997
01091998
01091999
01092000
01092001
01092002
01092003
01092004
01092005
01092006
01092007
01092008
01092009
01092010
01092011
01092530
01092531
01092532
01092533
01092534
01092535
01092536
01092537
01092538
01092539
01092540
01092541
01092542
01092543
01092544
01092545
01092546
01092547
01092548
01092549
01092550
01092551
01092552
01092553
01092554
01101987
01101988
01101989
01101990
01101991
01101992
01101993
01101994
01101995
01101996
01101997
01101998
01101999
01102000
01102001
01102002
01102003
01102004
01102005
01102006
01102007
01102008
01102009
01102010
01102011
01102530
01102531
01102532
01102533
01102534
01102535
01102536
01102537
01102538
01102539
01102540
01102541
01102542
01102543
01102544
01102545
01102546
01102547
01102548
01102549
01102550
01102551
01102552
01102553
01102554
01111987
01111988
01111989
01111990
01111991
01111992
01111993
01111994
01111995
01111996
01111997
01111998
01111999
01112000
01112001
01112002
01112003
01112004
01112005
01112006
01112007
01112008
01112009
01112010
01112011
01112530
01112531
01112532
01112533
01112534
01112535
01112536
01112537
01112538
01112539
01112540
01112541
01112542
01112543
01112544
01112545
01112546
01112547
01112548
01112549
01112550
01112551
01112552
01112553
01112554
01121987
01121988
01121989
01121990
01121991
01121992
01121993
01121994
01121995
01121996
01121997
01121998
01121999
01122000
01122001
01122002
01122003
01122004
01122005
01122006
01122007
01122008
01122009
01122010
01122011
01122530
01122531
01122532
01122533
01122534
01122535
01122536
01122537
01122538
01122539
01122540
01122541
01122542
01122543
01122544
01122545
01122546
01122547
01122548
01122549
01122550
01122551
01122552
01122553
01122554
01234567
0123456789
02011987
02011988
02011989
02011990
02011991
02011992
02011993
02011994
02011995
02011996
02011997
02011998
02011999
02012000
02012001
02012002
02012003
02012004
02012005
02012006
02012007
02012008
02012009
02012010
02012011
02012530
02012531
02012532
02012533
02012534
02012535
02012536
02012537
02012538
02012539
02012540
02012541
02012542
02012543
02012544
02012545
02012546
02012547
02012548
02012549
02012550
02012551
02012552
02012553
02012554
02021987
02021988
02021989
02021990
02021991
02021992
02021993
02021994
02021995
02021996
02021997
02021998
02021999
02022000
02022001
02022002
02022003
02022004
02022005
02022006
02022007
02022008
02022009
02022010
02022011
02022530
02022531
02022532
02022533
02022534
02022535
02022536
02022537
02022538
02022539
02022540
02022541
02022542
02022543
02022544
02022545
02022546
02022547
02022548
02022549
02022550
02022551
02022552
02022553
02022554
02031987
02031988
02031989
02031990
02031991
02031992
02031993
02031994
02031995
02031996
02031997
02031998
02031999
02032000
02032001
02032002
02032003
02032004
02032005
02032006
02032007
02032008
02032009
02032010
02032011
02032530
02032531
02032532
02032533
02032534
02032535
02032536
02032537
02032538
02032539
02032540
02032541
02032542
02032543
02032544
02032545
02032546
02032547
02032548
02032549
02032550
02032551
02032552
02032553
02032554
02041987
02041988
02041989
02041990
02041991
02041992
02041993
02041994
02041995
02041996
02041997
02041998
02041999
02042000
02042001
02042002
02042003
02042004
02042005
02042006
02042007
02042008
02042009
02042010
02042011
02042530
02042531
02042532
02042533
02042534
02042535
02042536
02042537
02042538
02042539
02042540
02042541
02042542
02042543
02042544
02042545
02042546
02042547
02042548
02042549
02042550
02042551
02042552
02042553
02042554
02051987
02051988
02051989
02051990
02051991
02051992
02051993
02051994
02051995
02051996
02051997
02051998
02051999
02052000
02052001
02052002
02052003
02052004
02052005
02052006
02052007
02052008
02052009
02052010
02052011
02052530
02052531
02052532
02052533
02052534
02052535
02052536
02052537
02052538
02052539
02052540
02052541
02052542
02052543
02052544
02052545
02052546
02052547
02052548
02052549
02052550
02052551
02052552
02052553
02052554
02061987
02061988
02061989
02061990
02061991
02061992
02061993
02061994
02061995
02061996
02061997
02061998
02061999
02062000
02062001
02062002
02062003
02062004
02062005
02062006
02062007
02062008
02062009
02062010
02062011
02062530
02062531
02062532
02062533
02062534
02062535
02062536
02062537
02062538
02062539
02062540
02062541
02062542
02062543
02062544
02062545
02062546
02062547
02062548
02062549
02062550
02062551
02062552
02062553
02062554
02071987
02071988
02071989
02071990
02071991
02071992
02071993
02071994
02071995
02071996
02071997
02071998
02071999
02072000
02072001
02072002
02072003
02072004
02072005
02072006
02072007
02072008
02072009
02072010
02072011
02072530
02072531
02072532
02072533
02072534
02072535
02072536
02072537
02072538
02072539
02072540
02072541
02072542
02072543
02072544
02072545
02072546
02072547
02072548
02072549
02072550
02072551
02072552
02072553
02072554
02081987
02081988
02081989
02081990
02081991
02081992
02081993
02081994
02081995
02081996
02081997
02081998
02081999
02082000
02082001
02082002
02082003
02082004
02082005
02082006
02082007
02082008
02082009
02082010
02082011
02082530
02082531
02082532
02082533
02082534
02082535
02082536
02082537
02082538
02082539
02082540
02082541
02082542
02082543
02082544
02082545
02082546
02082547
02082548
02082549
02082550
02082551
02082552
02082553
02082554
02091987
02091988
02091989
02091990
02091991
02091992
02091993
02091994
02091995
02091996
02091997
02091998
02091999
02092000
02092001
02092002
02092003
02092004
02092005
02092006
02092007
02092008
02092009
02092010
02092011
02092530
02092531
02092532
02092533
02092534
02092535
02092536
02092537
02092538
02092539
02092540
02092541
02092542
02092543
02092544
02092545
02092546
02092547
02092548
02092549
02092550
02092551
02092552
02092553
02092554
021008776
02101987
02101988
02101989
02101990
02101991
02101992
02101993
02101994
02101995
02101996
02101997
02101998
02101999
02102000
02102001
02102002
02102003
02102004
02102005
02102006
02102007
02102008
02102009
02102010
02102011
02102530
02102531
02102532
02102533
02102534
02102535
02102536
02102537
02102538
02102539
02102540
02102541
02102542
02102543
02102544
02102545
02102546
02102547
02102548
02102549
02102550
02102551
02102552
02102553
02102554
021112641
02111987
02111988
02111989
02111990
02111991
02111992
02111993
02111994
02111995
02111996
02111997
02111998
02111999
02112000
02112001
02112002
02112003
02112004
02112005
02112006
02112007
02112008
02112009
02112010
02112011
02112530
02112531
02112532
02112533
02112534
02112535
02112536
02112537
02112538
02112539
02112540
02112541
02112542
02112543
02112544
02112545
02112546
02112547
02112548
02112549
02112550
02112551
02112552
02112553
02112554
02121987
02121988
02121989
02121990
02121991
02121992
02121993
02121994
02121995
02121996
02121997
02121998
02121999
02122000
02122001
02122002
02122003
02122004
02122005
02122006
02122007
02122008
02122009
02122010
02122011
02122530
02122531
02122532
02122533
02122534
02122535
02122536
02122537
02122538
02122539
02122540
02122541
02122542
02122543
02122544
02122545
02122546
02122547
02122548
02122549
02122550
02122551
02122552
02122553
02122554
021593097
021663969
021868761
022101421
022233156
022291653
022396440
022457898
022518233
022578897
022804277
022840843
022882740
022902121
022948236
023076815
023118169
023222420
023443664
023473525
023646102
023663938
023992386
023996581
023997249
024045473
024186007
024212205
024277373
024278929
024292743
024372355
024506057
024652106
024678570
024823077
024954134
025011398
025060967
025338167
025390924
025412008
025514092
025538356
025627858
025680388
025682227
025697692
025721934
025799280
026015352
026028427
026086040
026369797
026420077
026422139
026469766
026606869
026664364
026730253
026833399
026922309
026922439
027053442
027079403
027123797
027133846
027150737
027253246
027343980
027684072
027758625
027867351
027983454
028282023
028345736
028504760
028540645
028751001
028754141
028827034
028867421
028876459
028925724
029042879
029060062
029132340
029270276
029334928
029373102
029417755
029611629
029688131
029730114
029730284
029745392
029944216
029961899
03011987
03011988
03011989
03011990
03011991
03011992
03011993
03011994
03011995
03011996
03011997
03011998
03011999
03012000
03012001
03012002
03012003
03012004
03012005
03012006
03012007
03012008
03012009
03012010
03012011
03012530
03012531
03012532
03012533
03012534
03012535
03012536
03012537
03012538
03012539
03012540
03012541
03012542
03012543
03012544
03012545
03012546
03012547
03012548
03012549
03012550
03012551
03012552
03012553
03012554
03021987
03021988
03021989
03021990
03021991
03021992
03021993
03021994
03021995
03021996
03021997
03021998
03021999
03022000
03022001
03022002
03022003
03022004
03022005
03022006
03022007
03022008
03022009
03022010
03022011
03022530
03022531
03022532
03022533
03022534
03022535
03022536
03022537
03022538
03022539
03022540
03022541
03022542
03022543
03022544
03022545
03022546
03022547
03022548
03022549
03022550
03022551
03022552
03022553
03022554
03031987
03031988
03031989
03031990
03031991
03031992
03031993
03031994
03031995
03031996
03031997
03031998
03031999
03032000
03032001
03032002
03032003
03032004
03032005
03032006
03032007
03032008
03032009
03032010
03032011
03032530
03032531
03032532
03032533
03032534
03032535
03032536
03032537
03032538
03032539
03032540
03032541
03032542
03032543
03032544
03032545
03032546
03032547
03032548
03032549
03032550
03032551
03032552
03032553
03032554
03041987
03041988
03041989
03041990
03041991
03041992
03041993
03041994
03041995
03041996
03041997
03041998
03041999
03042000
03042001
03042002
03042003
03042004
03042005
03042006
03042007
03042008
03042009
03042010
03042011
03042530
03042531
03042532
03042533
03042534
03042535
03042536
03042537
03042538
03042539
03042540
03042541
03042542
03042543
03042544
03042545
03042546
03042547
03042548
03042549
03042550
03042551
03042552
03042553
03042554
03051987
03051988
03051989
03051990
03051991
03051992
03051993
03051994
03051995
03051996
03051997
03051998
03051999
03052000
03052001
03052002
03052003
03052004
03052005
03052006
03052007
03052008
03052009
03052010
03052011
03052530
03052531
03052532
03052533
03052534
03052535
03052536
03052537
03052538
03052539
03052540
03052541
03052542
03052543
03052544
03052545
03052546
03052547
03052548
03052549
03052550
03052551
03052552
03052553
03052554
03061987
03061988
03061989
03061990
03061991
03061992
03061993
03061994
03061995
03061996
03061997
03061998
03061999
03062000
03062001
03062002
03062003
03062004
03062005
03062006
03062007
03062008
03062009
03062010
03062011
03062530
03062531
03062532
03062533
03062534
03062535
03062536
03062537
03062538
03062539
03062540
03062541
03062542
03062543
03062544
03062545
03062546
03062547
03062548
03062549
03062550
03062551
03062552
03062553
03062554
03071987
03071988
03071989
03071990
03071991
03071992
03071993
03071994
03071995
03071996
03071997
03071998
03071999
03072000
03072001
03072002
03072003
03072004
03072005
03072006
03072007
03072008
03072009
03072010
03072011
03072530
03072531
03072532
03072533
03072534
03072535
03072536
03072537
03072538
03072539
03072540
03072541
03072542
03072543
03072544
03072545
03072546
03072547
03072548
03072549
03072550
03072551
03072552
03072553
03072554
03081987
03081988
03081989
03081990
03081991
03081992
03081993
03081994
03081995
03081996
03081997
03081998
03081999
03082000
03082001
03082002
03082003
03082004
03082005
03082006
03082007
03082008
03082009
03082010
03082011
03082530
03082531
03082532
03082533
03082534
03082535
03082536
03082537
03082538
03082539
03082540
03082541
03082542
03082543
03082544
03082545
03082546
03082547
03082548
03082549
03082550
03082551
03082552
03082553
03082554
03091987
03091988
03091989
03091990
03091991
03091992
03091993
03091994
03091995
03091996
03091997
03091998
03091999
03092000
03092001
03092002
03092003
03092004
03092005
03092006
03092007
03092008
03092009
03092010
03092011
03092530
03092531
03092532
03092533
03092534
03092535
03092536
03092537
03092538
03092539
03092540
03092541
03092542
03092543
03092544
03092545
03092546
03092547
03092548
03092549
03092550
03092551
03092552
03092553
03092554
03101987
03101988
03101989
03101990
03101991
03101992
03101993
03101994
03101995
03101996
03101997
03101998
03101999
03102000
03102001
03102002
03102003
03102004
03102005
03102006
03102007
03102008
03102009
03102010
03102011
03102530
03102531
03102532
03102533
03102534
03102535
03102536
03102537
03102538
03102539
03102540
03102541
03102542
03102543
03102544
03102545
03102546
03102547
03102548
03102549
03102550
03102551
03102552
03102553
03102554
03111987
03111988
03111989
03111990
03111991
03111992
03111993
03111994
03111995
03111996
03111997
03111998
03111999
03112000
03112001
03112002
03112003
03112004
03112005
03112006
03112007
03112008
03112009
03112010
03112011
03112530
03112531
03112532
03112533
03112534
03112535
03112536
03112537
03112538
03112539
03112540
03112541
03112542
03112543
03112544
03112545
03112546
03112547
03112548
03112549
03112550
03112551
03112552
03112553
03112554
03121987
03121988
03121989
03121990
03121991
03121992
03121993
03121994
03121995
03121996
03121997
03121998
03121999
03122000
03122001
03122002
03122003
03122004
03122005
03122006
03122007
03122008
03122009
03122010
03122011
03122530
03122531
03122532
03122533
03122534
03122535
03122536
03122537
03122538
03122539
03122540
03122541
03122542
03122543
03122544
03122545
03122546
03122547
03122548
03122549
03122550
03122551
03122552
03122553
03122554
04011987
04011988
04011989
04011990
04011991
04011992
04011993
04011994
04011995
04011996
04011997
04011998
04011999
04012000
04012001
04012002
04012003
04012004
04012005
04012006
04012007
04012008
04012009
04012010
04012011
04012530
04012531
04012532
04012533
04012534
04012535
04012536
04012537
04012538
04012539
04012540
04012541
04012542
04012543
04012544
04012545
04012546
04012547
04012548
04012549
04012550
04012551
04012552
04012553
04012554
04021987
04021988
04021989
04021990
04021991
04021992
04021993
04021994
04021995
04021996
04021997
04021998
04021999
04022000
04022001
04022002
04022003
04022004
04022005
04022006
04022007
04022008
04022009
04022010
04022011
04022530
04022531
04022532
04022533
04022534
04022535
04022536
04022537
04022538
04022539
04022540
04022541
04022542
04022543
04022544
04022545
04022546
04022547
04022548
04022549
04022550
04022551
04022552
04022553
04022554
04031987
04031988
04031989
04031990
04031991
04031992
04031993
04031994
04031995
04031996
04031997
04031998
04031999
04032000
04032001
04032002
04032003
04032004
04032005
04032006
04032007
04032008
04032009
04032010
04032011
04032530
04032531
04032532
04032533
04032534
04032535
04032536
04032537
04032538
04032539
04032540
04032541
04032542
04032543
04032544
04032545
04032546
04032547
04032548
04032549
04032550
04032551
04032552
04032553
04032554
04041987
04041988
04041989
04041990
04041991
04041992
04041993
04041994
04041995
04041996
04041997
04041998
04041999
04042000
04042001
04042002
04042003
04042004
04042005
04042006
04042007
04042008
04042009
04042010
04042011
04042530
04042531
04042532
04042533
04042534
04042535
04042536
04042537
04042538
04042539
04042540
04042541
04042542
04042543
04042544
04042545
04042546
04042547
04042548
04042549
04042550
04042551
04042552
04042553
04042554
04051987
04051988
04051989
04051990
04051991
04051992
04051993
04051994
04051995
04051996
04051997
04051998
04051999
04052000
04052001
04052002
04052003
04052004
04052005
04052006
04052007
04052008
04052009
04052010
04052011
04052530
04052531
04052532
04052533
04052534
04052535
04052536
04052537
04052538
04052539
04052540
04052541
04052542
04052543
04052544
04052545
04052546
04052547
04052548
04052549
04052550
04052551
04052552
04052553
04052554
04061987
04061988
04061989
04061990
04061991
04061992
04061993
04061994
04061995
04061996
04061997
04061998
04061999
04062000
04062001
04062002
04062003
04062004
04062005
04062006
04062007
04062008
04062009
04062010
04062011
04062530
04062531
04062532
04062533
04062534
04062535
04062536
04062537
04062538
04062539
04062540
04062541
04062542
04062543
04062544
04062545
04062546
04062547
04062548
04062549
04062550
04062551
04062552
04062553
04062554
04071987
04071988
04071989
04071990
04071991
04071992
04071993
04071994
04071995
04071996
04071997
04071998
04071999
04072000
04072001
04072002
04072003
04072004
04072005
04072006
04072007
04072008
04072009
04072010
04072011
04072530
04072531
04072532
04072533
04072534
04072535
04072536
04072537
04072538
04072539
04072540
04072541
04072542
04072543
04072544
04072545
04072546
04072547
04072548
04072549
04072550
04072551
04072552
04072553
04072554
04081987
04081988
04081989
04081990
04081991
04081992
04081993
04081994
04081995
04081996
04081997
04081998
04081999
04082000
04082001
04082002
04082003
04082004
04082005
04082006
04082007
04082008
04082009
04082010
04082011
04082530
04082531
04082532
04082533
04082534
04082535
04082536
04082537
04082538
04082539
04082540
04082541
04082542
04082543
04082544
04082545
04082546
04082547
04082548
04082549
04082550
04082551
04082552
04082553
04082554
04091987
04091988
04091989
04091990
04091991
04091992
04091993
04091994
04091995
04091996
04091997
04091998
04091999
04092000
04092001
04092002
04092003
04092004
04092005
04092006
04092007
04092008
04092009
04092010
04092011
04092530
04092531
04092532
04092533
04092534
04092535
04092536
04092537
04092538
04092539
04092540
04092541
04092542
04092543
04092544
04092545
04092546
04092547
04092548
04092549
04092550
04092551
04092552
04092553
04092554
04101987
04101988
04101989
04101990
04101991
04101992
04101993
04101994
04101995
04101996
04101997
04101998
04101999
04102000
04102001
04102002
04102003
04102004
04102005
04102006
04102007
04102008
04102009
04102010
04102011
04102530
04102531
04102532
04102533
04102534
04102535
04102536
04102537
04102538
04102539
04102540
04102541
04102542
04102543
04102544
04102545
04102546
04102547
04102548
04102549
04102550
04102551
04102552
04102553
04102554
04111987
04111988
04111989
04111990
04111991
04111992
04111993
04111994
04111995
04111996
04111997
04111998
04111999
04112000
04112001
04112002
04112003
04112004
04112005
04112006
04112007
04112008
04112009
04112010
04112011
04112530
04112531
04112532
04112533
04112534
04112535
04112536
04112537
04112538
04112539
04112540
04112541
04112542
04112543
04112544
04112545
04112546
04112547
04112548
04112549
04112550
04112551
04112552
04112553
04112554
04121987
04121988
04121989
04121990
04121991
04121992
04121993
04121994
04121995
04121996
04121997
04121998
04121999
04122000
04122001
04122002
04122003
04122004
04122005
04122006
04122007
04122008
04122009
04122010
04122011
04122530
04122531
04122532
04122533
04122534
04122535
04122536
04122537
04122538
04122539
04122540
04122541
04122542
04122543
04122544
04122545
04122546
04122547
04122548
04122549
04122550
04122551
04122552
04122553
04122554
05011987
05011988
05011989
05011990
05011991
05011992
05011993
05011994
05011995
05011996
05011997
05011998
05011999
05012000
05012001
05012002
05012003
05012004
05012005
05012006
05012007
05012008
05012009
05012010
05012011
05012530
05012531
05012532
05012533
05012534
05012535
05012536
05012537
05012538
05012539
05012540
05012541
05012542
05012543
05012544
05012545
05012546
05012547
05012548
05012549
05012550
05012551
05012552
05012553
05012554
05021987
05021988
05021989
05021990
05021991
05021992
05021993
05021994
05021995
05021996
05021997
05021998
05021999
05022000
05022001
05022002
05022003
05022004
05022005
05022006
05022007
05022008
05022009
05022010
05022011
05022530
05022531
05022532
05022533
05022534
05022535
05022536
05022537
05022538
05022539
05022540
05022541
05022542
05022543
05022544
05022545
05022546
05022547
05022548
05022549
05022550
05022551
05022552
05022553
05022554
05031987
05031988
05031989
05031990
05031991
05031992
05031993
05031994
05031995
05031996
05031997
05031998
05031999
05032000
05032001
05032002
05032003
05032004
05032005
05032006
05032007
05032008
05032009
05032010
05032011
05032530
05032531
05032532
05032533
05032534
05032535
05032536
05032537
05032538
05032539
05032540
05032541
05032542
05032543
05032544
05032545
05032546
05032547
05032548
05032549
05032550
05032551
05032552
05032553
05032554
05041987
05041988
05041989
05041990
05041991
05041992
05041993
05041994
05041995
05041996
05041997
05041998
05041999
05042000
05042001
05042002
05042003
05042004
05042005
05042006
05042007
05042008
05042009
05042010
05042011
05042530
05042531
05042532
05042533
05042534
05042535
05042536
05042537
05042538
05042539
05042540
05042541
05042542
05042543
05042544
05042545
05042546
05042547
05042548
05042549
05042550
05042551
05042552
05042553
05042554
05051987
05051988
05051989
05051990
05051991
05051992
05051993
05051994
05051995
05051996
05051997
05051998
05051999
05052000
05052001
05052002
05052003
05052004
05052005
05052006
05052007
05052008
05052009
05052010
05052011
05052530
05052531
05052532
05052533
05052534
05052535
05052536
05052537
05052538
05052539
05052540
05052541
05052542
05052543
05052544
05052545
05052546
05052547
05052548
05052549
05052550
05052551
05052552
05052553
05052554
05061987
05061988
05061989
05061990
05061991
05061992
05061993
05061994
05061995
05061996
05061997
05061998
05061999
05062000
05062001
05062002
05062003
05062004
05062005
05062006
05062007
05062008
05062009
05062010
05062011
05062530
05062531
05062532
05062533
05062534
05062535
05062536
05062537
05062538
05062539
05062540
05062541
05062542
05062543
05062544
05062545
05062546
05062547
05062548
05062549
05062550
05062551
05062552
05062553
05062554
05071987
05071988
05071989
05071990
05071991
05071992
05071993
05071994
05071995
05071996
05071997
05071998
05071999
05072000
05072001
05072002
05072003
05072004
05072005
05072006
05072007
05072008
05072009
05072010
05072011
05072530
05072531
05072532
05072533
05072534
05072535
05072536
05072537
05072538
05072539
05072540
05072541
05072542
05072543
05072544
05072545
05072546
05072547
05072548
05072549
05072550
05072551
05072552
05072553
05072554
05081987
05081988
05081989
05081990
05081991
05081992
05081993
05081994
05081995
05081996
05081997
05081998
05081999
05082000
05082001
05082002
05082003
05082004
05082005
05082006
05082007
05082008
05082009
05082010
05082011
05082530
05082531
05082532
05082533
05082534
05082535
05082536
05082537
05082538
05082539
05082540
05082541
05082542
05082543
05082544
05082545
05082546
05082547
05082548
05082549
05082550
05082551
05082552
05082553
05082554
05091987
05091988
05091989
05091990
05091991
05091992
05091993
05091994
05091995
05091996
05091997
05091998
05091999
05092000
05092001
05092002
05092003
05092004
05092005
05092006
05092007
05092008
05092009
05092010
05092011
05092530
05092531
05092532
05092533
05092534
05092535
05092536
05092537
05092538
05092539
05092540
05092541
05092542
05092543
05092544
05092545
05092546
05092547
05092548
05092549
05092550
05092551
05092552
05092553
05092554
05101987
05101988
05101989
05101990
05101991
05101992
05101993
05101994
05101995
05101996
05101997
05101998
05101999
05102000
05102001
05102002
05102003
05102004
05102005
05102006
05102007
05102008
05102009
05102010
05102011
05102530
05102531
05102532
05102533
05102534
05102535
05102536
05102537
05102538
05102539
05102540
05102541
05102542
05102543
05102544
05102545
05102546
05102547
05102548
05102549
05102550
05102551
05102552
05102553
05102554
05111987
05111988
05111989
05111990
05111991
05111992
05111993
05111994
05111995
05111996
05111997
05111998
05111999
05112000
05112001
05112002
05112003
05112004
05112005
05112006
05112007
05112008
05112009
05112010
05112011
05112530
05112531
05112532
05112533
05112534
05112535
05112536
05112537
05112538
05112539
05112540
05112541
05112542
05112543
05112544
05112545
05112546
05112547
05112548
05112549
05112550
05112551
05112552
05112553
05112554
05121987
05121988
05121989
05121990
05121991
05121992
05121993
05121994
05121995
05121996
05121997
05121998
05121999
05122000
05122001
05122002
05122003
05122004
05122005
05122006
05122007
05122008
05122009
05122010
05122011
05122530
05122531
05122532
05122533
05122534
05122535
05122536
05122537
05122538
05122539
05122540
05122541
05122542
05122543
05122544
05122545
05122546
05122547
05122548
05122549
05122550
05122551
05122552
05122553
05122554
06011987
06011988
06011989
06011990
06011991
06011992
06011993
06011994
06011995
06011996
06011997
06011998
06011999
06012000
06012001
06012002
06012003
06012004
06012005
06012006
06012007
06012008
06012009
06012010
06012011
06012530
06012531
06012532
06012533
06012534
06012535
06012536
06012537
06012538
06012539
06012540
06012541
06012542
06012543
06012544
06012545
06012546
06012547
06012548
06012549
06012550
06012551
06012552
06012553
06012554
06021987
06021988
06021989
06021990
06021991
06021992
06021993
06021994
06021995
06021996
06021997
06021998
06021999
06022000
06022001
06022002
06022003
06022004
06022005
06022006
06022007
06022008
06022009
06022010
06022011
06022530
06022531
06022532
06022533
06022534
06022535
06022536
06022537
06022538
06022539
06022540
06022541
06022542
06022543
06022544
06022545
06022546
06022547
06022548
06022549
06022550
06022551
06022552
06022553
06022554
06031987
06031988
06031989
06031990
06031991
06031992
06031993
06031994
06031995
06031996
06031997
06031998
06031999
06032000
06032001
06032002
06032003
06032004
06032005
06032006
06032007
06032008
06032009
06032010
06032011
06032530
06032531
06032532
06032533
06032534
06032535
06032536
06032537
06032538
06032539
06032540
06032541
06032542
06032543
06032544
06032545
06032546
06032547
06032548
06032549
06032550
06032551
06032552
06032553
06032554
06041987
06041988
06041989
06041990
06041991
06041992
06041993
06041994
06041995
06041996
06041997
06041998
06041999
06042000
06042001
06042002
06042003
06042004
06042005
06042006
06042007
06042008
06042009
06042010
06042011
06042530
06042531
06042532
06042533
06042534
06042535
06042536
06042537
06042538
06042539
06042540
06042541
06042542
06042543
06042544
06042545
06042546
06042547
06042548
06042549
06042550
06042551
06042552
06042553
06042554
06051987
06051988
06051989
06051990
06051991
06051992
06051993
06051994
06051995
06051996
06051997
06051998
06051999
06052000
06052001
06052002
06052003
06052004
06052005
06052006
06052007
06052008
06052009
06052010
06052011
06052530
06052531
06052532
06052533
06052534
06052535
06052536
06052537
06052538
06052539
06052540
06052541
06052542
06052543
06052544
06052545
06052546
06052547
06052548
06052549
06052550
06052551
06052552
06052553
06052554
06061987
06061988
06061989
06061990
06061991
06061992
06061993
06061994
06061995
06061996
06061997
06061998
06061999
06062000
06062001
06062002
06062003
06062004
06062005
06062006
06062007
06062008
06062009
06062010
06062011
06062530
06062531
06062532
06062533
06062534
06062535
06062536
06062537
06062538
06062539
06062540
06062541
06062542
06062543
06062544
06062545
06062546
06062547
06062548
06062549
06062550
06062551
06062552
06062553
06062554
06071987
06071988
06071989
06071990
06071991
06071992
06071993
06071994
06071995
06071996
06071997
06071998
06071999
06072000
06072001
06072002
06072003
06072004
06072005
06072006
06072007
06072008
06072009
06072010
06072011
06072530
06072531
06072532
06072533
06072534
06072535
06072536
06072537
06072538
06072539
06072540
06072541
06072542
06072543
06072544
06072545
06072546
06072547
06072548
06072549
06072550
06072551
06072552
06072553
06072554
06081987
06081988
06081989
06081990
06081991
06081992
06081993
06081994
06081995
06081996
06081997
06081998
06081999
06082000
06082001
06082002
06082003
06082004
06082005
06082006
06082007
06082008
06082009
06082010
06082011
06082530
06082531
06082532
06082533
06082534
06082535
06082536
06082537
06082538
06082539
06082540
06082541
06082542
06082543
06082544
06082545
06082546
06082547
06082548
06082549
06082550
06082551
06082552
06082553
06082554
06091987
06091988
06091989
06091990
06091991
06091992
06091993
06091994
06091995
06091996
06091997
06091998
06091999
06092000
06092001
06092002
06092003
06092004
06092005
06092006
06092007
06092008
06092009
06092010
06092011
06092530
06092531
06092532
06092533
06092534
06092535
06092536
06092537
06092538
06092539
06092540
06092541
06092542
06092543
06092544
06092545
06092546
06092547
06092548
06092549
06092550
06092551
06092552
06092553
06092554
06101987
06101988
06101989
06101990
06101991
06101992
06101993
06101994
06101995
06101996
06101997
06101998
06101999
06102000
06102001
06102002
06102003
06102004
06102005
06102006
06102007
06102008
06102009
06102010
06102011
06102530
06102531
06102532
06102533
06102534
06102535
06102536
06102537
06102538
06102539
06102540
06102541
06102542
06102543
06102544
06102545
06102546
06102547
06102548
06102549
06102550
06102551
06102552
06102553
06102554
06111987
06111988
06111989
06111990
06111991
06111992
06111993
06111994
06111995
06111996
06111997
06111998
06111999
06112000
06112001
06112002
06112003
06112004
06112005
06112006
06112007
06112008
06112009
06112010
06112011
06112530
06112531
06112532
06112533
06112534
06112535
06112536
06112537
06112538
06112539
06112540
06112541
06112542
06112543
06112544
06112545
06112546
06112547
06112548
06112549
06112550
06112551
06112552
06112553
06112554
06121987
06121988
06121989
06121990
06121991
06121992
06121993
06121994
06121995
06121996
06121997
06121998
06121999
06122000
06122001
06122002
06122003
06122004
06122005
06122006
06122007
06122008
06122009
06122010
06122011
06122530
06122531
06122532
06122533
06122534
06122535
06122536
06122537
06122538
06122539
06122540
06122541
06122542
06122543
06122544
06122545
06122546
06122547
06122548
06122549
06122550
06122551
06122552
06122553
06122554
07011987
07011988
07011989
07011990
07011991
07011992
07011993
07011994
07011995
07011996
07011997
07011998
07011999
07012000
07012001
07012002
07012003
07012004
07012005
07012006
07012007
07012008
07012009
07012010
07012011
07012530
07012531
07012532
07012533
07012534
07012535
07012536
07012537
07012538
07012539
07012540
07012541
07012542
07012543
07012544
07012545
07012546
07012547
07012548
07012549
07012550
07012551
07012552
07012553
07012554
07021987
07021988
07021989
07021990
07021991
07021992
07021993
07021994
07021995
07021996
07021997
07021998
07021999
07022000
07022001
07022002
07022003
07022004
07022005
07022006
07022007
07022008
07022009
07022010
07022011
07022530
07022531
07022532
07022533
07022534
07022535
07022536
07022537
07022538
07022539
07022540
07022541
07022542
07022543
07022544
07022545
07022546
07022547
07022548
07022549
07022550
07022551
07022552
07022553
07022554
07031987
07031988
07031989
07031990
07031991
07031992
07031993
07031994
07031995
07031996
07031997
07031998
07031999
07032000
07032001
07032002
07032003
07032004
07032005
07032006
07032007
07032008
07032009
07032010
07032011
07032530
07032531
07032532
07032533
07032534
07032535
07032536
07032537
07032538
07032539
07032540
07032541
07032542
07032543
07032544
07032545
07032546
07032547
07032548
07032549
07032550
07032551
07032552
07032553
07032554
07041987
07041988
07041989
07041990
07041991
07041992
07041993
07041994
07041995
07041996
07041997
07041998
07041999
07042000
07042001
07042002
07042003
07042004
07042005
07042006
07042007
07042008
07042009
07042010
07042011
07042530
07042531
07042532
07042533
07042534
07042535
07042536
07042537
07042538
07042539
07042540
07042541
07042542
07042543
07042544
07042545
07042546
07042547
07042548
07042549
07042550
07042551
07042552
07042553
07042554
07051987
07051988
07051989
07051990
07051991
07051992
07051993
07051994
07051995
07051996
07051997
07051998
07051999
07052000
07052001
07052002
07052003
07052004
07052005
07052006
07052007
07052008
07052009
07052010
07052011
07052530
07052531
07052532
07052533
07052534
07052535
07052536
07052537
07052538
07052539
07052540
07052541
07052542
07052543
07052544
07052545
07052546
07052547
07052548
07052549
07052550
07052551
07052552
07052553
07052554
07061987
07061988
07061989
07061990
07061991
07061992
07061993
07061994
07061995
07061996
07061997
07061998
07061999
07062000
07062001
07062002
07062003
07062004
07062005
07062006
07062007
07062008
07062009
07062010
07062011
07062530
07062531
07062532
07062533
07062534
07062535
07062536
07062537
07062538
07062539
07062540
07062541
07062542
07062543
07062544
07062545
07062546
07062547
07062548
07062549
07062550
07062551
07062552
07062553
07062554
07071987
07071988
07071989
07071990
07071991
07071992
07071993
07071994
07071995
07071996
07071997
07071998
07071999
07072000
07072001
07072002
07072003
07072004
07072005
07072006
07072007
07072008
07072009
07072010
07072011
07072530
07072531
07072532
07072533
07072534
07072535
07072536
07072537
07072538
07072539
07072540
07072541
07072542
07072543
07072544
07072545
07072546
07072547
07072548
07072549
07072550
07072551
07072552
07072553
07072554
07081987
07081988
07081989
07081990
07081991
07081992
07081993
07081994
07081995
07081996
07081997
07081998
07081999
07082000
07082001
07082002
07082003
07082004
07082005
07082006
07082007
07082008
07082009
07082010
07082011
07082530
07082531
07082532
07082533
07082534
07082535
07082536
07082537
07082538
07082539
07082540
07082541
07082542
07082543
07082544
07082545
07082546
07082547
07082548
07082549
07082550
07082551
07082552
07082553
07082554
07091987
07091988
07091989
07091990
07091991
07091992
07091993
07091994
07091995
07091996
07091997
07091998
07091999
07092000
07092001
07092002
07092003
07092004
07092005
07092006
07092007
07092008
07092009
07092010
07092011
07092530
07092531
07092532
07092533
07092534
07092535
07092536
07092537
07092538
07092539
07092540
07092541
07092542
07092543
07092544
07092545
07092546
07092547
07092548
07092549
07092550
07092551
07092552
07092553
07092554
07101987
07101988
07101989
07101990
07101991
07101992
07101993
07101994
07101995
07101996
07101997
07101998
07101999
07102000
07102001
07102002
07102003
07102004
07102005
07102006
07102007
07102008
07102009
07102010
07102011
07102530
07102531
07102532
07102533
07102534
07102535
07102536
07102537
07102538
07102539
07102540
07102541
07102542
07102543
07102544
07102545
07102546
07102547
07102548
07102549
07102550
07102551
07102552
07102553
07102554
07111987
07111988
07111989
07111990
07111991
07111992
07111993
07111994
07111995
07111996
07111997
07111998
07111999
07112000
07112001
07112002
07112003
07112004
07112005
07112006
07112007
07112008
07112009
07112010
07112011
07112530
07112531
07112532
07112533
07112534
07112535
07112536
07112537
07112538
07112539
07112540
07112541
07112542
07112543
07112544
07112545
07112546
07112547
07112548
07112549
07112550
07112551
07112552
07112553
07112554
07121987
07121988
07121989
07121990
07121991
07121992
07121993
07121994
07121995
07121996
07121997
07121998
07121999
07122000
07122001
07122002
07122003
07122004
07122005
07122006
07122007
07122008
07122009
07122010
07122011
07122530
07122531
07122532
07122533
07122534
07122535
07122536
07122537
07122538
07122539
07122540
07122541
07122542
07122543
07122544
07122545
07122546
07122547
07122548
07122549
07122550
07122551
07122552
07122553
07122554
08011987
08011988
08011989
08011990
08011991
08011992
08011993
08011994
08011995
08011996
08011997
08011998
08011999
08012000
08012001
08012002
08012003
08012004
08012005
08012006
08012007
08012008
08012009
08012010
08012011
08012530
08012531
08012532
08012533
08012534
08012535
08012536
08012537
08012538
08012539
08012540
08012541
08012542
08012543
08012544
08012545
08012546
08012547
08012548
08012549
08012550
08012551
08012552
08012553
08012554
08021987
08021988
08021989
08021990
08021991
08021992
08021993
08021994
08021995
08021996
08021997
08021998
08021999
08022000
08022001
08022002
08022003
08022004
08022005
08022006
08022007
08022008
08022009
08022010
08022011
08022530
08022531
08022532
08022533
08022534
08022535
08022536
08022537
08022538
08022539
08022540
08022541
08022542
08022543
08022544
08022545
08022546
08022547
08022548
08022549
08022550
08022551
08022552
08022553
08022554
08031987
08031988
08031989
08031990
08031991
08031992
08031993
08031994
08031995
08031996
08031997
08031998
08031999
08032000
08032001
08032002
08032003
08032004
08032005
08032006
08032007
08032008
08032009
08032010
08032011
08032530
08032531
08032532
08032533
08032534
08032535
08032536
08032537
08032538
08032539
08032540
08032541
08032542
08032543
08032544
08032545
08032546
08032547
08032548
08032549
08032550
08032551
08032552
08032553
08032554
08041987
08041988
08041989
08041990
08041991
08041992
08041993
08041994
08041995
08041996
08041997
08041998
08041999
08042000
08042001
08042002
08042003
08042004
08042005
08042006
08042007
08042008
08042009
08042010
08042011
08042530
08042531
08042532
08042533
08042534
08042535
08042536
08042537
08042538
08042539
08042540
08042541
08042542
08042543
08042544
08042545
08042546
08042547
08042548
08042549
08042550
08042551
08042552
08042553
08042554
08051987
08051988
08051989
08051990
08051991
08051992
08051993
08051994
08051995
08051996
08051997
08051998
08051999
08052000
08052001
08052002
08052003
08052004
08052005
08052006
08052007
08052008
08052009
08052010
08052011
08052530
08052531
08052532
08052533
08052534
08052535
08052536
08052537
08052538
08052539
08052540
08052541
08052542
08052543
08052544
08052545
08052546
08052547
08052548
08052549
08052550
08052551
08052552
08052553
08052554
08061987
08061988
08061989
08061990
08061991
08061992
08061993
08061994
08061995
08061996
08061997
08061998
08061999
08062000
08062001
08062002
08062003
08062004
08062005
08062006
08062007
08062008
08062009
08062010
08062011
08062530
08062531
08062532
08062533
08062534
08062535
08062536
08062537
08062538
08062539
08062540
08062541
08062542
08062543
08062544
08062545
08062546
08062547
08062548
08062549
08062550
08062551
08062552
08062553
08062554
08071987
08071988
08071989
08071990
08071991
08071992
08071993
08071994
08071995
08071996
08071997
08071998
08071999
08072000
08072001
08072002
08072003
08072004
08072005
08072006
08072007
08072008
08072009
08072010
08072011
08072530
08072531
08072532
08072533
08072534
08072535
08072536
08072537
08072538
08072539
08072540
08072541
08072542
08072543
08072544
08072545
08072546
08072547
08072548
08072549
08072550
08072551
08072552
08072553
08072554
08081987
08081988
08081989
08081990
08081991
08081992
08081993
08081994
08081995
08081996
08081997
08081998
08081999
08082000
08082001
08082002
08082003
08082004
08082005
08082006
08082007
08082008
08082009
08082010
08082011
08082530
08082531
08082532
08082533
08082534
08082535
08082536
08082537
08082538
08082539
08082540
08082541
08082542
08082543
08082544
08082545
08082546
08082547
08082548
08082549
08082550
08082551
08082552
08082553
08082554
08091987
08091988
08091989
08091990
08091991
08091992
08091993
08091994
08091995
08091996
08091997
08091998
08091999
08092000
08092001
08092002
08092003
08092004
08092005
08092006
08092007
08092008
08092009
08092010
08092011
08092530
08092531
08092532
08092533
08092534
08092535
08092536
08092537
08092538
08092539
08092540
08092541
08092542
08092543
08092544
08092545
08092546
08092547
08092548
08092549
08092550
08092551
08092552
08092553
08092554
08101987
08101988
08101989
08101990
08101991
08101992
08101993
08101994
08101995
08101996
08101997
08101998
08101999
08102000
08102001
08102002
08102003
08102004
08102005
08102006
08102007
08102008
08102009
08102010
08102011
08102530
08102531
08102532
08102533
08102534
08102535
08102536
08102537
08102538
08102539
08102540
08102541
08102542
08102543
08102544
08102545
08102546
08102547
08102548
08102549
08102550
08102551
08102552
08102553
08102554
08111987
08111988
08111989
08111990
08111991
08111992
08111993
08111994
08111995
08111996
08111997
08111998
08111999
08112000
08112001
08112002
08112003
08112004
08112005
08112006
08112007
08112008
08112009
08112010
08112011
08112530
08112531
08112532
08112533
08112534
08112535
08112536
08112537
08112538
08112539
08112540
08112541
08112542
08112543
08112544
08112545
08112546
08112547
08112548
08112549
08112550
08112551
08112552
08112553
08112554
08121987
08121988
08121989
08121990
08121991
08121992
08121993
08121994
08121995
08121996
08121997
08121998
08121999
08122000
08122001
08122002
08122003
08122004
08122005
08122006
08122007
08122008
08122009
08122010
08122011
08122530
08122531
08122532
08122533
08122534
08122535
08122536
08122537
08122538
08122539
08122540
08122541
08122542
08122543
08122544
08122545
08122546
08122547
08122548
08122549
08122550
08122551
08122552
08122553
08122554
09011987
09011988
09011989
09011990
09011991
09011992
09011993
09011994
09011995
09011996
09011997
09011998
09011999
09012000
09012001
09012002
09012003
09012004
09012005
09012006
09012007
09012008
09012009
09012010
09012011
09012530
09012531
09012532
09012533
09012534
09012535
09012536
09012537
09012538
09012539
09012540
09012541
09012542
09012543
09012544
09012545
09012546
09012547
09012548
09012549
09012550
09012551
09012552
09012553
09012554
09021987
09021988
09021989
09021990
09021991
09021992
09021993
09021994
09021995
09021996
09021997
09021998
09021999
09022000
09022001
09022002
09022003
09022004
09022005
09022006
09022007
09022008
09022009
09022010
09022011
09022530
09022531
09022532
09022533
09022534
09022535
09022536
09022537
09022538
09022539
09022540
09022541
09022542
09022543
09022544
09022545
09022546
09022547
09022548
09022549
09022550
09022551
09022552
09022553
09022554
09031987
09031988
09031989
09031990
09031991
09031992
09031993
09031994
09031995
09031996
09031997
09031998
09031999
09032000
09032001
09032002
09032003
09032004
09032005
09032006
09032007
09032008
09032009
09032010
09032011
09032530
09032531
09032532
09032533
09032534
09032535
09032536
09032537
09032538
09032539
09032540
09032541
09032542
09032543
09032544
09032545
09032546
09032547
09032548
09032549
09032550
09032551
09032552
09032553
09032554
09041987
09041988
09041989
09041990
09041991
09041992
09041993
09041994
09041995
09041996
09041997
09041998
09041999
09042000
09042001
09042002
09042003
09042004
09042005
09042006
09042007
09042008
09042009
09042010
09042011
09042530
09042531
09042532
09042533
09042534
09042535
09042536
09042537
09042538
09042539
09042540
09042541
09042542
09042543
09042544
09042545
09042546
09042547
09042548
09042549
09042550
09042551
09042552
09042553
09042554
09051987
09051988
09051989
09051990
09051991
09051992
09051993
09051994
09051995
09051996
09051997
09051998
09051999
09052000
09052001
09052002
09052003
09052004
09052005
09052006
09052007
09052008
09052009
09052010
09052011
09052530
09052531
09052532
09052533
09052534
09052535
09052536
09052537
09052538
09052539
09052540
09052541
09052542
09052543
09052544
09052545
09052546
09052547
09052548
09052549
09052550
09052551
09052552
09052553
09052554
09061987
09061988
09061989
09061990
09061991
09061992
09061993
09061994
09061995
09061996
09061997
09061998
09061999
09062000
09062001
09062002
09062003
09062004
09062005
09062006
09062007
09062008
09062009
09062010
09062011
09062530
09062531
09062532
09062533
09062534
09062535
09062536
09062537
09062538
09062539
09062540
09062541
09062542
09062543
09062544
09062545
09062546
09062547
09062548
09062549
09062550
09062551
09062552
09062553
09062554
09071987
09071988
09071989
09071990
09071991
09071992
09071993
09071994
09071995
09071996
09071997
09071998
09071999
09072000
09072001
09072002
09072003
09072004
09072005
09072006
09072007
09072008
09072009
09072010
09072011
09072530
09072531
09072532
09072533
09072534
09072535
09072536
09072537
09072538
09072539
09072540
09072541
09072542
09072543
09072544
09072545
09072546
09072547
09072548
09072549
09072550
09072551
09072552
09072553
09072554
09081987
09081988
09081989
09081990
09081991
09081992
09081993
09081994
09081995
09081996
09081997
09081998
09081999
09082000
09082001
09082002
09082003
09082004
09082005
09082006
09082007
09082008
09082009
09082010
09082011
09082530
09082531
09082532
09082533
09082534
09082535
09082536
09082537
09082538
09082539
09082540
09082541
09082542
09082543
09082544
09082545
09082546
09082547
09082548
09082549
09082550
09082551
09082552
09082553
09082554
09091987
09091988
09091989
09091990
09091991
09091992
09091993
09091994
09091995
09091996
09091997
09091998
09091999
09092000
09092001
09092002
09092003
09092004
09092005
09092006
09092007
09092008
09092009
09092010
09092011
09092530
09092531
09092532
09092533
09092534
09092535
09092536
09092537
09092538
09092539
09092540
09092541
09092542
09092543
09092544
09092545
09092546
09092547
09092548
09092549
09092550
09092551
09092552
09092553
09092554
09101987
09101988
09101989
09101990
09101991
09101992
09101993
09101994
09101995
09101996
09101997
09101998
09101999
09102000
09102001
09102002
09102003
09102004
09102005
09102006
09102007
09102008
09102009
09102010
09102011
09102530
09102531
09102532
09102533
09102534
09102535
09102536
09102537
09102538
09102539
09102540
09102541
09102542
09102543
09102544
09102545
09102546
09102547
09102548
09102549
09102550
09102551
09102552
09102553
09102554
09111987
09111988
09111989
09111990
09111991
09111992
09111993
09111994
09111995
09111996
09111997
09111998
09111999
09112000
09112001
09112002
09112003
09112004
09112005
09112006
09112007
09112008
09112009
09112010
09112011
09112530
09112531
09112532
09112533
09112534
09112535
09112536
09112537
09112538
09112539
09112540
09112541
09112542
09112543
09112544
09112545
09112546
09112547
09112548
09112549
09112550
09112551
09112552
09112553
09112554
09121987
09121988
09121989
09121990
09121991
09121992
09121993
09121994
09121995
09121996
09121997
09121998
09121999
09122000
09122001
09122002
09122003
09122004
09122005
09122006
09122007
09122008
09122009
09122010
09122011
09122530
09122531
09122532
09122533
09122534
09122535
09122536
09122537
09122538
09122539
09122540
09122541
09122542
09122543
09122544
09122545
09122546
09122547
09122548
09122549
09122550
09122551
09122552
09122553
09122554
0987654321
10011987
10011988
10011989
10011990
10011991
10011992
10011993
10011994
10011995
10011996
10011997
10011998
10011999
10012000
10012001
10012002
10012003
10012004
10012005
10012006
10012007
10012008
10012009
10012010
10012011
10012530
10012531
10012532
10012533
10012534
10012535
10012536
10012537
10012538
10012539
10012540
10012541
10012542
10012543
10012544
10012545
10012546
10012547
10012548
10012549
10012550
10012551
10012552
10012553
10012554
10021987
10021988
10021989
10021990
10021991
10021992
10021993
10021994
10021995
10021996
10021997
10021998
10021999
10022000
10022001
10022002
10022003
10022004
10022005
10022006
10022007
10022008
10022009
10022010
10022011
10022530
10022531
10022532
10022533
10022534
10022535
10022536
10022537
10022538
10022539
10022540
10022541
10022542
10022543
10022544
10022545
10022546
10022547
10022548
10022549
10022550
10022551
10022552
10022553
10022554
10031987
10031988
10031989
10031990
10031991
10031992
10031993
10031994
10031995
10031996
10031997
10031998
10031999
10032000
10032001
10032002
10032003
10032004
10032005
10032006
10032007
10032008
10032009
10032010
10032011
10032530
10032531
10032532
10032533
10032534
10032535
10032536
10032537
10032538
10032539
10032540
10032541
10032542
10032543
10032544
10032545
10032546
10032547
10032548
10032549
10032550
10032551
10032552
10032553
10032554
10041987
10041988
10041989
10041990
10041991
10041992
10041993
10041994
10041995
10041996
10041997
10041998
10041999
10042000
10042001
10042002
10042003
10042004
10042005
10042006
10042007
10042008
10042009
10042010
10042011
10042530
10042531
10042532
10042533
10042534
10042535
10042536
10042537
10042538
10042539
10042540
10042541
10042542
10042543
10042544
10042545
10042546
10042547
10042548
10042549
10042550
10042551
10042552
10042553
10042554
10051987
10051988
10051989
10051990
10051991
10051992
10051993
10051994
10051995
10051996
10051997
10051998
10051999
10052000
10052001
10052002
10052003
10052004
10052005
10052006
10052007
10052008
10052009
10052010
10052011
10052530
10052531
10052532
10052533
10052534
10052535
10052536
10052537
10052538
10052539
10052540
10052541
10052542
10052543
10052544
10052545
10052546
10052547
10052548
10052549
10052550
10052551
10052552
10052553
10052554
10061987
10061988
10061989
10061990
10061991
10061992
10061993
10061994
10061995
10061996
10061997
10061998
10061999
10062000
10062001
10062002
10062003
10062004
10062005
10062006
10062007
10062008
10062009
10062010
10062011
10062530
10062531
10062532
10062533
10062534
10062535
10062536
10062537
10062538
10062539
10062540
10062541
10062542
10062543
10062544
10062545
10062546
10062547
10062548
10062549
10062550
10062551
10062552
10062553
10062554
10071987
10071988
10071989
10071990
10071991
10071992
10071993
10071994
10071995
10071996
10071997
10071998
10071999
10072000
10072001
10072002
10072003
10072004
10072005
10072006
10072007
10072008
10072009
10072010
10072011
10072530
10072531
10072532
10072533
10072534
10072535
10072536
10072537
10072538
10072539
10072540
10072541
10072542
10072543
10072544
10072545
10072546
10072547
10072548
10072549
10072550
10072551
10072552
10072553
10072554
10081987
10081988
10081989
10081990
10081991
10081992
10081993
10081994
10081995
10081996
10081997
10081998
10081999
10082000
10082001
10082002
10082003
10082004
10082005
10082006
10082007
10082008
10082009
10082010
10082011
10082530
10082531
10082532
10082533
10082534
10082535
10082536
10082537
10082538
10082539
10082540
10082541
10082542
10082543
10082544
10082545
10082546
10082547
10082548
10082549
10082550
10082551
10082552
10082553
10082554
10091987
10091988
10091989
10091990
10091991
10091992
10091993
10091994
10091995
10091996
10091997
10091998
10091999
10092000
10092001
10092002
10092003
10092004
10092005
10092006
10092007
10092008
10092009
10092010
10092011
10092530
10092531
10092532
10092533
10092534
10092535
10092536
10092537
10092538
10092539
10092540
10092541
10092542
10092543
10092544
10092545
10092546
10092547
10092548
10092549
10092550
10092551
10092552
10092553
10092554
10101010
10101987
10101988
10101989
10101990
10101991
10101992
10101993
10101994
10101995
10101996
10101997
10101998
10101999
10102000
10102001
10102002
10102003
10102004
10102005
10102006
10102007
10102008
10102009
10102010
10102011
10102530
10102531
10102532
10102533
10102534
10102535
10102536
10102537
10102538
10102539
10102540
10102541
10102542
10102543
10102544
10102545
10102546
10102547
10102548
10102549
10102550
10102551
10102552
10102553
10102554
10111987
10111988
10111989
10111990
10111991
10111992
10111993
10111994
10111995
10111996
10111997
10111998
10111999
10112000
10112001
10112002
10112003
10112004
10112005
10112006
10112007
10112008
10112009
10112010
10112011
10112530
10112531
10112532
10112533
10112534
10112535
10112536
10112537
10112538
10112539
10112540
10112541
10112542
10112543
10112544
10112545
10112546
10112547
10112548
10112549
10112550
10112551
10112552
10112553
10112554
10121987
10121988
10121989
10121990
10121991
10121992
10121993
10121994
10121995
10121996
10121997
10121998
10121999
10122000
10122001
10122002
10122003
10122004
10122005
10122006
10122007
10122008
10122009
10122010
10122011
10122530
10122531
10122532
10122533
10122534
10122535
10122536
10122537
10122538
10122539
10122540
10122541
10122542
10122543
10122544
10122545
10122546
10122547
10122548
10122549
10122550
10122551
10122552
10122553
10122554
11011987
11011988
11011989
11011990
11011991
11011992
11011993
11011994
11011995
11011996
11011997
11011998
11011999
11012000
11012001
11012002
11012003
11012004
11012005
11012006
11012007
11012008
11012009
11012010
11012011
11012530
11012531
11012532
11012533
11012534
11012535
11012536
11012537
11012538
11012539
11012540
11012541
11012542
11012543
11012544
11012545
11012546
11012547
11012548
11012549
11012550
11012551
11012552
11012553
11012554
11021987
11021988
11021989
11021990
11021991
11021992
11021993
11021994
11021995
11021996
11021997
11021998
11021999
11022000
11022001
11022002
11022003
11022004
11022005
11022006
11022007
11022008
11022009
11022010
11022011
11022530
11022531
11022532
11022533
11022534
11022535
11022536
11022537
11022538
11022539
11022540
11022541
11022542
11022543
11022544
11022545
11022546
11022547
11022548
11022549
11022550
11022551
11022552
11022553
11022554
11031987
11031988
11031989
11031990
11031991
11031992
11031993
11031994
11031995
11031996
11031997
11031998
11031999
11032000
11032001
11032002
11032003
11032004
11032005
11032006
11032007
11032008
11032009
11032010
11032011
11032530
11032531
11032532
11032533
11032534
11032535
11032536
11032537
11032538
11032539
11032540
11032541
11032542
11032543
11032544
11032545
11032546
11032547
11032548
11032549
11032550
11032551
11032552
11032553
11032554
11041987
11041988
11041989
11041990
11041991
11041992
11041993
11041994
11041995
11041996
11041997
11041998
11041999
11042000
11042001
11042002
11042003
11042004
11042005
11042006
11042007
11042008
11042009
11042010
11042011
11042530
11042531
11042532
11042533
11042534
11042535
11042536
11042537
11042538
11042539
11042540
11042541
11042542
11042543
11042544
11042545
11042546
11042547
11042548
11042549
11042550
11042551
11042552
11042553
11042554
11051987
11051988
11051989
11051990
11051991
11051992
11051993
11051994
11051995
11051996
11051997
11051998
11051999
11052000
11052001
11052002
11052003
11052004
11052005
11052006
11052007
11052008
11052009
11052010
11052011
11052530
11052531
11052532
11052533
11052534
11052535
11052536
11052537
11052538
11052539
11052540
11052541
11052542
11052543
11052544
11052545
11052546
11052547
11052548
11052549
11052550
11052551
11052552
11052553
11052554
11061987
11061988
11061989
11061990
11061991
11061992
11061993
11061994
11061995
11061996
11061997
11061998
11061999
11062000
11062001
11062002
11062003
11062004
11062005
11062006
11062007
11062008
11062009
11062010
11062011
11062530
11062531
11062532
11062533
11062534
11062535
11062536
11062537
11062538
11062539
11062540
11062541
11062542
11062543
11062544
11062545
11062546
11062547
11062548
11062549
11062550
11062551
11062552
11062553
11062554
11071987
11071988
11071989
11071990
11071991
11071992
11071993
11071994
11071995
11071996
11071997
11071998
11071999
11072000
11072001
11072002
11072003
11072004
11072005
11072006
11072007
11072008
11072009
11072010
11072011
11072530
11072531
11072532
11072533
11072534
11072535
11072536
11072537
11072538
11072539
11072540
11072541
11072542
11072543
11072544
11072545
11072546
11072547
11072548
11072549
11072550
11072551
11072552
11072553
11072554
11081987
11081988
11081989
11081990
11081991
11081992
11081993
11081994
11081995
11081996
11081997
11081998
11081999
11082000
11082001
11082002
11082003
11082004
11082005
11082006
11082007
11082008
11082009
11082010
11082011
11082530
11082531
11082532
11082533
11082534
11082535
11082536
11082537
11082538
11082539
11082540
11082541
11082542
11082543
11082544
11082545
11082546
11082547
11082548
11082549
11082550
11082551
11082552
11082553
11082554
11091987
11091988
11091989
11091990
11091991
11091992
11091993
11091994
11091995
11091996
11091997
11091998
11091999
11092000
11092001
11092002
11092003
11092004
11092005
11092006
11092007
11092008
11092009
11092010
11092011
11092530
11092531
11092532
11092533
11092534
11092535
11092536
11092537
11092538
11092539
11092540
11092541
11092542
11092543
11092544
11092545
11092546
11092547
11092548
11092549
11092550
11092551
11092552
11092553
11092554
11101987
11101988
11101989
11101990
11101991
11101992
11101993
11101994
11101995
11101996
11101997
11101998
11101999
11102000
11102001
11102002
11102003
11102004
11102005
11102006
11102007
11102008
11102009
11102010
11102011
11102530
11102531
11102532
11102533
11102534
11102535
11102536
11102537
11102538
11102539
11102540
11102541
11102542
11102543
11102544
11102545
11102546
11102547
11102548
11102549
11102550
11102551
11102552
11102553
11102554
11111111
111111111
1111111111
11111987
11111988
11111989
11111990
11111991
11111992
11111993
11111994
11111995
11111996
11111997
11111998
11111999
11112000
11112001
11112002
11112003
11112004
11112005
11112006
11112007
11112008
11112009
11112010
11112011
11112530
11112531
11112532
11112533
11112534
11112535
11112536
11112537
11112538
11112539
11112540
11112541
11112542
11112543
11112544
11112545
11112546
11112547
11112548
11112549
11112550
11112551
11112552
11112553
11112554
11121987
11121988
11121989
11121990
11121991
11121992
11121993
11121994
11121995
11121996
11121997
11121998
11121999
11122000
11122001
11122002
11122003
11122004
11122005
11122006
11122007
11122008
11122009
11122010
11122011
11122530
11122531
11122532
11122533
11122534
11122535
11122536
11122537
11122538
11122539
11122540
11122541
11122542
11122543
11122544
11122545
11122546
11122547
11122548
11122549
11122550
11122551
11122552
11122553
11122554
11223344
12011987
12011988
12011989
12011990
12011991
12011992
12011993
12011994
12011995
12011996
12011997
12011998
12011999
12012000
12012001
12012002
12012003
12012004
12012005
12012006
12012007
12012008
12012009
12012010
12012011
12012530
12012531
12012532
12012533
12012534
12012535
12012536
12012537
12012538
12012539
12012540
12012541
12012542
12012543
12012544
12012545
12012546
12012547
12012548
12012549
12012550
12012551
12012552
12012553
12012554
12021987
12021988
12021989
12021990
12021991
12021992
12021993
12021994
12021995
12021996
12021997
12021998
12021999
12022000
12022001
12022002
12022003
12022004
12022005
12022006
12022007
12022008
12022009
12022010
12022011
12022530
12022531
12022532
12022533
12022534
12022535
12022536
12022537
12022538
12022539
12022540
12022541
12022542
12022543
12022544
12022545
12022546
12022547
12022548
12022549
12022550
12022551
12022552
12022553
12022554
12031987
12031988
12031989
12031990
12031991
12031992
12031993
12031994
12031995
12031996
12031997
12031998
12031999
12032000
12032001
12032002
12032003
12032004
12032005
12032006
12032007
12032008
12032009
12032010
12032011
12032530
12032531
12032532
12032533
12032534
12032535
12032536
12032537
12032538
12032539
12032540
12032541
12032542
12032543
12032544
12032545
12032546
12032547
12032548
12032549
12032550
12032551
12032552
12032553
12032554
12041987
12041988
12041989
12041990
12041991
12041992
12041993
12041994
12041995
12041996
12041997
12041998
12041999
12042000
12042001
12042002
12042003
12042004
12042005
12042006
12042007
12042008
12042009
12042010
12042011
12042530
12042531
12042532
12042533
12042534
12042535
12042536
12042537
12042538
12042539
12042540
12042541
12042542
12042543
12042544
12042545
12042546
12042547
12042548
12042549
12042550
12042551
12042552
12042553
12042554
12051987
12051988
12051989
12051990
12051991
12051992
12051993
12051994
12051995
12051996
12051997
12051998
12051999
12052000
12052001
12052002
12052003
12052004
12052005
12052006
12052007
12052008
12052009
12052010
12052011
12052530
12052531
12052532
12052533
12052534
12052535
12052536
12052537
12052538
12052539
12052540
12052541
12052542
12052543
12052544
12052545
12052546
12052547
12052548
12052549
12052550
12052551
12052552
12052553
12052554
12061987
12061988
12061989
12061990
12061991
12061992
12061993
12061994
12061995
12061996
12061997
12061998
12061999
12062000
12062001
12062002
12062003
12062004
12062005
12062006
12062007
12062008
12062009
12062010
12062011
12062530
12062531
12062532
12062533
12062534
12062535
12062536
12062537
12062538
12062539
12062540
12062541
12062542
12062543
12062544
12062545
12062546
12062547
12062548
12062549
12062550
12062551
12062552
12062553
12062554
12071987
12071988
12071989
12071990
12071991
12071992
12071993
12071994
12071995
12071996
12071997
12071998
12071999
12072000
12072001
12072002
12072003
12072004
12072005
12072006
12072007
12072008
12072009
12072010
12072011
12072530
12072531
12072532
12072533
12072534
12072535
12072536
12072537
12072538
12072539
12072540
12072541
12072542
12072543
12072544
12072545
12072546
12072547
12072548
12072549
12072550
12072551
12072552
12072553
12072554
12081987
12081988
12081989
12081990
12081991
12081992
12081993
12081994
12081995
12081996
12081997
12081998
12081999
12082000
12082001
12082002
12082003
12082004
12082005
12082006
12082007
12082008
12082009
12082010
12082011
12082530
12082531
12082532
12082533
12082534
12082535
12082536
12082537
12082538
12082539
12082540
12082541
12082542
12082543
12082544
12082545
12082546
12082547
12082548
12082549
12082550
12082551
12082552
12082553
12082554
12091987
12091988
12091989
12091990
12091991
12091992
12091993
12091994
12091995
12091996
12091997
12091998
12091999
12092000
12092001
12092002
12092003
12092004
12092005
12092006
12092007
12092008
12092009
12092010
12092011
12092530
12092531
12092532
12092533
12092534
12092535
12092536
12092537
12092538
12092539
12092540
12092541
12092542
12092543
12092544
12092545
12092546
12092547
12092548
12092549
12092550
12092551
12092552
12092553
12092554
12101987
12101988
12101989
12101990
12101991
12101992
12101993
12101994
12101995
12101996
12101997
12101998
12101999
12102000
12102001
12102002
12102003
12102004
12102005
12102006
12102007
12102008
12102009
12102010
12102011
12102530
12102531
12102532
12102533
12102534
12102535
12102536
12102537
12102538
12102539
12102540
12102541
12102542
12102543
12102544
12102545
12102546
12102547
12102548
12102549
12102550
12102551
12102552
12102553
12102554
12111987
12111988
12111989
12111990
12111991
12111992
12111993
12111994
12111995
12111996
12111997
12111998
12111999
12112000
12112001
12112002
12112003
12112004
12112005
12112006
12112007
12112008
12112009
12112010
12112011
12112530
12112531
12112532
12112533
12112534
12112535
12112536
12112537
12112538
12112539
12112540
12112541
12112542
12112543
12112544
12112545
12112546
12112547
12112548
12112549
12112550
12112551
12112552
12112553
12112554
12121212
12121987
12121988
12121989
12121990
12121991
12121992
12121993
12121994
12121995
12121996
12121997
12121998
12121999
12122000
12122001
12122002
12122003
12122004
12122005
12122006
12122007
12122008
12122009
12122010
12122011
12122530
12122531
12122532
12122533
12122534
12122535
12122536
12122537
12122538
12122539
12122540
12122541
12122542
12122543
12122544
12122545
12122546
12122547
12122548
12122549
12122550
12122551
12122552
12122553
12122554
12341234
12345678
123456789
1234567890
1234abcd
1234qwer
13011987
13011988
13011989
13011990
13011991
13011992
13011993
13011994
13011995
13011996
13011997
13011998
13011999
13012000
13012001
13012002
13012003
13012004
13012005
13012006
13012007
13012008
13012009
13012010
13012011
13012530
13012531
13012532
13012533
13012534
13012535
13012536
13012537
13012538
13012539
13012540
13012541
13012542
13012543
13012544
13012545
13012546
13012547
13012548
13012549
13012550
13012551
13012552
13012553
13012554
13021987
13021988
13021989
13021990
13021991
13021992
13021993
13021994
13021995
13021996
13021997
13021998
13021999
13022000
13022001
13022002
13022003
13022004
13022005
13022006
13022007
13022008
13022009
13022010
13022011
13022530
13022531
13022532
13022533
13022534
13022535
13022536
13022537
13022538
13022539
13022540
13022541
13022542
13022543
13022544
13022545
13022546
13022547
13022548
13022549
13022550
13022551
13022552
13022553
13022554
13031987
13031988
13031989
13031990
13031991
13031992
13031993
13031994
13031995
13031996
13031997
13031998
13031999
13032000
13032001
13032002
13032003
13032004
13032005
13032006
13032007
13032008
13032009
13032010
13032011
13032530
13032531
13032532
13032533
13032534
13032535
13032536
13032537
13032538
13032539
13032540
13032541
13032542
13032543
13032544
13032545
13032546
13032547
13032548
13032549
13032550
13032551
13032552
13032553
13032554
13041987
13041988
13041989
13041990
13041991
13041992
13041993
13041994
13041995
13041996
13041997
13041998
13041999
13042000
13042001
13042002
13042003
13042004
13042005
13042006
13042007
13042008
13042009
13042010
13042011
13042530
13042531
13042532
13042533
13042534
13042535
13042536
13042537
13042538
13042539
13042540
13042541
13042542
13042543
13042544
13042545
13042546
13042547
13042548
13042549
13042550
13042551
13042552
13042553
13042554
13051987
13051988
13051989
13051990
13051991
13051992
13051993
13051994
13051995
13051996
13051997
13051998
13051999
13052000
13052001
13052002
13052003
13052004
13052005
13052006
13052007
13052008
13052009
13052010
13052011
13052530
13052531
13052532
13052533
13052534
13052535
13052536
13052537
13052538
13052539
13052540
13052541
13052542
13052543
13052544
13052545
13052546
13052547
13052548
13052549
13052550
13052551
13052552
13052553
13052554
13061987
13061988
13061989
13061990
13061991
13061992
13061993
13061994
13061995
13061996
13061997
13061998
13061999
13062000
13062001
13062002
13062003
13062004
13062005
13062006
13062007
13062008
13062009
13062010
13062011
13062530
13062531
13062532
13062533
13062534
13062535
13062536
13062537
13062538
13062539
13062540
13062541
13062542
13062543
13062544
13062545
13062546
13062547
13062548
13062549
13062550
13062551
13062552
13062553
13062554
13071987
13071988
13071989
13071990
13071991
13071992
13071993
13071994
13071995
13071996
13071997
13071998
13071999
13072000
13072001
13072002
13072003
13072004
13072005
13072006
13072007
13072008
13072009
13072010
13072011
13072530
13072531
13072532
13072533
13072534
13072535
13072536
13072537
13072538
13072539
13072540
13072541
13072542
13072543
13072544
13072545
13072546
13072547
13072548
13072549
13072550
13072551
13072552
13072553
13072554
13081987
13081988
13081989
13081990
13081991
13081992
13081993
13081994
13081995
13081996
13081997
13081998
13081999
13082000
13082001
13082002
13082003
13082004
13082005
13082006
13082007
13082008
13082009
13082010
13082011
13082530
13082531
13082532
13082533
13082534
13082535
13082536
13082537
13082538
13082539
13082540
13082541
13082542
13082543
13082544
13082545
13082546
13082547
13082548
13082549
13082550
13082551
13082552
13082553
13082554
13091987
13091988
13091989
13091990
13091991
13091992
13091993
13091994
13091995
13091996
13091997
13091998
13091999
13092000
13092001
13092002
13092003
13092004
13092005
13092006
13092007
13092008
13092009
13092010
13092011
13092530
13092531
13092532
13092533
13092534
13092535
13092536
13092537
13092538
13092539
13092540
13092541
13092542
13092543
13092544
13092545
13092546
13092547
13092548
13092549
13092550
13092551
13092552
13092553
13092554
13101987
13101988
13101989
13101990
13101991
13101992
13101993
13101994
13101995
13101996
13101997
13101998
13101999
13102000
13102001
13102002
13102003
13102004
13102005
13102006
13102007
13102008
13102009
13102010
13102011
13102530
13102531
13102532
13102533
13102534
13102535
13102536
13102537
13102538
13102539
13102540
13102541
13102542
13102543
13102544
13102545
13102546
13102547
13102548
13102549
13102550
13102551
13102552
13102553
13102554
13111987
13111988
13111989
13111990
13111991
13111992
13111993
13111994
13111995
13111996
13111997
13111998
13111999
13112000
13112001
13112002
13112003
13112004
13112005
13112006
13112007
13112008
13112009
13112010
13112011
13112530
13112531
13112532
13112533
13112534
13112535
13112536
13112537
13112538
13112539
13112540
13112541
13112542
13112543
13112544
13112545
13112546
13112547
13112548
13112549
13112550
13112551
13112552
13112553
13112554
13121987
13121988
13121989
13121990
13121991
13121992
13121993
13121994
13121995
13121996
13121997
13121998
13121999
13122000
13122001
13122002
13122003
13122004
13122005
13122006
13122007
13122008
13122009
13122010
13122011
13122530
13122531
13122532
13122533
13122534
13122535
13122536
13122537
13122538
13122539
13122540
13122541
13122542
13122543
13122544
13122545
13122546
13122547
13122548
13122549
13122550
13122551
13122552
13122553
13122554
13579246
14011987
14011988
14011989
14011990
14011991
14011992
14011993
14011994
14011995
14011996
14011997
14011998
14011999
14012000
14012001
14012002
14012003
14012004
14012005
14012006
14012007
14012008
14012009
14012010
14012011
14012530
14012531
14012532
14012533
14012534
14012535
14012536
14012537
14012538
14012539
14012540
14012541
14012542
14012543
14012544
14012545
14012546
14012547
14012548
14012549
14012550
14012551
14012552
14012553
14012554
14021987
14021988
14021989
14021990
14021991
14021992
14021993
14021994
14021995
14021996
14021997
14021998
14021999
14022000
14022001
14022002
14022003
14022004
14022005
14022006
14022007
14022008
14022009
14022010
14022011
14022530
14022531
14022532
14022533
14022534
14022535
14022536
14022537
14022538
14022539
14022540
14022541
14022542
14022543
14022544
14022545
14022546
14022547
14022548
14022549
14022550
14022551
14022552
14022553
14022554
14031987
14031988
14031989
14031990
14031991
14031992
14031993
14031994
14031995
14031996
14031997
14031998
14031999
14032000
14032001
14032002
14032003
14032004
14032005
14032006
14032007
14032008
14032009
14032010
14032011
14032530
14032531
14032532
14032533
14032534
14032535
14032536
14032537
14032538
14032539
14032540
14032541
14032542
14032543
14032544
14032545
14032546
14032547
14032548
14032549
14032550
14032551
14032552
14032553
14032554
14041987
14041988
14041989
14041990
14041991
14041992
14041993
14041994
14041995
14041996
14041997
14041998
14041999
14042000
14042001
14042002
14042003
14042004
14042005
14042006
14042007
14042008
14042009
14042010
14042011
14042530
14042531
14042532
14042533
14042534
14042535
14042536
14042537
14042538
14042539
14042540
14042541
14042542
14042543
14042544
14042545
14042546
14042547
14042548
14042549
14042550
14042551
14042552
14042553
14042554
14051987
14051988
14051989
14051990
14051991
14051992
14051993
14051994
14051995
14051996
14051997
14051998
14051999
14052000
14052001
14052002
14052003
14052004
14052005
14052006
14052007
14052008
14052009
14052010
14052011
14052530
14052531
14052532
14052533
14052534
14052535
14052536
14052537
14052538
14052539
14052540
14052541
14052542
14052543
14052544
14052545
14052546
14052547
14052548
14052549
14052550
14052551
14052552
14052553
14052554
14061987
14061988
14061989
14061990
14061991
14061992
14061993
14061994
14061995
14061996
14061997
14061998
14061999
14062000
14062001
14062002
14062003
14062004
14062005
14062006
14062007
14062008
14062009
14062010
14062011
14062530
14062531
14062532
14062533
14062534
14062535
14062536
14062537
14062538
14062539
14062540
14062541
14062542
14062543
14062544
14062545
14062546
14062547
14062548
14062549
14062550
14062551
14062552
14062553
14062554
14071987
14071988
14071989
14071990
14071991
14071992
14071993
14071994
14071995
14071996
14071997
14071998
14071999
14072000
14072001
14072002
14072003
14072004
14072005
14072006
14072007
14072008
14072009
14072010
14072011
14072530
14072531
14072532
14072533
14072534
14072535
14072536
14072537
14072538
14072539
14072540
14072541
14072542
14072543
14072544
14072545
14072546
14072547
14072548
14072549
14072550
14072551
14072552
14072553
14072554
14081987
14081988
14081989
14081990
14081991
14081992
14081993
14081994
14081995
14081996
14081997
14081998
14081999
14082000
14082001
14082002
14082003
14082004
14082005
14082006
14082007
14082008
14082009
14082010
14082011
14082530
14082531
14082532
14082533
14082534
14082535
14082536
14082537
14082538
14082539
14082540
14082541
14082542
14082543
14082544
14082545
14082546
14082547
14082548
14082549
14082550
14082551
14082552
14082553
14082554
14091987
14091988
14091989
14091990
14091991
14091992
14091993
14091994
14091995
14091996
14091997
14091998
14091999
14092000
14092001
14092002
14092003
14092004
14092005
14092006
14092007
14092008
14092009
14092010
14092011
14092530
14092531
14092532
14092533
14092534
14092535
14092536
14092537
14092538
14092539
14092540
14092541
14092542
14092543
14092544
14092545
14092546
14092547
14092548
14092549
14092550
14092551
14092552
14092553
14092554
14101987
14101988
14101989
14101990
14101991
14101992
14101993
14101994
14101995
14101996
14101997
14101998
14101999
14102000
14102001
14102002
14102003
14102004
14102005
14102006
14102007
14102008
14102009
14102010
14102011
14102530
14102531
14102532
14102533
14102534
14102535
14102536
14102537
14102538
14102539
14102540
14102541
14102542
14102543
14102544
14102545
14102546
14102547
14102548
14102549
14102550
14102551
14102552
14102553
14102554
14111987
14111988
14111989
14111990
14111991
14111992
14111993
14111994
14111995
14111996
14111997
14111998
14111999
14112000
14112001
14112002
14112003
14112004
14112005
14112006
14112007
14112008
14112009
14112010
14112011
14112530
14112531
14112532
14112533
14112534
14112535
14112536
14112537
14112538
14112539
14112540
14112541
14112542
14112543
14112544
14112545
14112546
14112547
14112548
14112549
14112550
14112551
14112552
14112553
14112554
14121987
14121988
14121989
14121990
14121991
14121992
14121993
14121994
14121995
14121996
14121997
14121998
14121999
14122000
14122001
14122002
14122003
14122004
14122005
14122006
14122007
14122008
14122009
14122010
14122011
14122530
14122531
14122532
14122533
14122534
14122535
14122536
14122537
14122538
14122539
14122540
14122541
14122542
14122543
14122544
14122545
14122546
14122547
14122548
14122549
14122550
14122551
14122552
14122553
14122554
15011987
15011988
15011989
15011990
15011991
15011992
15011993
15011994
15011995
15011996
15011997
15011998
15011999
15012000
15012001
15012002
15012003
15012004
15012005
15012006
15012007
15012008
15012009
15012010
15012011
15012530
15012531
15012532
15012533
15012534
15012535
15012536
15012537
15012538
15012539
15012540
15012541
15012542
15012543
15012544
15012545
15012546
15012547
15012548
15012549
15012550
15012551
15012552
15012553
15012554
15021987
15021988
15021989
15021990
15021991
15021992
15021993
15021994
15021995
15021996
15021997
15021998
15021999
15022000
15022001
15022002
15022003
15022004
15022005
15022006
15022007
15022008
15022009
15022010
15022011
15022530
15022531
15022532
15022533
15022534
15022535
15022536
15022537
15022538
15022539
15022540
15022541
15022542
15022543
15022544
15022545
15022546
15022547
15022548
15022549
15022550
15022551
15022552
15022553
15022554
15031987
15031988
15031989
15031990
15031991
15031992
15031993
15031994
15031995
15031996
15031997
15031998
15031999
15032000
15032001
15032002
15032003
15032004
15032005
15032006
15032007
15032008
15032009
15032010
15032011
15032530
15032531
15032532
15032533
15032534
15032535
15032536
15032537
15032538
15032539
15032540
15032541
15032542
15032543
15032544
15032545
15032546
15032547
15032548
15032549
15032550
15032551
15032552
15032553
15032554
15041987
15041988
15041989
15041990
15041991
15041992
15041993
15041994
15041995
15041996
15041997
15041998
15041999
15042000
15042001
15042002
15042003
15042004
15042005
15042006
15042007
15042008
15042009
15042010
15042011
15042530
15042531
15042532
15042533
15042534
15042535
15042536
15042537
15042538
15042539
15042540
15042541
15042542
15042543
15042544
15042545
15042546
15042547
15042548
15042549
15042550
15042551
15042552
15042553
15042554
15051987
15051988
15051989
15051990
15051991
15051992
15051993
15051994
15051995
15051996
15051997
15051998
15051999
15052000
15052001
15052002
15052003
15052004
15052005
15052006
15052007
15052008
15052009
15052010
15052011
15052530
15052531
15052532
15052533
15052534
15052535
15052536
15052537
15052538
15052539
15052540
15052541
15052542
15052543
15052544
15052545
15052546
15052547
15052548
15052549
15052550
15052551
15052552
15052553
15052554
15061987
15061988
15061989
15061990
15061991
15061992
15061993
15061994
15061995
15061996
15061997
15061998
15061999
15062000
15062001
15062002
15062003
15062004
15062005
15062006
15062007
15062008
15062009
15062010
15062011
15062530
15062531
15062532
15062533
15062534
15062535
15062536
15062537
15062538
15062539
15062540
15062541
15062542
15062543
15062544
15062545
15062546
15062547
15062548
15062549
15062550
15062551
15062552
15062553
15062554
15071987
15071988
15071989
15071990
15071991
15071992
15071993
15071994
15071995
15071996
15071997
15071998
15071999
15072000
15072001
15072002
15072003
15072004
15072005
15072006
15072007
15072008
15072009
15072010
15072011
15072530
15072531
15072532
15072533
15072534
15072535
15072536
15072537
15072538
15072539
15072540
15072541
15072542
15072543
15072544
15072545
15072546
15072547
15072548
15072549
15072550
15072551
15072552
15072553
15072554
15081987
15081988
15081989
15081990
15081991
15081992
15081993
15081994
15081995
15081996
15081997
15081998
15081999
15082000
15082001
15082002
15082003
15082004
15082005
15082006
15082007
15082008
15082009
15082010
15082011
15082530
15082531
15082532
15082533
15082534
15082535
15082536
15082537
15082538
15082539
15082540
15082541
15082542
15082543
15082544
15082545
15082546
15082547
15082548
15082549
15082550
15082551
15082552
15082553
15082554
15091987
15091988
15091989
15091990
15091991
15091992
15091993
15091994
15091995
15091996
15091997
15091998
15091999
15092000
15092001
15092002
15092003
15092004
15092005
15092006
15092007
15092008
15092009
15092010
15092011
15092530
15092531
15092532
15092533
15092534
15092535
15092536
15092537
15092538
15092539
15092540
15092541
15092542
15092543
15092544
15092545
15092546
15092547
15092548
15092549
15092550
15092551
15092552
15092553
15092554
15101987
15101988
15101989
15101990
15101991
15101992
15101993
15101994
15101995
15101996
15101997
15101998
15101999
15102000
15102001
15102002
15102003
15102004
15102005
15102006
15102007
15102008
15102009
15102010
15102011
15102530
15102531
15102532
15102533
15102534
15102535
15102536
15102537
15102538
15102539
15102540
15102541
15102542
15102543
15102544
15102545
15102546
15102547
15102548
15102549
15102550
15102551
15102552
15102553
15102554
15111987
15111988
15111989
15111990
15111991
15111992
15111993
15111994
15111995
15111996
15111997
15111998
15111999
15112000
15112001
15112002
15112003
15112004
15112005
15112006
15112007
15112008
15112009
15112010
15112011
15112530
15112531
15112532
15112533
15112534
15112535
15112536
15112537
15112538
15112539
15112540
15112541
15112542
15112543
15112544
15112545
15112546
15112547
15112548
15112549
15112550
15112551
15112552
15112553
15112554
15121987
15121988
15121989
15121990
15121991
15121992
15121993
15121994
15121995
15121996
15121997
15121998
15121999
15122000
15122001
15122002
15122003
15122004
15122005
15122006
15122007
15122008
15122009
15122010
15122011
15122530
15122531
15122532
15122533
15122534
15122535
15122536
15122537
15122538
15122539
15122540
15122541
15122542
15122543
15122544
15122545
15122546
15122547
15122548
15122549
15122550
15122551
15122552
15122553
15122554
16011987
16011988
16011989
16011990
16011991
16011992
16011993
16011994
16011995
16011996
16011997
16011998
16011999
16012000
16012001
16012002
16012003
16012004
16012005
16012006
16012007
16012008
16012009
16012010
16012011
16012530
16012531
16012532
16012533
16012534
16012535
16012536
16012537
16012538
16012539
16012540
16012541
16012542
16012543
16012544
16012545
16012546
16012547
16012548
16012549
16012550
16012551
16012552
16012553
16012554
16021987
16021988
16021989
16021990
16021991
16021992
16021993
16021994
16021995
16021996
16021997
16021998
16021999
16022000
16022001
16022002
16022003
16022004
16022005
16022006
16022007
16022008
16022009
16022010
16022011
16022530
16022531
16022532
16022533
16022534
16022535
16022536
16022537
16022538
16022539
16022540
16022541
16022542
16022543
16022544
16022545
16022546
16022547
16022548
16022549
16022550
16022551
16022552
16022553
16022554
16031987
16031988
16031989
16031990
16031991
16031992
16031993
16031994
16031995
16031996
16031997
16031998
16031999
16032000
16032001
16032002
16032003
16032004
16032005
16032006
16032007
16032008
16032009
16032010
16032011
16032530
16032531
16032532
16032533
16032534
16032535
16032536
16032537
16032538
16032539
16032540
16032541
16032542
16032543
16032544
16032545
16032546
16032547
16032548
16032549
16032550
16032551
16032552
16032553
16032554
16041987
16041988
16041989
16041990
16041991
16041992
16041993
16041994
16041995
16041996
16041997
16041998
16041999
16042000
16042001
16042002
16042003
16042004
16042005
16042006
16042007
16042008
16042009
16042010
16042011
16042530
16042531
16042532
16042533
16042534
16042535
16042536
16042537
16042538
16042539
16042540
16042541
16042542
16042543
16042544
16042545
16042546
16042547
16042548
16042549
16042550
16042551
16042552
16042553
16042554
16051987
16051988
16051989
16051990
16051991
16051992
16051993
16051994
16051995
16051996
16051997
16051998
16051999
16052000
16052001
16052002
16052003
16052004
16052005
16052006
16052007
16052008
16052009
16052010
16052011
16052530
16052531
16052532
16052533
16052534
16052535
16052536
16052537
16052538
16052539
16052540
16052541
16052542
16052543
16052544
16052545
16052546
16052547
16052548
16052549
16052550
16052551
16052552
16052553
16052554
16061987
16061988
16061989
16061990
16061991
16061992
16061993
16061994
16061995
16061996
16061997
16061998
16061999
16062000
16062001
16062002
16062003
16062004
16062005
16062006
16062007
16062008
16062009
16062010
16062011
16062530
16062531
16062532
16062533
16062534
16062535
16062536
16062537
16062538
16062539
16062540
16062541
16062542
16062543
16062544
16062545
16062546
16062547
16062548
16062549
16062550
16062551
16062552
16062553
16062554
16071987
16071988
16071989
16071990
16071991
16071992
16071993
16071994
16071995
16071996
16071997
16071998
16071999
16072000
16072001
16072002
16072003
16072004
16072005
16072006
16072007
16072008
16072009
16072010
16072011
16072530
16072531
16072532
16072533
16072534
16072535
16072536
16072537
16072538
16072539
16072540
16072541
16072542
16072543
16072544
16072545
16072546
16072547
16072548
16072549
16072550
16072551
16072552
16072553
16072554
16081987
16081988
16081989
16081990
16081991
16081992
16081993
16081994
16081995
16081996
16081997
16081998
16081999
16082000
16082001
16082002
16082003
16082004
16082005
16082006
16082007
16082008
16082009
16082010
16082011
16082530
16082531
16082532
16082533
16082534
16082535
16082536
16082537
16082538
16082539
16082540
16082541
16082542
16082543
16082544
16082545
16082546
16082547
16082548
16082549
16082550
16082551
16082552
16082553
16082554
16091987
16091988
16091989
16091990
16091991
16091992
16091993
16091994
16091995
16091996
16091997
16091998
16091999
16092000
16092001
16092002
16092003
16092004
16092005
16092006
16092007
16092008
16092009
16092010
16092011
16092530
16092531
16092532
16092533
16092534
16092535
16092536
16092537
16092538
16092539
16092540
16092541
16092542
16092543
16092544
16092545
16092546
16092547
16092548
16092549
16092550
16092551
16092552
16092553
16092554
16101987
16101988
16101989
16101990
16101991
16101992
16101993
16101994
16101995
16101996
16101997
16101998
16101999
16102000
16102001
16102002
16102003
16102004
16102005
16102006
16102007
16102008
16102009
16102010
16102011
16102530
16102531
16102532
16102533
16102534
16102535
16102536
16102537
16102538
16102539
16102540
16102541
16102542
16102543
16102544
16102545
16102546
16102547
16102548
16102549
16102550
16102551
16102552
16102553
16102554
16111987
16111988
16111989
16111990
16111991
16111992
16111993
16111994
16111995
16111996
16111997
16111998
16111999
16112000
16112001
16112002
16112003
16112004
16112005
16112006
16112007
16112008
16112009
16112010
16112011
16112530
16112531
16112532
16112533
16112534
16112535
16112536
16112537
16112538
16112539
16112540
16112541
16112542
16112543
16112544
16112545
16112546
16112547
16112548
16112549
16112550
16112551
16112552
16112553
16112554
16121987
16121988
16121989
16121990
16121991
16121992
16121993
16121994
16121995
16121996
16121997
16121998
16121999
16122000
16122001
16122002
16122003
16122004
16122005
16122006
16122007
16122008
16122009
16122010
16122011
16122530
16122531
16122532
16122533
16122534
16122535
16122536
16122537
16122538
16122539
16122540
16122541
16122542
16122543
16122544
16122545
16122546
16122547
16122548
16122549
16122550
16122551
16122552
16122553
16122554
16161616
16891689
16899168
17011987
17011988
17011989
17011990
17011991
17011992
17011993
17011994
17011995
17011996
17011997
17011998
17011999
17012000
17012001
17012002
17012003
17012004
17012005
17012006
17012007
17012008
17012009
17012010
17012011
17012530
17012531
17012532
17012533
17012534
17012535
17012536
17012537
17012538
17012539
17012540
17012541
17012542
17012543
17012544
17012545
17012546
17012547
17012548
17012549
17012550
17012551
17012552
17012553
17012554
17021987
17021988
17021989
17021990
17021991
17021992
17021993
17021994
17021995
17021996
17021997
17021998
17021999
17022000
17022001
17022002
17022003
17022004
17022005
17022006
17022007
17022008
17022009
17022010
17022011
17022530
17022531
17022532
17022533
17022534
17022535
17022536
17022537
17022538
17022539
17022540
17022541
17022542
17022543
17022544
17022545
17022546
17022547
17022548
17022549
17022550
17022551
17022552
17022553
17022554
17031987
17031988
17031989
17031990
17031991
17031992
17031993
17031994
17031995
17031996
17031997
17031998
17031999
17032000
17032001
17032002
17032003
17032004
17032005
17032006
17032007
17032008
17032009
17032010
17032011
17032530
17032531
17032532
17032533
17032534
17032535
17032536
17032537
17032538
17032539
17032540
17032541
17032542
17032543
17032544
17032545
17032546
17032547
17032548
17032549
17032550
17032551
17032552
17032553
17032554
17041987
17041988
17041989
17041990
17041991
17041992
17041993
17041994
17041995
17041996
17041997
17041998
17041999
17042000
17042001
17042002
17042003
17042004
17042005
17042006
17042007
17042008
17042009
17042010
17042011
17042530
17042531
17042532
17042533
17042534
17042535
17042536
17042537
17042538
17042539
17042540
17042541
17042542
17042543
17042544
17042545
17042546
17042547
17042548
17042549
17042550
17042551
17042552
17042553
17042554
17051987
17051988
17051989
17051990
17051991
17051992
17051993
17051994
17051995
17051996
17051997
17051998
17051999
17052000
17052001
17052002
17052003
17052004
17052005
17052006
17052007
17052008
17052009
17052010
17052011
17052530
17052531
17052532
17052533
17052534
17052535
17052536
17052537
17052538
17052539
17052540
17052541
17052542
17052543
17052544
17052545
17052546
17052547
17052548
17052549
17052550
17052551
17052552
17052553
17052554
17061987
17061988
17061989
17061990
17061991
17061992
17061993
17061994
17061995
17061996
17061997
17061998
17061999
17062000
17062001
17062002
17062003
17062004
17062005
17062006
17062007
17062008
17062009
17062010
17062011
17062530
17062531
17062532
17062533
17062534
17062535
17062536
17062537
17062538
17062539
17062540
17062541
17062542
17062543
17062544
17062545
17062546
17062547
17062548
17062549
17062550
17062551
17062552
17062553
17062554
17071987
17071988
17071989
17071990
17071991
17071992
17071993
17071994
17071995
17071996
17071997
17071998
17071999
17072000
17072001
17072002
17072003
17072004
17072005
17072006
17072007
17072008
17072009
17072010
17072011
17072530
17072531
17072532
17072533
17072534
17072535
17072536
17072537
17072538
17072539
17072540
17072541
17072542
17072543
17072544
17072545
17072546
17072547
17072548
17072549
17072550
17072551
17072552
17072553
17072554
17081987
17081988
17081989
17081990
17081991
17081992
17081993
17081994
17081995
17081996
17081997
17081998
17081999
17082000
17082001
17082002
17082003
17082004
17082005
17082006
17082007
17082008
17082009
17082010
17082011
17082530
17082531
17082532
17082533
17082534
17082535
17082536
17082537
17082538
17082539
17082540
17082541
17082542
17082543
17082544
17082545
17082546
17082547
17082548
17082549
17082550
17082551
17082552
17082553
17082554
17091987
17091988
17091989
17091990
17091991
17091992
17091993
17091994
17091995
17091996
17091997
17091998
17091999
17092000
17092001
17092002
17092003
17092004
17092005
17092006
17092007
17092008
17092009
17092010
17092011
17092530
17092531
17092532
17092533
17092534
17092535
17092536
17092537
17092538
17092539
17092540
17092541
17092542
17092543
17092544
17092545
17092546
17092547
17092548
17092549
17092550
17092551
17092552
17092553
17092554
17101987
17101988
17101989
17101990
17101991
17101992
17101993
17101994
17101995
17101996
17101997
17101998
17101999
17102000
17102001
17102002
17102003
17102004
17102005
17102006
17102007
17102008
17102009
17102010
17102011
17102530
17102531
17102532
17102533
17102534
17102535
17102536
17102537
17102538
17102539
17102540
17102541
17102542
17102543
17102544
17102545
17102546
17102547
17102548
17102549
17102550
17102551
17102552
17102553
17102554
17111987
17111988
17111989
17111990
17111991
17111992
17111993
17111994
17111995
17111996
17111997
17111998
17111999
17112000
17112001
17112002
17112003
17112004
17112005
17112006
17112007
17112008
17112009
17112010
17112011
17112530
17112531
17112532
17112533
17112534
17112535
17112536
17112537
17112538
17112539
17112540
17112541
17112542
17112543
17112544
17112545
17112546
17112547
17112548
17112549
17112550
17112551
17112552
17112553
17112554
17121987
17121988
17121989
17121990
17121991
17121992
17121993
17121994
17121995
17121996
17121997
17121998
17121999
17122000
17122001
17122002
17122003
17122004
17122005
17122006
17122007
17122008
17122009
17122010
17122011
17122530
17122531
17122532
17122533
17122534
17122535
17122536
17122537
17122538
17122539
17122540
17122541
17122542
17122543
17122544
17122545
17122546
17122547
17122548
17122549
17122550
17122551
17122552
17122553
17122554
18011987
18011988
18011989
18011990
18011991
18011992
18011993
18011994
18011995
18011996
18011997
18011998
18011999
18012000
18012001
18012002
18012003
18012004
18012005
18012006
18012007
18012008
18012009
18012010
18012011
18012530
18012531
18012532
18012533
18012534
18012535
18012536
18012537
18012538
18012539
18012540
18012541
18012542
18012543
18012544
18012545
18012546
18012547
18012548
18012549
18012550
18012551
18012552
18012553
18012554
18021987
18021988
18021989
18021990
18021991
18021992
18021993
18021994
18021995
18021996
18021997
18021998
18021999
18022000
18022001
18022002
18022003
18022004
18022005
18022006
18022007
18022008
18022009
18022010
18022011
18022530
18022531
18022532
18022533
18022534
18022535
18022536
18022537
18022538
18022539
18022540
18022541
18022542
18022543
18022544
18022545
18022546
18022547
18022548
18022549
18022550
18022551
18022552
18022553
18022554
18031987
18031988
18031989
18031990
18031991
18031992
18031993
18031994
18031995
18031996
18031997
18031998
18031999
18032000
18032001
18032002
18032003
18032004
18032005
18032006
18032007
18032008
18032009
18032010
18032011
18032530
18032531
18032532
18032533
18032534
18032535
18032536
18032537
18032538
18032539
18032540
18032541
18032542
18032543
18032544
18032545
18032546
18032547
18032548
18032549
18032550
18032551
18032552
18032553
18032554
18041987
18041988
18041989
18041990
18041991
18041992
18041993
18041994
18041995
18041996
18041997
18041998
18041999
18042000
18042001
18042002
18042003
18042004
18042005
18042006
18042007
18042008
18042009
18042010
18042011
18042530
18042531
18042532
18042533
18042534
18042535
18042536
18042537
18042538
18042539
18042540
18042541
18042542
18042543
18042544
18042545
18042546
18042547
18042548
18042549
18042550
18042551
18042552
18042553
18042554
18051987
18051988
18051989
18051990
18051991
18051992
18051993
18051994
18051995
18051996
18051997
18051998
18051999
18052000
18052001
18052002
18052003
18052004
18052005
18052006
18052007
18052008
18052009
18052010
18052011
18052530
18052531
18052532
18052533
18052534
18052535
18052536
18052537
18052538
18052539
18052540
18052541
18052542
18052543
18052544
18052545
18052546
18052547
18052548
18052549
18052550
18052551
18052552
18052553
18052554
18061987
18061988
18061989
18061990
18061991
18061992
18061993
18061994
18061995
18061996
18061997
18061998
18061999
18062000
18062001
18062002
18062003
18062004
18062005
18062006
18062007
18062008
18062009
18062010
18062011
18062530
18062531
18062532
18062533
18062534
18062535
18062536
18062537
18062538
18062539
18062540
18062541
18062542
18062543
18062544
18062545
18062546
18062547
18062548
18062549
18062550
18062551
18062552
18062553
18062554
18071987
18071988
18071989
18071990
18071991
18071992
18071993
18071994
18071995
18071996
18071997
18071998
18071999
18072000
18072001
18072002
18072003
18072004
18072005
18072006
18072007
18072008
18072009
18072010
18072011
18072530
18072531
18072532
18072533
18072534
18072535
18072536
18072537
18072538
18072539
18072540
18072541
18072542
18072543
18072544
18072545
18072546
18072547
18072548
18072549
18072550
18072551
18072552
18072553
18072554
18081987
18081988
18081989
18081990
18081991
18081992
18081993
18081994
18081995
18081996
18081997
18081998
18081999
18082000
18082001
18082002
18082003
18082004
18082005
18082006
18082007
18082008
18082009
18082010
18082011
18082530
18082531
18082532
18082533
18082534
18082535
18082536
18082537
18082538
18082539
18082540
18082541
18082542
18082543
18082544
18082545
18082546
18082547
18082548
18082549
18082550
18082551
18082552
18082553
18082554
18091987
18091988
18091989
18091990
18091991
18091992
18091993
18091994
18091995
18091996
18091997
18091998
18091999
18092000
18092001
18092002
18092003
18092004
18092005
18092006
18092007
18092008
18092009
18092010
18092011
18092530
18092531
18092532
18092533
18092534
18092535
18092536
18092537
18092538
18092539
18092540
18092541
18092542
18092543
18092544
18092545
18092546
18092547
18092548
18092549
18092550
18092551
18092552
18092553
18092554
18101987
18101988
18101989
18101990
18101991
18101992
18101993
18101994
18101995
18101996
18101997
18101998
18101999
18102000
18102001
18102002
18102003
18102004
18102005
18102006
18102007
18102008
18102009
18102010
18102011
18102530
18102531
18102532
18102533
18102534
18102535
18102536
18102537
18102538
18102539
18102540
18102541
18102542
18102543
18102544
18102545
18102546
18102547
18102548
18102549
18102550
18102551
18102552
18102553
18102554
18111987
18111988
18111989
18111990
18111991
18111992
18111993
18111994
18111995
18111996
18111997
18111998
18111999
18112000
18112001
18112002
18112003
18112004
18112005
18112006
18112007
18112008
18112009
18112010
18112011
18112530
18112531
18112532
18112533
18112534
18112535
18112536
18112537
18112538
18112539
18112540
18112541
18112542
18112543
18112544
18112545
18112546
18112547
18112548
18112549
18112550
18112551
18112552
18112553
18112554
18121987
18121988
18121989
18121990
18121991
18121992
18121993
18121994
18121995
18121996
18121997
18121998
18121999
18122000
18122001
18122002
18122003
18122004
18122005
18122006
18122007
18122008
18122009
18122010
18122011
18122530
18122531
18122532
18122533
18122534
18122535
18122536
18122537
18122538
18122539
18122540
18122541
18122542
18122543
18122544
18122545
18122546
18122547
18122548
18122549
18122550
18122551
18122552
18122553
18122554
19011987
19011988
19011989
19011990
19011991
19011992
19011993
19011994
19011995
19011996
19011997
19011998
19011999
19012000
19012001
19012002
19012003
19012004
19012005
19012006
19012007
19012008
19012009
19012010
19012011
19012530
19012531
19012532
19012533
19012534
19012535
19012536
19012537
19012538
19012539
19012540
19012541
19012542
19012543
19012544
19012545
19012546
19012547
19012548
19012549
19012550
19012551
19012552
19012553
19012554
19021987
19021988
19021989
19021990
19021991
19021992
19021993
19021994
19021995
19021996
19021997
19021998
19021999
19022000
19022001
19022002
19022003
19022004
19022005
19022006
19022007
19022008
19022009
19022010
19022011
19022530
19022531
19022532
19022533
19022534
19022535
19022536
19022537
19022538
19022539
19022540
19022541
19022542
19022543
19022544
19022545
19022546
19022547
19022548
19022549
19022550
19022551
19022552
19022553
19022554
19031987
19031988
19031989
19031990
19031991
19031992
19031993
19031994
19031995
19031996
19031997
19031998
19031999
19032000
19032001
19032002
19032003
19032004
19032005
19032006
19032007
19032008
19032009
19032010
19032011
19032530
19032531
19032532
19032533
19032534
19032535
19032536
19032537
19032538
19032539
19032540
19032541
19032542
19032543
19032544
19032545
19032546
19032547
19032548
19032549
19032550
19032551
19032552
19032553
19032554
19041987
19041988
19041989
19041990
19041991
19041992
19041993
19041994
19041995
19041996
19041997
19041998
19041999
19042000
19042001
19042002
19042003
19042004
19042005
19042006
19042007
19042008
19042009
19042010
19042011
19042530
19042531
19042532
19042533
19042534
19042535
19042536
19042537
19042538
19042539
19042540
19042541
19042542
19042543
19042544
19042545
19042546
19042547
19042548
19042549
19042550
19042551
19042552
19042553
19042554
19051987
19051988
19051989
19051990
19051991
19051992
19051993
19051994
19051995
19051996
19051997
19051998
19051999
19052000
19052001
19052002
19052003
19052004
19052005
19052006
19052007
19052008
19052009
19052010
19052011
19052530
19052531
19052532
19052533
19052534
19052535
19052536
19052537
19052538
19052539
19052540
19052541
19052542
19052543
19052544
19052545
19052546
19052547
19052548
19052549
19052550
19052551
19052552
19052553
19052554
19061987
19061988
19061989
19061990
19061991
19061992
19061993
19061994
19061995
19061996
19061997
19061998
19061999
19062000
19062001
19062002
19062003
19062004
19062005
19062006
19062007
19062008
19062009
19062010
19062011
19062530
19062531
19062532
19062533
19062534
19062535
19062536
19062537
19062538
19062539
19062540
19062541
19062542
19062543
19062544
19062545
19062546
19062547
19062548
19062549
19062550
19062551
19062552
19062553
19062554
19071987
19071988
19071989
19071990
19071991
19071992
19071993
19071994
19071995
19071996
19071997
19071998
19071999
19072000
19072001
19072002
19072003
19072004
19072005
19072006
19072007
19072008
19072009
19072010
19072011
19072530
19072531
19072532
19072533
19072534
19072535
19072536
19072537
19072538
19072539
19072540
19072541
19072542
19072543
19072544
19072545
19072546
19072547
19072548
19072549
19072550
19072551
19072552
19072553
19072554
19081987
19081988
19081989
19081990
19081991
19081992
19081993
19081994
19081995
19081996
19081997
19081998
19081999
19082000
19082001
19082002
19082003
19082004
19082005
19082006
19082007
19082008
19082009
19082010
19082011
19082530
19082531
19082532
19082533
19082534
19082535
19082536
19082537
19082538
19082539
19082540
19082541
19082542
19082543
19082544
19082545
19082546
19082547
19082548
19082549
19082550
19082551
19082552
19082553
19082554
19091909
19091987
19091988
19091989
19091990
19091991
19091992
19091993
19091994
19091995
19091996
19091997
19091998
19091999
19092000
19092001
19092002
19092003
19092004
19092005
19092006
19092007
19092008
19092009
19092010
19092011
19092530
19092531
19092532
19092533
19092534
19092535
19092536
19092537
19092538
19092539
19092540
19092541
19092542
19092543
19092544
19092545
19092546
19092547
19092548
19092549
19092550
19092551
19092552
19092553
19092554
19101987
19101988
19101989
19101990
19101991
19101992
19101993
19101994
19101995
19101996
19101997
19101998
19101999
19102000
19102001
19102002
19102003
19102004
19102005
19102006
19102007
19102008
19102009
19102010
19102011
19102530
19102531
19102532
19102533
19102534
19102535
19102536
19102537
19102538
19102539
19102540
19102541
19102542
19102543
19102544
19102545
19102546
19102547
19102548
19102549
19102550
19102551
19102552
19102553
19102554
19111987
19111988
19111989
19111990
19111991
19111992
19111993
19111994
19111995
19111996
19111997
19111998
19111999
19112000
19112001
19112002
19112003
19112004
19112005
19112006
19112007
19112008
19112009
19112010
19112011
19112530
19112531
19112532
19112533
19112534
19112535
19112536
19112537
19112538
19112539
19112540
19112541
19112542
19112543
19112544
19112545
19112546
19112547
19112548
19112549
19112550
19112551
19112552
19112553
19112554
19121987
19121988
19121989
19121990
19121991
19121992
19121993
19121994
19121995
19121996
19121997
19121998
19121999
19122000
19122001
19122002
19122003
19122004
19122005
19122006
19122007
19122008
19122009
19122010
19122011
19122530
19122531
19122532
19122533
19122534
19122535
19122536
19122537
19122538
19122539
19122540
19122541
19122542
19122543
19122544
19122545
19122546
19122547
19122548
19122549
19122550
19122551
19122552
19122553
19122554
19199191
1q2w3e4r
1qa2ws3ed
1qaz2wsx
20011987
20011988
20011989
20011990
20011991
20011992
20011993
20011994
20011995
20011996
20011997
20011998
20011999
20012000
20012001
20012002
20012003
20012004
20012005
20012006
20012007
20012008
20012009
20012010
20012011
20012530
20012531
20012532
20012533
20012534
20012535
20012536
20012537
20012538
20012539
20012540
20012541
20012542
20012543
20012544
20012545
20012546
20012547
20012548
20012549
20012550
20012551
20012552
20012553
20012554
20021987
20021988
20021989
20021990
20021991
20021992
20021993
20021994
20021995
20021996
20021997
20021998
20021999
20022000
20022001
20022002
20022003
20022004
20022005
20022006
20022007
20022008
20022009
20022010
20022011
20022530
20022531
20022532
20022533
20022534
20022535
20022536
20022537
20022538
20022539
20022540
20022541
20022542
20022543
20022544
20022545
20022546
20022547
20022548
20022549
20022550
20022551
20022552
20022553
20022554
20031987
20031988
20031989
20031990
20031991
20031992
20031993
20031994
20031995
20031996
20031997
20031998
20031999
20032000
20032001
20032002
20032003
20032004
20032005
20032006
20032007
20032008
20032009
20032010
20032011
20032530
20032531
20032532
20032533
20032534
20032535
20032536
20032537
20032538
20032539
20032540
20032541
20032542
20032543
20032544
20032545
20032546
20032547
20032548
20032549
20032550
20032551
20032552
20032553
20032554
20041987
20041988
20041989
20041990
20041991
20041992
20041993
20041994
20041995
20041996
20041997
20041998
20041999
20042000
20042001
20042002
20042003
20042004
20042005
20042006
20042007
20042008
20042009
20042010
20042011
20042530
20042531
20042532
20042533
20042534
20042535
20042536
20042537
20042538
20042539
20042540
20042541
20042542
20042543
20042544
20042545
20042546
20042547
20042548
20042549
20042550
20042551
20042552
20042553
20042554
20051987
20051988
20051989
20051990
20051991
20051992
20051993
20051994
20051995
20051996
20051997
20051998
20051999
20052000
20052001
20052002
20052003
20052004
20052005
20052006
20052007
20052008
20052009
20052010
20052011
20052530
20052531
20052532
20052533
20052534
20052535
20052536
20052537
20052538
20052539
20052540
20052541
20052542
20052543
20052544
20052545
20052546
20052547
20052548
20052549
20052550
20052551
20052552
20052553
20052554
20061987
20061988
20061989
20061990
20061991
20061992
20061993
20061994
20061995
20061996
20061997
20061998
20061999
20062000
20062001
20062002
20062003
20062004
20062005
20062006
20062007
20062008
20062009
20062010
20062011
20062530
20062531
20062532
20062533
20062534
20062535
20062536
20062537
20062538
20062539
20062540
20062541
20062542
20062543
20062544
20062545
20062546
20062547
20062548
20062549
20062550
20062551
20062552
20062553
20062554
20071987
20071988
20071989
20071990
20071991
20071992
20071993
20071994
20071995
20071996
20071997
20071998
20071999
20072000
20072001
20072002
20072003
20072004
20072005
20072006
20072007
20072008
20072009
20072010
20072011
20072530
20072531
20072532
20072533
20072534
20072535
20072536
20072537
20072538
20072539
20072540
20072541
20072542
20072543
20072544
20072545
20072546
20072547
20072548
20072549
20072550
20072551
20072552
20072553
20072554
20081987
20081988
20081989
20081990
20081991
20081992
20081993
20081994
20081995
20081996
20081997
20081998
20081999
20082000
20082001
20082002
20082003
20082004
20082005
20082006
20082007
20082008
20082009
20082010
20082011
20082530
20082531
20082532
20082533
20082534
20082535
20082536
20082537
20082538
20082539
20082540
20082541
20082542
20082543
20082544
20082545
20082546
20082547
20082548
20082549
20082550
20082551
20082552
20082553
20082554
20091987
20091988
20091989
20091990
20091991
20091992
20091993
20091994
20091995
20091996
20091997
20091998
20091999
20092000
20092001
20092002
20092003
20092004
20092005
20092006
20092007
20092008
20092009
20092010
20092011
20092530
20092531
20092532
20092533
20092534
20092535
20092536
20092537
20092538
20092539
20092540
20092541
20092542
20092543
20092544
20092545
20092546
20092547
20092548
20092549
20092550
20092551
20092552
20092553
20092554
20101987
20101988
20101989
20101990
20101991
20101992
20101993
20101994
20101995
20101996
20101997
20101998
20101999
20102000
20102001
20102002
20102003
20102004
20102005
20102006
20102007
20102008
20102009
20102010
20102011
20102530
20102531
20102532
20102533
20102534
20102535
20102536
20102537
20102538
20102539
20102540
20102541
20102542
20102543
20102544
20102545
20102546
20102547
20102548
20102549
20102550
20102551
20102552
20102553
20102554
20111987
20111988
20111989
20111990
20111991
20111992
20111993
20111994
20111995
20111996
20111997
20111998
20111999
20112000
20112001
20112002
20112003
20112004
20112005
20112006
20112007
20112008
20112009
20112010
20112011
20112530
20112531
20112532
20112533
20112534
20112535
20112536
20112537
20112538
20112539
20112540
20112541
20112542
20112543
20112544
20112545
20112546
20112547
20112548
20112549
20112550
20112551
20112552
20112553
20112554
20121987
20121988
20121989
20121990
20121991
20121992
20121993
20121994
20121995
20121996
20121997
20121998
20121999
20122000
20122001
20122002
20122003
20122004
20122005
20122006
20122007
20122008
20122009
20122010
20122011
20122530
20122531
20122532
20122533
20122534
20122535
20122536
20122537
20122538
20122539
20122540
20122541
20122542
20122543
20122544
20122545
20122546
20122547
20122548
20122549
20122550
20122551
20122552
20122553
20122554
21011987
21011988
21011989
21011990
21011991
21011992
21011993
21011994
21011995
21011996
21011997
21011998
21011999
21012000
21012001
21012002
21012003
21012004
21012005
21012006
21012007
21012008
21012009
21012010
21012011
21012530
21012531
21012532
21012533
21012534
21012535
21012536
21012537
21012538
21012539
21012540
21012541
21012542
21012543
21012544
21012545
21012546
21012547
21012548
21012549
21012550
21012551
21012552
21012553
21012554
21021987
21021988
21021989
21021990
21021991
21021992
21021993
21021994
21021995
21021996
21021997
21021998
21021999
21022000
21022001
21022002
21022003
21022004
21022005
21022006
21022007
21022008
21022009
21022010
21022011
21022530
21022531
21022532
21022533
21022534
21022535
21022536
21022537
21022538
21022539
21022540
21022541
21022542
21022543
21022544
21022545
21022546
21022547
21022548
21022549
21022550
21022551
21022552
21022553
21022554
21031987
21031988
21031989
21031990
21031991
21031992
21031993
21031994
21031995
21031996
21031997
21031998
21031999
21032000
21032001
21032002
21032003
21032004
21032005
21032006
21032007
21032008
21032009
21032010
21032011
21032530
21032531
21032532
21032533
21032534
21032535
21032536
21032537
21032538
21032539
21032540
21032541
21032542
21032543
21032544
21032545
21032546
21032547
21032548
21032549
21032550
21032551
21032552
21032553
21032554
21041987
21041988
21041989
21041990
21041991
21041992
21041993
21041994
21041995
21041996
21041997
21041998
21041999
21042000
21042001
21042002
21042003
21042004
21042005
21042006
21042007
21042008
21042009
21042010
21042011
21042530
21042531
21042532
21042533
21042534
21042535
21042536
21042537
21042538
21042539
21042540
21042541
21042542
21042543
21042544
21042545
21042546
21042547
21042548
21042549
21042550
21042551
21042552
21042553
21042554
21051987
21051988
21051989
21051990
21051991
21051992
21051993
21051994
21051995
21051996
21051997
21051998
21051999
21052000
21052001
21052002
21052003
21052004
21052005
21052006
21052007
21052008
21052009
21052010
21052011
21052530
21052531
21052532
21052533
21052534
21052535
21052536
21052537
21052538
21052539
21052540
21052541
21052542
21052543
21052544
21052545
21052546
21052547
21052548
21052549
21052550
21052551
21052552
21052553
21052554
21061987
21061988
21061989
21061990
21061991
21061992
21061993
21061994
21061995
21061996
21061997
21061998
21061999
21062000
21062001
21062002
21062003
21062004
21062005
21062006
21062007
21062008
21062009
21062010
21062011
21062530
21062531
21062532
21062533
21062534
21062535
21062536
21062537
21062538
21062539
21062540
21062541
21062542
21062543
21062544
21062545
21062546
21062547
21062548
21062549
21062550
21062551
21062552
21062553
21062554
21071987
21071988
21071989
21071990
21071991
21071992
21071993
21071994
21071995
21071996
21071997
21071998
21071999
21072000
21072001
21072002
21072003
21072004
21072005
21072006
21072007
21072008
21072009
21072010
21072011
21072530
21072531
21072532
21072533
21072534
21072535
21072536
21072537
21072538
21072539
21072540
21072541
21072542
21072543
21072544
21072545
21072546
21072547
21072548
21072549
21072550
21072551
21072552
21072553
21072554
21081987
21081988
21081989
21081990
21081991
21081992
21081993
21081994
21081995
21081996
21081997
21081998
21081999
21082000
21082001
21082002
21082003
21082004
21082005
21082006
21082007
21082008
21082009
21082010
21082011
21082530
21082531
21082532
21082533
21082534
21082535
21082536
21082537
21082538
21082539
21082540
21082541
21082542
21082543
21082544
21082545
21082546
21082547
21082548
21082549
21082550
21082551
21082552
21082553
21082554
21091987
21091988
21091989
21091990
21091991
21091992
21091993
21091994
21091995
21091996
21091997
21091998
21091999
21092000
21092001
21092002
21092003
21092004
21092005
21092006
21092007
21092008
21092009
21092010
21092011
21092530
21092531
21092532
21092533
21092534
21092535
21092536
21092537
21092538
21092539
21092540
21092541
21092542
21092543
21092544
21092545
21092546
21092547
21092548
21092549
21092550
21092551
21092552
21092553
21092554
21101987
21101988
21101989
21101990
21101991
21101992
21101993
21101994
21101995
21101996
21101997
21101998
21101999
21102000
21102001
21102002
21102003
21102004
21102005
21102006
21102007
21102008
21102009
21102010
21102011
21102530
21102531
21102532
21102533
21102534
21102535
21102536
21102537
21102538
21102539
21102540
21102541
21102542
21102543
21102544
21102545
21102546
21102547
21102548
21102549
21102550
21102551
21102552
21102553
21102554
21111987
21111988
21111989
21111990
21111991
21111992
21111993
21111994
21111995
21111996
21111997
21111998
21111999
21112000
21112001
21112002
21112003
21112004
21112005
21112006
21112007
21112008
21112009
21112010
21112011
21112530
21112531
21112532
21112533
21112534
21112535
21112536
21112537
21112538
21112539
21112540
21112541
21112542
21112543
21112544
21112545
21112546
21112547
21112548
21112549
21112550
21112551
21112552
21112553
21112554
21121987
21121988
21121989
21121990
21121991
21121992
21121993
21121994
21121995
21121996
21121997
21121998
21121999
21122000
21122001
21122002
21122003
21122004
21122005
21122006
21122007
21122008
21122009
21122010
21122011
21122530
21122531
21122532
21122533
21122534
21122535
21122536
21122537
21122538
21122539
21122540
21122541
21122542
21122543
21122544
21122545
21122546
21122547
21122548
21122549
21122550
21122551
21122552
21122553
21122554
22011987
22011988
22011989
22011990
22011991
22011992
22011993
22011994
22011995
22011996
22011997
22011998
22011999
22012000
22012001
22012002
22012003
22012004
22012005
22012006
22012007
22012008
22012009
22012010
22012011
22012530
22012531
22012532
22012533
22012534
22012535
22012536
22012537
22012538
22012539
22012540
22012541
22012542
22012543
22012544
22012545
22012546
22012547
22012548
22012549
22012550
22012551
22012552
22012553
22012554
22021987
22021988
22021989
22021990
22021991
22021992
22021993
22021994
22021995
22021996
22021997
22021998
22021999
22022000
22022001
22022002
22022003
22022004
22022005
22022006
22022007
22022008
22022009
22022010
22022011
22022530
22022531
22022532
22022533
22022534
22022535
22022536
22022537
22022538
22022539
22022540
22022541
22022542
22022543
22022544
22022545
22022546
22022547
22022548
22022549
22022550
22022551
22022552
22022553
22022554
22031987
22031988
22031989
22031990
22031991
22031992
22031993
22031994
22031995
22031996
22031997
22031998
22031999
22032000
22032001
22032002
22032003
22032004
22032005
22032006
22032007
22032008
22032009
22032010
22032011
22032530
22032531
22032532
22032533
22032534
22032535
22032536
22032537
22032538
22032539
22032540
22032541
22032542
22032543
22032544
22032545
22032546
22032547
22032548
22032549
22032550
22032551
22032552
22032553
22032554
22041987
22041988
22041989
22041990
22041991
22041992
22041993
22041994
22041995
22041996
22041997
22041998
22041999
22042000
22042001
22042002
22042003
22042004
22042005
22042006
22042007
22042008
22042009
22042010
22042011
22042530
22042531
22042532
22042533
22042534
22042535
22042536
22042537
22042538
22042539
22042540
22042541
22042542
22042543
22042544
22042545
22042546
22042547
22042548
22042549
22042550
22042551
22042552
22042553
22042554
22051987
22051988
22051989
22051990
22051991
22051992
22051993
22051994
22051995
22051996
22051997
22051998
22051999
22052000
22052001
22052002
22052003
22052004
22052005
22052006
22052007
22052008
22052009
22052010
22052011
22052530
22052531
22052532
22052533
22052534
22052535
22052536
22052537
22052538
22052539
22052540
22052541
22052542
22052543
22052544
22052545
22052546
22052547
22052548
22052549
22052550
22052551
22052552
22052553
22052554
22061987
22061988
22061989
22061990
22061991
22061992
22061993
22061994
22061995
22061996
22061997
22061998
22061999
22062000
22062001
22062002
22062003
22062004
22062005
22062006
22062007
22062008
22062009
22062010
22062011
22062530
22062531
22062532
22062533
22062534
22062535
22062536
22062537
22062538
22062539
22062540
22062541
22062542
22062543
22062544
22062545
22062546
22062547
22062548
22062549
22062550
22062551
22062552
22062553
22062554
22071987
22071988
22071989
22071990
22071991
22071992
22071993
22071994
22071995
22071996
22071997
22071998
22071999
22072000
22072001
22072002
22072003
22072004
22072005
22072006
22072007
22072008
22072009
22072010
22072011
22072530
22072531
22072532
22072533
22072534
22072535
22072536
22072537
22072538
22072539
22072540
22072541
22072542
22072543
22072544
22072545
22072546
22072547
22072548
22072549
22072550
22072551
22072552
22072553
22072554
22081987
22081988
22081989
22081990
22081991
22081992
22081993
22081994
22081995
22081996
22081997
22081998
22081999
22082000
22082001
22082002
22082003
22082004
22082005
22082006
22082007
22082008
22082009
22082010
22082011
22082530
22082531
22082532
22082533
22082534
22082535
22082536
22082537
22082538
22082539
22082540
22082541
22082542
22082543
22082544
22082545
22082546
22082547
22082548
22082549
22082550
22082551
22082552
22082553
22082554
22091987
22091988
22091989
22091990
22091991
22091992
22091993
22091994
22091995
22091996
22091997
22091998
22091999
22092000
22092001
22092002
22092003
22092004
22092005
22092006
22092007
22092008
22092009
22092010
22092011
22092530
22092531
22092532
22092533
22092534
22092535
22092536
22092537
22092538
22092539
22092540
22092541
22092542
22092543
22092544
22092545
22092546
22092547
22092548
22092549
22092550
22092551
22092552
22092553
22092554
22101987
22101988
22101989
22101990
22101991
22101992
22101993
22101994
22101995
22101996
22101997
22101998
22101999
22102000
22102001
22102002
22102003
22102004
22102005
22102006
22102007
22102008
22102009
22102010
22102011
22102530
22102531
22102532
22102533
22102534
22102535
22102536
22102537
22102538
22102539
22102540
22102541
22102542
22102543
22102544
22102545
22102546
22102547
22102548
22102549
22102550
22102551
22102552
22102553
22102554
22111987
22111988
22111989
22111990
22111991
22111992
22111993
22111994
22111995
22111996
22111997
22111998
22111999
22112000
22112001
22112002
22112003
22112004
22112005
22112006
22112007
22112008
22112009
22112010
22112011
22112530
22112531
22112532
22112533
22112534
22112535
22112536
22112537
22112538
22112539
22112540
22112541
22112542
22112543
22112544
22112545
22112546
22112547
22112548
22112549
22112550
22112551
22112552
22112553
22112554
22121987
22121988
22121989
22121990
22121991
22121992
22121993
22121994
22121995
22121996
22121997
22121998
22121999
22122000
22122001
22122002
22122003
22122004
22122005
22122006
22122007
22122008
22122009
22122010
22122011
22122530
22122531
22122532
22122533
22122534
22122535
22122536
22122537
22122538
22122539
22122540
22122541
22122542
22122543
22122544
22122545
22122546
22122547
22122548
22122549
22122550
22122551
22122552
22122553
22122554
22222222
222222222
2222222222
23011987
23011988
23011989
23011990
23011991
23011992
23011993
23011994
23011995
23011996
23011997
23011998
23011999
23012000
23012001
23012002
23012003
23012004
23012005
23012006
23012007
23012008
23012009
23012010
23012011
23012530
23012531
23012532
23012533
23012534
23012535
23012536
23012537
23012538
23012539
23012540
23012541
23012542
23012543
23012544
23012545
23012546
23012547
23012548
23012549
23012550
23012551
23012552
23012553
23012554
23021987
23021988
23021989
23021990
23021991
23021992
23021993
23021994
23021995
23021996
23021997
23021998
23021999
23022000
23022001
23022002
23022003
23022004
23022005
23022006
23022007
23022008
23022009
23022010
23022011
23022530
23022531
23022532
23022533
23022534
23022535
23022536
23022537
23022538
23022539
23022540
23022541
23022542
23022543
23022544
23022545
23022546
23022547
23022548
23022549
23022550
23022551
23022552
23022553
23022554
23031987
23031988
23031989
23031990
23031991
23031992
23031993
23031994
23031995
23031996
23031997
23031998
23031999
23032000
23032001
23032002
23032003
23032004
23032005
23032006
23032007
23032008
23032009
23032010
23032011
23032530
23032531
23032532
23032533
23032534
23032535
23032536
23032537
23032538
23032539
23032540
23032541
23032542
23032543
23032544
23032545
23032546
23032547
23032548
23032549
23032550
23032551
23032552
23032553
23032554
23041987
23041988
23041989
23041990
23041991
23041992
23041993
23041994
23041995
23041996
23041997
23041998
23041999
23042000
23042001
23042002
23042003
23042004
23042005
23042006
23042007
23042008
23042009
23042010
23042011
23042530
23042531
23042532
23042533
23042534
23042535
23042536
23042537
23042538
23042539
23042540
23042541
23042542
23042543
23042544
23042545
23042546
23042547
23042548
23042549
23042550
23042551
23042552
23042553
23042554
23051987
23051988
23051989
23051990
23051991
23051992
23051993
23051994
23051995
23051996
23051997
23051998
23051999
23052000
23052001
23052002
23052003
23052004
23052005
23052006
23052007
23052008
23052009
23052010
23052011
23052530
23052531
23052532
23052533
23052534
23052535
23052536
23052537
23052538
23052539
23052540
23052541
23052542
23052543
23052544
23052545
23052546
23052547
23052548
23052549
23052550
23052551
23052552
23052553
23052554
23061987
23061988
23061989
23061990
23061991
23061992
23061993
23061994
23061995
23061996
23061997
23061998
23061999
23062000
23062001
23062002
23062003
23062004
23062005
23062006
23062007
23062008
23062009
23062010
23062011
23062530
23062531
23062532
23062533
23062534
23062535
23062536
23062537
23062538
23062539
23062540
23062541
23062542
23062543
23062544
23062545
23062546
23062547
23062548
23062549
23062550
23062551
23062552
23062553
23062554
23071987
23071988
23071989
23071990
23071991
23071992
23071993
23071994
23071995
23071996
23071997
23071998
23071999
23072000
23072001
23072002
23072003
23072004
23072005
23072006
23072007
23072008
23072009
23072010
23072011
23072530
23072531
23072532
23072533
23072534
23072535
23072536
23072537
23072538
23072539
23072540
23072541
23072542
23072543
23072544
23072545
23072546
23072547
23072548
23072549
23072550
23072551
23072552
23072553
23072554
23081987
23081988
23081989
23081990
23081991
23081992
23081993
23081994
23081995
23081996
23081997
23081998
23081999
23082000
23082001
23082002
23082003
23082004
23082005
23082006
23082007
23082008
23082009
23082010
23082011
23082530
23082531
23082532
23082533
23082534
23082535
23082536
23082537
23082538
23082539
23082540
23082541
23082542
23082543
23082544
23082545
23082546
23082547
23082548
23082549
23082550
23082551
23082552
23082553
23082554
23091987
23091988
23091989
23091990
23091991
23091992
23091993
23091994
23091995
23091996
23091997
23091998
23091999
23092000
23092001
23092002
23092003
23092004
23092005
23092006
23092007
23092008
23092009
23092010
23092011
23092530
23092531
23092532
23092533
23092534
23092535
23092536
23092537
23092538
23092539
23092540
23092541
23092542
23092543
23092544
23092545
23092546
23092547
23092548
23092549
23092550
23092551
23092552
23092553
23092554
23101987
23101988
23101989
23101990
23101991
23101992
23101993
23101994
23101995
23101996
23101997
23101998
23101999
23102000
23102001
23102002
23102003
23102004
23102005
23102006
23102007
23102008
23102009
23102010
23102011
23102530
23102531
23102532
23102533
23102534
23102535
23102536
23102537
23102538
23102539
23102540
23102541
23102542
23102543
23102544
23102545
23102546
23102547
23102548
23102549
23102550
23102551
23102552
23102553
23102554
23111987
23111988
23111989
23111990
23111991
23111992
23111993
23111994
23111995
23111996
23111997
23111998
23111999
23112000
23112001
23112002
23112003
23112004
23112005
23112006
23112007
23112008
23112009
23112010
23112011
23112530
23112531
23112532
23112533
23112534
23112535
23112536
23112537
23112538
23112539
23112540
23112541
23112542
23112543
23112544
23112545
23112546
23112547
23112548
23112549
23112550
23112551
23112552
23112553
23112554
23121987
23121988
23121989
23121990
23121991
23121992
23121993
23121994
23121995
23121996
23121997
23121998
23121999
23122000
23122001
23122002
23122003
23122004
23122005
23122006
23122007
23122008
23122009
23122010
23122011
23122530
23122531
23122532
23122533
23122534
23122535
23122536
23122537
23122538
23122539
23122540
23122541
23122542
23122543
23122544
23122545
23122546
23122547
23122548
23122549
23122550
23122551
23122552
23122553
23122554
24011987
24011988
24011989
24011990
24011991
24011992
24011993
24011994
24011995
24011996
24011997
24011998
24011999
24012000
24012001
24012002
24012003
24012004
24012005
24012006
24012007
24012008
24012009
24012010
24012011
24012530
24012531
24012532
24012533
24012534
24012535
24012536
24012537
24012538
24012539
24012540
24012541
24012542
24012543
24012544
24012545
24012546
24012547
24012548
24012549
24012550
24012551
24012552
24012553
24012554
24021987
24021988
24021989
24021990
24021991
24021992
24021993
24021994
24021995
24021996
24021997
24021998
24021999
24022000
24022001
24022002
24022003
24022004
24022005
24022006
24022007
24022008
24022009
24022010
24022011
24022530
24022531
24022532
24022533
24022534
24022535
24022536
24022537
24022538
24022539
24022540
24022541
24022542
24022543
24022544
24022545
24022546
24022547
24022548
24022549
24022550
24022551
24022552
24022553
24022554
24031987
24031988
24031989
24031990
24031991
24031992
24031993
24031994
24031995
24031996
24031997
24031998
24031999
24032000
24032001
24032002
24032003
24032004
24032005
24032006
24032007
24032008
24032009
24032010
24032011
24032530
24032531
24032532
24032533
24032534
24032535
24032536
24032537
24032538
24032539
24032540
24032541
24032542
24032543
24032544
24032545
24032546
24032547
24032548
24032549
24032550
24032551
24032552
24032553
24032554
24041987
24041988
24041989
24041990
24041991
24041992
24041993
24041994
24041995
24041996
24041997
24041998
24041999
24042000
24042001
24042002
24042003
24042004
24042005
24042006
24042007
24042008
24042009
24042010
24042011
24042530
24042531
24042532
24042533
24042534
24042535
24042536
24042537
24042538
24042539
24042540
24042541
24042542
24042543
24042544
24042545
24042546
24042547
24042548
24042549
24042550
24042551
24042552
24042553
24042554
24051987
24051988
24051989
24051990
24051991
24051992
24051993
24051994
24051995
24051996
24051997
24051998
24051999
24052000
24052001
24052002
24052003
24052004
24052005
24052006
24052007
24052008
24052009
24052010
24052011
24052530
24052531
24052532
24052533
24052534
24052535
24052536
24052537
24052538
24052539
24052540
24052541
24052542
24052543
24052544
24052545
24052546
24052547
24052548
24052549
24052550
24052551
24052552
24052553
24052554
24061987
24061988
24061989
24061990
24061991
24061992
24061993
24061994
24061995
24061996
24061997
24061998
24061999
24062000
24062001
24062002
24062003
24062004
24062005
24062006
24062007
24062008
24062009
24062010
24062011
24062530
24062531
24062532
24062533
24062534
24062535
24062536
24062537
24062538
24062539
24062540
24062541
24062542
24062543
24062544
24062545
24062546
24062547
24062548
24062549
24062550
24062551
24062552
24062553
24062554
24071987
24071988
24071989
24071990
24071991
24071992
24071993
24071994
24071995
24071996
24071997
24071998
24071999
24072000
24072001
24072002
24072003
24072004
24072005
24072006
24072007
24072008
24072009
24072010
24072011
24072530
24072531
24072532
24072533
24072534
24072535
24072536
24072537
24072538
24072539
24072540
24072541
24072542
24072543
24072544
24072545
24072546
24072547
24072548
24072549
24072550
24072551
24072552
24072553
24072554
24081987
24081988
24081989
24081990
24081991
24081992
24081993
24081994
24081995
24081996
24081997
24081998
24081999
24082000
24082001
24082002
24082003
24082004
24082005
24082006
24082007
24082008
24082009
24082010
24082011
24082530
24082531
24082532
24082533
24082534
24082535
24082536
24082537
24082538
24082539
24082540
24082541
24082542
24082543
24082544
24082545
24082546
24082547
24082548
24082549
24082550
24082551
24082552
24082553
24082554
24091987
24091988
24091989
24091990
24091991
24091992
24091993
24091994
24091995
24091996
24091997
24091998
24091999
24092000
24092001
24092002
24092003
24092004
24092005
24092006
24092007
24092008
24092009
24092010
24092011
24092530
24092531
24092532
24092533
24092534
24092535
24092536
24092537
24092538
24092539
24092540
24092541
24092542
24092543
24092544
24092545
24092546
24092547
24092548
24092549
24092550
24092551
24092552
24092553
24092554
24101987
24101988
24101989
24101990
24101991
24101992
24101993
24101994
24101995
24101996
24101997
24101998
24101999
24102000
24102001
24102002
24102003
24102004
24102005
24102006
24102007
24102008
24102009
24102010
24102011
24102530
24102531
24102532
24102533
24102534
24102535
24102536
24102537
24102538
24102539
24102540
24102541
24102542
24102543
24102544
24102545
24102546
24102547
24102548
24102549
24102550
24102551
24102552
24102553
24102554
24111987
24111988
24111989
24111990
24111991
24111992
24111993
24111994
24111995
24111996
24111997
24111998
24111999
24112000
24112001
24112002
24112003
24112004
24112005
24112006
24112007
24112008
24112009
24112010
24112011
24112530
24112531
24112532
24112533
24112534
24112535
24112536
24112537
24112538
24112539
24112540
24112541
24112542
24112543
24112544
24112545
24112546
24112547
24112548
24112549
24112550
24112551
24112552
24112553
24112554
24121987
24121988
24121989
24121990
24121991
24121992
24121993
24121994
24121995
24121996
24121997
24121998
24121999
24122000
24122001
24122002
24122003
24122004
24122005
24122006
24122007
24122008
24122009
24122010
24122011
24122530
24122531
24122532
24122533
24122534
24122535
24122536
24122537
24122538
24122539
24122540
24122541
24122542
24122543
24122544
24122545
24122546
24122547
24122548
24122549
24122550
24122551
24122552
24122553
24122554
24681357
25011987
25011988
25011989
25011990
25011991
25011992
25011993
25011994
25011995
25011996
25011997
25011998
25011999
25012000
25012001
25012002
25012003
25012004
25012005
25012006
25012007
25012008
25012009
25012010
25012011
25012530
25012531
25012532
25012533
25012534
25012535
25012536
25012537
25012538
25012539
25012540
25012541
25012542
25012543
25012544
25012545
25012546
25012547
25012548
25012549
25012550
25012551
25012552
25012553
25012554
25021987
25021988
25021989
25021990
25021991
25021992
25021993
25021994
25021995
25021996
25021997
25021998
25021999
25022000
25022001
25022002
25022003
25022004
25022005
25022006
25022007
25022008
25022009
25022010
25022011
25022530
25022531
25022532
25022533
25022534
25022535
25022536
25022537
25022538
25022539
25022540
25022541
25022542
25022543
25022544
25022545
25022546
25022547
25022548
25022549
25022550
25022551
25022552
25022553
25022554
25031987
25031988
25031989
25031990
25031991
25031992
25031993
25031994
25031995
25031996
25031997
25031998
25031999
25032000
25032001
25032002
25032003
25032004
25032005
25032006
25032007
25032008
25032009
25032010
25032011
25032530
25032531
25032532
25032533
25032534
25032535
25032536
25032537
25032538
25032539
25032540
25032541
25032542
25032543
25032544
25032545
25032546
25032547
25032548
25032549
25032550
25032551
25032552
25032553
25032554
25041987
25041988
25041989
25041990
25041991
25041992
25041993
25041994
25041995
25041996
25041997
25041998
25041999
25042000
25042001
25042002
25042003
25042004
25042005
25042006
25042007
25042008
25042009
25042010
25042011
25042530
25042531
25042532
25042533
25042534
25042535
25042536
25042537
25042538
25042539
25042540
25042541
25042542
25042543
25042544
25042545
25042546
25042547
25042548
25042549
25042550
25042551
25042552
25042553
25042554
25051987
25051988
25051989
25051990
25051991
25051992
25051993
25051994
25051995
25051996
25051997
25051998
25051999
25052000
25052001
25052002
25052003
25052004
25052005
25052006
25052007
25052008
25052009
25052010
25052011
25052530
25052531
25052532
25052533
25052534
25052535
25052536
25052537
25052538
25052539
25052540
25052541
25052542
25052543
25052544
25052545
25052546
25052547
25052548
25052549
25052550
25052551
25052552
25052553
25052554
25061987
25061988
25061989
25061990
25061991
25061992
25061993
25061994
25061995
25061996
25061997
25061998
25061999
25062000
25062001
25062002
25062003
25062004
25062005
25062006
25062007
25062008
25062009
25062010
25062011
25062530
25062531
25062532
25062533
25062534
25062535
25062536
25062537
25062538
25062539
25062540
25062541
25062542
25062543
25062544
25062545
25062546
25062547
25062548
25062549
25062550
25062551
25062552
25062553
25062554
25071987
25071988
25071989
25071990
25071991
25071992
25071993
25071994
25071995
25071996
25071997
25071998
25071999
25072000
25072001
25072002
25072003
25072004
25072005
25072006
25072007
25072008
25072009
25072010
25072011
25072530
25072531
25072532
25072533
25072534
25072535
25072536
25072537
25072538
25072539
25072540
25072541
25072542
25072543
25072544
25072545
25072546
25072547
25072548
25072549
25072550
25072551
25072552
25072553
25072554
25081987
25081988
25081989
25081990
25081991
25081992
25081993
25081994
25081995
25081996
25081997
25081998
25081999
25082000
25082001
25082002
25082003
25082004
25082005
25082006
25082007
25082008
25082009
25082010
25082011
25082530
25082531
25082532
25082533
25082534
25082535
25082536
25082537
25082538
25082539
25082540
25082541
25082542
25082543
25082544
25082545
25082546
25082547
25082548
25082549
25082550
25082551
25082552
25082553
25082554
25091987
25091988
25091989
25091990
25091991
25091992
25091993
25091994
25091995
25091996
25091997
25091998
25091999
25092000
25092001
25092002
25092003
25092004
25092005
25092006
25092007
25092008
25092009
25092010
25092011
25092530
25092531
25092532
25092533
25092534
25092535
25092536
25092537
25092538
25092539
25092540
25092541
25092542
25092543
25092544
25092545
25092546
25092547
25092548
25092549
25092550
25092551
25092552
25092553
25092554
25101987
25101988
25101989
25101990
25101991
25101992
25101993
25101994
25101995
25101996
25101997
25101998
25101999
25102000
25102001
25102002
25102003
25102004
25102005
25102006
25102007
25102008
25102009
25102010
25102011
25102530
25102531
25102532
25102533
25102534
25102535
25102536
25102537
25102538
25102539
25102540
25102541
25102542
25102543
25102544
25102545
25102546
25102547
25102548
25102549
25102550
25102551
25102552
25102553
25102554
25111987
25111988
25111989
25111990
25111991
25111992
25111993
25111994
25111995
25111996
25111997
25111998
25111999
25112000
25112001
25112002
25112003
25112004
25112005
25112006
25112007
25112008
25112009
25112010
25112011
25112530
25112531
25112532
25112533
25112534
25112535
25112536
25112537
25112538
25112539
25112540
25112541
25112542
25112543
25112544
25112545
25112546
25112547
25112548
25112549
25112550
25112551
25112552
25112553
25112554
25121987
25121988
25121989
25121990
25121991
25121992
25121993
25121994
25121995
25121996
25121997
25121998
25121999
25122000
25122001
25122002
25122003
25122004
25122005
25122006
25122007
25122008
25122009
25122010
25122011
25122530
25122531
25122532
25122533
25122534
25122535
25122536
25122537
25122538
25122539
25122540
25122541
25122542
25122543
25122544
25122545
25122546
25122547
25122548
25122549
25122550
25122551
25122552
25122553
25122554
26011987
26011988
26011989
26011990
26011991
26011992
26011993
26011994
26011995
26011996
26011997
26011998
26011999
26012000
26012001
26012002
26012003
26012004
26012005
26012006
26012007
26012008
26012009
26012010
26012011
26012530
26012531
26012532
26012533
26012534
26012535
26012536
26012537
26012538
26012539
26012540
26012541
26012542
26012543
26012544
26012545
26012546
26012547
26012548
26012549
26012550
26012551
26012552
26012553
26012554
26021987
26021988
26021989
26021990
26021991
26021992
26021993
26021994
26021995
26021996
26021997
26021998
26021999
26022000
26022001
26022002
26022003
26022004
26022005
26022006
26022007
26022008
26022009
26022010
26022011
26022530
26022531
26022532
26022533
26022534
26022535
26022536
26022537
26022538
26022539
26022540
26022541
26022542
26022543
26022544
26022545
26022546
26022547
26022548
26022549
26022550
26022551
26022552
26022553
26022554
26031987
26031988
26031989
26031990
26031991
26031992
26031993
26031994
26031995
26031996
26031997
26031998
26031999
26032000
26032001
26032002
26032003
26032004
26032005
26032006
26032007
26032008
26032009
26032010
26032011
26032530
26032531
26032532
26032533
26032534
26032535
26032536
26032537
26032538
26032539
26032540
26032541
26032542
26032543
26032544
26032545
26032546
26032547
26032548
26032549
26032550
26032551
26032552
26032553
26032554
26041987
26041988
26041989
26041990
26041991
26041992
26041993
26041994
26041995
26041996
26041997
26041998
26041999
26042000
26042001
26042002
26042003
26042004
26042005
26042006
26042007
26042008
26042009
26042010
26042011
26042530
26042531
26042532
26042533
26042534
26042535
26042536
26042537
26042538
26042539
26042540
26042541
26042542
26042543
26042544
26042545
26042546
26042547
26042548
26042549
26042550
26042551
26042552
26042553
26042554
26051987
26051988
26051989
26051990
26051991
26051992
26051993
26051994
26051995
26051996
26051997
26051998
26051999
26052000
26052001
26052002
26052003
26052004
26052005
26052006
26052007
26052008
26052009
26052010
26052011
26052530
26052531
26052532
26052533
26052534
26052535
26052536
26052537
26052538
26052539
26052540
26052541
26052542
26052543
26052544
26052545
26052546
26052547
26052548
26052549
26052550
26052551
26052552
26052553
26052554
26061987
26061988
26061989
26061990
26061991
26061992
26061993
26061994
26061995
26061996
26061997
26061998
26061999
26062000
26062001
26062002
26062003
26062004
26062005
26062006
26062007
26062008
26062009
26062010
26062011
26062530
26062531
26062532
26062533
26062534
26062535
26062536
26062537
26062538
26062539
26062540
26062541
26062542
26062543
26062544
26062545
26062546
26062547
26062548
26062549
26062550
26062551
26062552
26062553
26062554
26071987
26071988
26071989
26071990
26071991
26071992
26071993
26071994
26071995
26071996
26071997
26071998
26071999
26072000
26072001
26072002
26072003
26072004
26072005
26072006
26072007
26072008
26072009
26072010
26072011
26072530
26072531
26072532
26072533
26072534
26072535
26072536
26072537
26072538
26072539
26072540
26072541
26072542
26072543
26072544
26072545
26072546
26072547
26072548
26072549
26072550
26072551
26072552
26072553
26072554
26081987
26081988
26081989
26081990
26081991
26081992
26081993
26081994
26081995
26081996
26081997
26081998
26081999
26082000
26082001
26082002
26082003
26082004
26082005
26082006
26082007
26082008
26082009
26082010
26082011
26082530
26082531
26082532
26082533
26082534
26082535
26082536
26082537
26082538
26082539
26082540
26082541
26082542
26082543
26082544
26082545
26082546
26082547
26082548
26082549
26082550
26082551
26082552
26082553
26082554
26091987
26091988
26091989
26091990
26091991
26091992
26091993
26091994
26091995
26091996
26091997
26091998
26091999
26092000
26092001
26092002
26092003
26092004
26092005
26092006
26092007
26092008
26092009
26092010
26092011
26092530
26092531
26092532
26092533
26092534
26092535
26092536
26092537
26092538
26092539
26092540
26092541
26092542
26092543
26092544
26092545
26092546
26092547
26092548
26092549
26092550
26092551
26092552
26092553
26092554
26101987
26101988
26101989
26101990
26101991
26101992
26101993
26101994
26101995
26101996
26101997
26101998
26101999
26102000
26102001
26102002
26102003
26102004
26102005
26102006
26102007
26102008
26102009
26102010
26102011
26102530
26102531
26102532
26102533
26102534
26102535
26102536
26102537
26102538
26102539
26102540
26102541
26102542
26102543
26102544
26102545
26102546
26102547
26102548
26102549
26102550
26102551
26102552
26102553
26102554
26111987
26111988
26111989
26111990
26111991
26111992
26111993
26111994
26111995
26111996
26111997
26111998
26111999
26112000
26112001
26112002
26112003
26112004
26112005
26112006
26112007
26112008
26112009
26112010
26112011
26112530
26112531
26112532
26112533
26112534
26112535
26112536
26112537
26112538
26112539
26112540
26112541
26112542
26112543
26112544
26112545
26112546
26112547
26112548
26112549
26112550
26112551
26112552
26112553
26112554
26121987
26121988
26121989
26121990
26121991
26121992
26121993
26121994
26121995
26121996
26121997
26121998
26121999
26122000
26122001
26122002
26122003
26122004
26122005
26122006
26122007
26122008
26122009
26122010
26122011
26122530
26122531
26122532
26122533
26122534
26122535
26122536
26122537
26122538
26122539
26122540
26122541
26122542
26122543
26122544
26122545
26122546
26122547
26122548
26122549
26122550
26122551
26122552
26122553
26122554
27011987
27011988
27011989
27011990
27011991
27011992
27011993
27011994
27011995
27011996
27011997
27011998
27011999
27012000
27012001
27012002
27012003
27012004
27012005
27012006
27012007
27012008
27012009
27012010
27012011
27012530
27012531
27012532
27012533
27012534
27012535
27012536
27012537
27012538
27012539
27012540
27012541
27012542
27012543
27012544
27012545
27012546
27012547
27012548
27012549
27012550
27012551
27012552
27012553
27012554
27021987
27021988
27021989
27021990
27021991
27021992
27021993
27021994
27021995
27021996
27021997
27021998
27021999
27022000
27022001
27022002
27022003
27022004
27022005
27022006
27022007
27022008
27022009
27022010
27022011
27022530
27022531
27022532
27022533
27022534
27022535
27022536
27022537
27022538
27022539
27022540
27022541
27022542
27022543
27022544
27022545
27022546
27022547
27022548
27022549
27022550
27022551
27022552
27022553
27022554
27031987
27031988
27031989
27031990
27031991
27031992
27031993
27031994
27031995
27031996
27031997
27031998
27031999
27032000
27032001
27032002
27032003
27032004
27032005
27032006
27032007
27032008
27032009
27032010
27032011
27032530
27032531
27032532
27032533
27032534
27032535
27032536
27032537
27032538
27032539
27032540
27032541
27032542
27032543
27032544
27032545
27032546
27032547
27032548
27032549
27032550
27032551
27032552
27032553
27032554
27041987
27041988
27041989
27041990
27041991
27041992
27041993
27041994
27041995
27041996
27041997
27041998
27041999
27042000
27042001
27042002
27042003
27042004
27042005
27042006
27042007
27042008
27042009
27042010
27042011
27042530
27042531
27042532
27042533
27042534
27042535
27042536
27042537
27042538
27042539
27042540
27042541
27042542
27042543
27042544
27042545
27042546
27042547
27042548
27042549
27042550
27042551
27042552
27042553
27042554
27051987
27051988
27051989
27051990
27051991
27051992
27051993
27051994
27051995
27051996
27051997
27051998
27051999
27052000
27052001
27052002
27052003
27052004
27052005
27052006
27052007
27052008
27052009
27052010
27052011
27052530
27052531
27052532
27052533
27052534
27052535
27052536
27052537
27052538
27052539
27052540
27052541
27052542
27052543
27052544
27052545
27052546
27052547
27052548
27052549
27052550
27052551
27052552
27052553
27052554
27061987
27061988
27061989
27061990
27061991
27061992
27061993
27061994
27061995
27061996
27061997
27061998
27061999
27062000
27062001
27062002
27062003
27062004
27062005
27062006
27062007
27062008
27062009
27062010
27062011
27062530
27062531
27062532
27062533
27062534
27062535
27062536
27062537
27062538
27062539
27062540
27062541
27062542
27062543
27062544
27062545
27062546
27062547
27062548
27062549
27062550
27062551
27062552
27062553
27062554
27071987
27071988
27071989
27071990
27071991
27071992
27071993
27071994
27071995
27071996
27071997
27071998
27071999
27072000
27072001
27072002
27072003
27072004
27072005
27072006
27072007
27072008
27072009
27072010
27072011
27072530
27072531
27072532
27072533
27072534
27072535
27072536
27072537
27072538
27072539
27072540
27072541
27072542
27072543
27072544
27072545
27072546
27072547
27072548
27072549
27072550
27072551
27072552
27072553
27072554
27081987
27081988
27081989
27081990
27081991
27081992
27081993
27081994
27081995
27081996
27081997
27081998
27081999
27082000
27082001
27082002
27082003
27082004
27082005
27082006
27082007
27082008
27082009
27082010
27082011
27082530
27082531
27082532
27082533
27082534
27082535
27082536
27082537
27082538
27082539
27082540
27082541
27082542
27082543
27082544
27082545
27082546
27082547
27082548
27082549
27082550
27082551
27082552
27082553
27082554
27091987
27091988
27091989
27091990
27091991
27091992
27091993
27091994
27091995
27091996
27091997
27091998
27091999
27092000
27092001
27092002
27092003
27092004
27092005
27092006
27092007
27092008
27092009
27092010
27092011
27092530
27092531
27092532
27092533
27092534
27092535
27092536
27092537
27092538
27092539
27092540
27092541
27092542
27092543
27092544
27092545
27092546
27092547
27092548
27092549
27092550
27092551
27092552
27092553
27092554
27101987
27101988
27101989
27101990
27101991
27101992
27101993
27101994
27101995
27101996
27101997
27101998
27101999
27102000
27102001
27102002
27102003
27102004
27102005
27102006
27102007
27102008
27102009
27102010
27102011
27102530
27102531
27102532
27102533
27102534
27102535
27102536
27102537
27102538
27102539
27102540
27102541
27102542
27102543
27102544
27102545
27102546
27102547
27102548
27102549
27102550
27102551
27102552
27102553
27102554
27111987
27111988
27111989
27111990
27111991
27111992
27111993
27111994
27111995
27111996
27111997
27111998
27111999
27112000
27112001
27112002
27112003
27112004
27112005
27112006
27112007
27112008
27112009
27112010
27112011
27112530
27112531
27112532
27112533
27112534
27112535
27112536
27112537
27112538
27112539
27112540
27112541
27112542
27112543
27112544
27112545
27112546
27112547
27112548
27112549
27112550
27112551
27112552
27112553
27112554
27121987
27121988
27121989
27121990
27121991
27121992
27121993
27121994
27121995
27121996
27121997
27121998
27121999
27122000
27122001
27122002
27122003
27122004
27122005
27122006
27122007
27122008
27122009
27122010
27122011
27122530
27122531
27122532
27122533
27122534
27122535
27122536
27122537
27122538
27122539
27122540
27122541
27122542
27122543
27122544
27122545
27122546
27122547
27122548
27122549
27122550
27122551
27122552
27122553
27122554
28011987
28011988
28011989
28011990
28011991
28011992
28011993
28011994
28011995
28011996
28011997
28011998
28011999
28012000
28012001
28012002
28012003
28012004
28012005
28012006
28012007
28012008
28012009
28012010
28012011
28012530
28012531
28012532
28012533
28012534
28012535
28012536
28012537
28012538
28012539
28012540
28012541
28012542
28012543
28012544
28012545
28012546
28012547
28012548
28012549
28012550
28012551
28012552
28012553
28012554
28021987
28021988
28021989
28021990
28021991
28021992
28021993
28021994
28021995
28021996
28021997
28021998
28021999
28022000
28022001
28022002
28022003
28022004
28022005
28022006
28022007
28022008
28022009
28022010
28022011
28022530
28022531
28022532
28022533
28022534
28022535
28022536
28022537
28022538
28022539
28022540
28022541
28022542
28022543
28022544
28022545
28022546
28022547
28022548
28022549
28022550
28022551
28022552
28022553
28022554
28031987
28031988
28031989
28031990
28031991
28031992
28031993
28031994
28031995
28031996
28031997
28031998
28031999
28032000
28032001
28032002
28032003
28032004
28032005
28032006
28032007
28032008
28032009
28032010
28032011
28032530
28032531
28032532
28032533
28032534
28032535
28032536
28032537
28032538
28032539
28032540
28032541
28032542
28032543
28032544
28032545
28032546
28032547
28032548
28032549
28032550
28032551
28032552
28032553
28032554
28041987
28041988
28041989
28041990
28041991
28041992
28041993
28041994
28041995
28041996
28041997
28041998
28041999
28042000
28042001
28042002
28042003
28042004
28042005
28042006
28042007
28042008
28042009
28042010
28042011
28042530
28042531
28042532
28042533
28042534
28042535
28042536
28042537
28042538
28042539
28042540
28042541
28042542
28042543
28042544
28042545
28042546
28042547
28042548
28042549
28042550
28042551
28042552
28042553
28042554
28051987
28051988
28051989
28051990
28051991
28051992
28051993
28051994
28051995
28051996
28051997
28051998
28051999
28052000
28052001
28052002
28052003
28052004
28052005
28052006
28052007
28052008
28052009
28052010
28052011
28052530
28052531
28052532
28052533
28052534
28052535
28052536
28052537
28052538
28052539
28052540
28052541
28052542
28052543
28052544
28052545
28052546
28052547
28052548
28052549
28052550
28052551
28052552
28052553
28052554
28061987
28061988
28061989
28061990
28061991
28061992
28061993
28061994
28061995
28061996
28061997
28061998
28061999
28062000
28062001
28062002
28062003
28062004
28062005
28062006
28062007
28062008
28062009
28062010
28062011
28062530
28062531
28062532
28062533
28062534
28062535
28062536
28062537
28062538
28062539
28062540
28062541
28062542
28062543
28062544
28062545
28062546
28062547
28062548
28062549
28062550
28062551
28062552
28062553
28062554
28071987
28071988
28071989
28071990
28071991
28071992
28071993
28071994
28071995
28071996
28071997
28071998
28071999
28072000
28072001
28072002
28072003
28072004
28072005
28072006
28072007
28072008
28072009
28072010
28072011
28072530
28072531
28072532
28072533
28072534
28072535
28072536
28072537
28072538
28072539
28072540
28072541
28072542
28072543
28072544
28072545
28072546
28072547
28072548
28072549
28072550
28072551
28072552
28072553
28072554
28081987
28081988
28081989
28081990
28081991
28081992
28081993
28081994
28081995
28081996
28081997
28081998
28081999
28082000
28082001
28082002
28082003
28082004
28082005
28082006
28082007
28082008
28082009
28082010
28082011
28082530
28082531
28082532
28082533
28082534
28082535
28082536
28082537
28082538
28082539
28082540
28082541
28082542
28082543
28082544
28082545
28082546
28082547
28082548
28082549
28082550
28082551
28082552
28082553
28082554
28091987
28091988
28091989
28091990
28091991
28091992
28091993
28091994
28091995
28091996
28091997
28091998
28091999
28092000
28092001
28092002
28092003
28092004
28092005
28092006
28092007
28092008
28092009
28092010
28092011
28092530
28092531
28092532
28092533
28092534
28092535
28092536
28092537
28092538
28092539
28092540
28092541
28092542
28092543
28092544
28092545
28092546
28092547
28092548
28092549
28092550
28092551
28092552
28092553
28092554
28101987
28101988
28101989
28101990
28101991
28101992
28101993
28101994
28101995
28101996
28101997
28101998
28101999
28102000
28102001
28102002
28102003
28102004
28102005
28102006
28102007
28102008
28102009
28102010
28102011
28102530
28102531
28102532
28102533
28102534
28102535
28102536
28102537
28102538
28102539
28102540
28102541
28102542
28102543
28102544
28102545
28102546
28102547
28102548
28102549
28102550
28102551
28102552
28102553
28102554
28111987
28111988
28111989
28111990
28111991
28111992
28111993
28111994
28111995
28111996
28111997
28111998
28111999
28112000
28112001
28112002
28112003
28112004
28112005
28112006
28112007
28112008
28112009
28112010
28112011
28112530
28112531
28112532
28112533
28112534
28112535
28112536
28112537
28112538
28112539
28112540
28112541
28112542
28112543
28112544
28112545
28112546
28112547
28112548
28112549
28112550
28112551
28112552
28112553
28112554
28121987
28121988
28121989
28121990
28121991
28121992
28121993
28121994
28121995
28121996
28121997
28121998
28121999
28122000
28122001
28122002
28122003
28122004
28122005
28122006
28122007
28122008
28122009
28122010
28122011
28122530
28122531
28122532
28122533
28122534
28122535
28122536
28122537
28122538
28122539
28122540
28122541
28122542
28122543
28122544
28122545
28122546
28122547
28122548
28122549
28122550
28122551
28122552
28122553
28122554
28928928
29011987
29011988
29011989
29011990
29011991
29011992
29011993
29011994
29011995
29011996
29011997
29011998
29011999
29012000
29012001
29012002
29012003
29012004
29012005
29012006
29012007
29012008
29012009
29012010
29012011
29012530
29012531
29012532
29012533
29012534
29012535
29012536
29012537
29012538
29012539
29012540
29012541
29012542
29012543
29012544
29012545
29012546
29012547
29012548
29012549
29012550
29012551
29012552
29012553
29012554
29021987
29021988
29021989
29021990
29021991
29021992
29021993
29021994
29021995
29021996
29021997
29021998
29021999
29022000
29022001
29022002
29022003
29022004
29022005
29022006
29022007
29022008
29022009
29022010
29022011
29022530
29022531
29022532
29022533
29022534
29022535
29022536
29022537
29022538
29022539
29022540
29022541
29022542
29022543
29022544
29022545
29022546
29022547
29022548
29022549
29022550
29022551
29022552
29022553
29022554
29031987
29031988
29031989
29031990
29031991
29031992
29031993
29031994
29031995
29031996
29031997
29031998
29031999
29032000
29032001
29032002
29032003
29032004
29032005
29032006
29032007
29032008
29032009
29032010
29032011
29032530
29032531
29032532
29032533
29032534
29032535
29032536
29032537
29032538
29032539
29032540
29032541
29032542
29032543
29032544
29032545
29032546
29032547
29032548
29032549
29032550
29032551
29032552
29032553
29032554
29041987
29041988
29041989
29041990
29041991
29041992
29041993
29041994
29041995
29041996
29041997
29041998
29041999
29042000
29042001
29042002
29042003
29042004
29042005
29042006
29042007
29042008
29042009
29042010
29042011
29042530
29042531
29042532
29042533
29042534
29042535
29042536
29042537
29042538
29042539
29042540
29042541
29042542
29042543
29042544
29042545
29042546
29042547
29042548
29042549
29042550
29042551
29042552
29042553
29042554
29051987
29051988
29051989
29051990
29051991
29051992
29051993
29051994
29051995
29051996
29051997
29051998
29051999
29052000
29052001
29052002
29052003
29052004
29052005
29052006
29052007
29052008
29052009
29052010
29052011
29052530
29052531
29052532
29052533
29052534
29052535
29052536
29052537
29052538
29052539
29052540
29052541
29052542
29052543
29052544
29052545
29052546
29052547
29052548
29052549
29052550
29052551
29052552
29052553
29052554
29061987
29061988
29061989
29061990
29061991
29061992
29061993
29061994
29061995
29061996
29061997
29061998
29061999
29062000
29062001
29062002
29062003
29062004
29062005
29062006
29062007
29062008
29062009
29062010
29062011
29062530
29062531
29062532
29062533
29062534
29062535
29062536
29062537
29062538
29062539
29062540
29062541
29062542
29062543
29062544
29062545
29062546
29062547
29062548
29062549
29062550
29062551
29062552
29062553
29062554
29071987
29071988
29071989
29071990
29071991
29071992
29071993
29071994
29071995
29071996
29071997
29071998
29071999
29072000
29072001
29072002
29072003
29072004
29072005
29072006
29072007
29072008
29072009
29072010
29072011
29072530
29072531
29072532
29072533
29072534
29072535
29072536
29072537
29072538
29072539
29072540
29072541
29072542
29072543
29072544
29072545
29072546
29072547
29072548
29072549
29072550
29072551
29072552
29072553
29072554
29081987
29081988
29081989
29081990
29081991
29081992
29081993
29081994
29081995
29081996
29081997
29081998
29081999
29082000
29082001
29082002
29082003
29082004
29082005
29082006
29082007
29082008
29082009
29082010
29082011
29082530
29082531
29082532
29082533
29082534
29082535
29082536
29082537
29082538
29082539
29082540
29082541
29082542
29082543
29082544
29082545
29082546
29082547
29082548
29082549
29082550
29082551
29082552
29082553
29082554
29091987
29091988
29091989
29091990
29091991
29091992
29091993
29091994
29091995
29091996
29091997
29091998
29091999
29092000
29092001
29092002
29092003
29092004
29092005
29092006
29092007
29092008
29092009
29092010
29092011
29092530
29092531
29092532
29092533
29092534
29092535
29092536
29092537
29092538
29092539
29092540
29092541
29092542
29092543
29092544
29092545
29092546
29092547
29092548
29092549
29092550
29092551
29092552
29092553
29092554
29101987
29101988
29101989
29101990
29101991
29101992
29101993
29101994
29101995
29101996
29101997
29101998
29101999
29102000
29102001
29102002
29102003
29102004
29102005
29102006
29102007
29102008
29102009
29102010
29102011
29102530
29102531
29102532
29102533
29102534
29102535
29102536
29102537
29102538
29102539
29102540
29102541
29102542
29102543
29102544
29102545
29102546
29102547
29102548
29102549
29102550
29102551
29102552
29102553
29102554
29111987
29111988
29111989
29111990
29111991
29111992
29111993
29111994
29111995
29111996
29111997
29111998
29111999
29112000
29112001
29112002
29112003
29112004
29112005
29112006
29112007
29112008
29112009
29112010
29112011
29112530
29112531
29112532
29112533
29112534
29112535
29112536
29112537
29112538
29112539
29112540
29112541
29112542
29112543
29112544
29112545
29112546
29112547
29112548
29112549
29112550
29112551
29112552
29112553
29112554
29121987
29121988
29121989
29121990
29121991
29121992
29121993
29121994
29121995
29121996
29121997
29121998
29121999
29122000
29122001
29122002
29122003
29122004
29122005
29122006
29122007
29122008
29122009
29122010
29122011
29122530
29122531
29122532
29122533
29122534
29122535
29122536
29122537
29122538
29122539
29122540
29122541
29122542
29122543
29122544
29122545
29122546
29122547
29122548
29122549
29122550
29122551
29122552
29122553
29122554
30011987
30011988
30011989
30011990
30011991
30011992
30011993
30011994
30011995
30011996
30011997
30011998
30011999
30012000
30012001
30012002
30012003
30012004
30012005
30012006
30012007
30012008
30012009
30012010
30012011
30012530
30012531
30012532
30012533
30012534
30012535
30012536
30012537
30012538
30012539
30012540
30012541
30012542
30012543
30012544
30012545
30012546
30012547
30012548
30012549
30012550
30012551
30012552
30012553
30012554
30021987
30021988
30021989
30021990
30021991
30021992
30021993
30021994
30021995
30021996
30021997
30021998
30021999
30022000
30022001
30022002
30022003
30022004
30022005
30022006
30022007
30022008
30022009
30022010
30022011
30022530
30022531
30022532
30022533
30022534
30022535
30022536
30022537
30022538
30022539
30022540
30022541
30022542
30022543
30022544
30022545
30022546
30022547
30022548
30022549
30022550
30022551
30022552
30022553
30022554
30031987
30031988
30031989
30031990
30031991
30031992
30031993
30031994
30031995
30031996
30031997
30031998
30031999
30032000
30032001
30032002
30032003
30032004
30032005
30032006
30032007
30032008
30032009
30032010
30032011
30032530
30032531
30032532
30032533
30032534
30032535
30032536
30032537
30032538
30032539
30032540
30032541
30032542
30032543
30032544
30032545
30032546
30032547
30032548
30032549
30032550
30032551
30032552
30032553
30032554
30041987
30041988
30041989
30041990
30041991
30041992
30041993
30041994
30041995
30041996
30041997
30041998
30041999
30042000
30042001
30042002
30042003
30042004
30042005
30042006
30042007
30042008
30042009
30042010
30042011
30042530
30042531
30042532
30042533
30042534
30042535
30042536
30042537
30042538
30042539
30042540
30042541
30042542
30042543
30042544
30042545
30042546
30042547
30042548
30042549
30042550
30042551
30042552
30042553
30042554
30051987
30051988
30051989
30051990
30051991
30051992
30051993
30051994
30051995
30051996
30051997
30051998
30051999
30052000
30052001
30052002
30052003
30052004
30052005
30052006
30052007
30052008
30052009
30052010
30052011
30052530
30052531
30052532
30052533
30052534
30052535
30052536
30052537
30052538
30052539
30052540
30052541
30052542
30052543
30052544
30052545
30052546
30052547
30052548
30052549
30052550
30052551
30052552
30052553
30052554
30061987
30061988
30061989
30061990
30061991
30061992
30061993
30061994
30061995
30061996
30061997
30061998
30061999
30062000
30062001
30062002
30062003
30062004
30062005
30062006
30062007
30062008
30062009
30062010
30062011
30062530
30062531
30062532
30062533
30062534
30062535
30062536
30062537
30062538
30062539
30062540
30062541
30062542
30062543
30062544
30062545
30062546
30062547
30062548
30062549
30062550
30062551
30062552
30062553
30062554
30071987
30071988
30071989
30071990
30071991
30071992
30071993
30071994
30071995
30071996
30071997
30071998
30071999
30072000
30072001
30072002
30072003
30072004
30072005
30072006
30072007
30072008
30072009
30072010
30072011
30072530
30072531
30072532
30072533
30072534
30072535
30072536
30072537
30072538
30072539
30072540
30072541
30072542
30072543
30072544
30072545
30072546
30072547
30072548
30072549
30072550
30072551
30072552
30072553
30072554
30081987
30081988
30081989
30081990
30081991
30081992
30081993
30081994
30081995
30081996
30081997
30081998
30081999
30082000
30082001
30082002
30082003
30082004
30082005
30082006
30082007
30082008
30082009
30082010
30082011
30082530
30082531
30082532
30082533
30082534
30082535
30082536
30082537
30082538
30082539
30082540
30082541
30082542
30082543
30082544
30082545
30082546
30082547
30082548
30082549
30082550
30082551
30082552
30082553
30082554
30091987
30091988
30091989
30091990
30091991
30091992
30091993
30091994
30091995
30091996
30091997
30091998
30091999
30092000
30092001
30092002
30092003
30092004
30092005
30092006
30092007
30092008
30092009
30092010
30092011
30092530
30092531
30092532
30092533
30092534
30092535
30092536
30092537
30092538
30092539
30092540
30092541
30092542
30092543
30092544
30092545
30092546
30092547
30092548
30092549
30092550
30092551
30092552
30092553
30092554
30101987
30101988
30101989
30101990
30101991
30101992
30101993
30101994
30101995
30101996
30101997
30101998
30101999
30102000
30102001
30102002
30102003
30102004
30102005
30102006
30102007
30102008
30102009
30102010
30102011
30102530
30102531
30102532
30102533
30102534
30102535
30102536
30102537
30102538
30102539
30102540
30102541
30102542
30102543
30102544
30102545
30102546
30102547
30102548
30102549
30102550
30102551
30102552
30102553
30102554
30111987
30111988
30111989
30111990
30111991
30111992
30111993
30111994
30111995
30111996
30111997
30111998
30111999
30112000
30112001
30112002
30112003
30112004
30112005
30112006
30112007
30112008
30112009
30112010
30112011
30112530
30112531
30112532
30112533
30112534
30112535
30112536
30112537
30112538
30112539
30112540
30112541
30112542
30112543
30112544
30112545
30112546
30112547
30112548
30112549
30112550
30112551
30112552
30112553
30112554
30121987
30121988
30121989
30121990
30121991
30121992
30121993
30121994
30121995
30121996
30121997
30121998
30121999
30122000
30122001
30122002
30122003
30122004
30122005
30122006
30122007
30122008
30122009
30122010
30122011
30122530
30122531
30122532
30122533
30122534
30122535
30122536
30122537
30122538
30122539
30122540
30122541
30122542
30122543
30122544
30122545
30122546
30122547
30122548
30122549
30122550
30122551
30122552
30122553
30122554
31011987
31011988
31011989
31011990
31011991
31011992
31011993
31011994
31011995
31011996
31011997
31011998
31011999
31012000
31012001
31012002
31012003
31012004
31012005
31012006
31012007
31012008
31012009
31012010
31012011
31012530
31012531
31012532
31012533
31012534
31012535
31012536
31012537
31012538
31012539
31012540
31012541
31012542
31012543
31012544
31012545
31012546
31012547
31012548
31012549
31012550
31012551
31012552
31012553
31012554
31021987
31021988
31021989
31021990
31021991
31021992
31021993
31021994
31021995
31021996
31021997
31021998
31021999
31022000
31022001
31022002
31022003
31022004
31022005
31022006
31022007
31022008
31022009
31022010
31022011
31022530
31022531
31022532
31022533
31022534
31022535
31022536
31022537
31022538
31022539
31022540
31022541
31022542
31022543
31022544
31022545
31022546
31022547
31022548
31022549
31022550
31022551
31022552
31022553
31022554
31031987
31031988
31031989
31031990
31031991
31031992
31031993
31031994
31031995
31031996
31031997
31031998
31031999
31032000
31032001
31032002
31032003
31032004
31032005
31032006
31032007
31032008
31032009
31032010
31032011
31032530
31032531
31032532
31032533
31032534
31032535
31032536
31032537
31032538
31032539
31032540
31032541
31032542
31032543
31032544
31032545
31032546
31032547
31032548
31032549
31032550
31032551
31032552
31032553
31032554
31041987
31041988
31041989
31041990
31041991
31041992
31041993
31041994
31041995
31041996
31041997
31041998
31041999
31042000
31042001
31042002
31042003
31042004
31042005
31042006
31042007
31042008
31042009
31042010
31042011
31042530
31042531
31042532
31042533
31042534
31042535
31042536
31042537
31042538
31042539
31042540
31042541
31042542
31042543
31042544
31042545
31042546
31042547
31042548
31042549
31042550
31042551
31042552
31042553
31042554
31051987
31051988
31051989
31051990
31051991
31051992
31051993
31051994
31051995
31051996
31051997
31051998
31051999
31052000
31052001
31052002
31052003
31052004
31052005
31052006
31052007
31052008
31052009
31052010
31052011
31052530
31052531
31052532
31052533
31052534
31052535
31052536
31052537
31052538
31052539
31052540
31052541
31052542
31052543
31052544
31052545
31052546
31052547
31052548
31052549
31052550
31052551
31052552
31052553
31052554
31061987
31061988
31061989
31061990
31061991
31061992
31061993
31061994
31061995
31061996
31061997
31061998
31061999
31062000
31062001
31062002
31062003
31062004
31062005
31062006
31062007
31062008
31062009
31062010
31062011
31062530
31062531
31062532
31062533
31062534
31062535
31062536
31062537
31062538
31062539
31062540
31062541
31062542
31062543
31062544
31062545
31062546
31062547
31062548
31062549
31062550
31062551
31062552
31062553
31062554
31071987
31071988
31071989
31071990
31071991
31071992
31071993
31071994
31071995
31071996
31071997
31071998
31071999
31072000
31072001
31072002
31072003
31072004
31072005
31072006
31072007
31072008
31072009
31072010
31072011
31072530
31072531
31072532
31072533
31072534
31072535
31072536
31072537
31072538
31072539
31072540
31072541
31072542
31072543
31072544
31072545
31072546
31072547
31072548
31072549
31072550
31072551
31072552
31072553
31072554
31081987
31081988
31081989
31081990
31081991
31081992
31081993
31081994
31081995
31081996
31081997
31081998
31081999
31082000
31082001
31082002
31082003
31082004
31082005
31082006
31082007
31082008
31082009
31082010
31082011
31082530
31082531
31082532
31082533
31082534
31082535
31082536
31082537
31082538
31082539
31082540
31082541
31082542
31082543
31082544
31082545
31082546
31082547
31082548
31082549
31082550
31082551
31082552
31082553
31082554
31091987
31091988
31091989
31091990
31091991
31091992
31091993
31091994
31091995
31091996
31091997
31091998
31091999
31092000
31092001
31092002
31092003
31092004
31092005
31092006
31092007
31092008
31092009
31092010
31092011
31092530
31092531
31092532
31092533
31092534
31092535
31092536
31092537
31092538
31092539
31092540
31092541
31092542
31092543
31092544
31092545
31092546
31092547
31092548
31092549
31092550
31092551
31092552
31092553
31092554
31101987
31101988
31101989
31101990
31101991
31101992
31101993
31101994
31101995
31101996
31101997
31101998
31101999
31102000
31102001
31102002
31102003
31102004
31102005
31102006
31102007
31102008
31102009
31102010
31102011
31102530
31102531
31102532
31102533
31102534
31102535
31102536
31102537
31102538
31102539
31102540
31102541
31102542
31102543
31102544
31102545
31102546
31102547
31102548
31102549
31102550
31102551
31102552
31102553
31102554
31111987
31111988
31111989
31111990
31111991
31111992
31111993
31111994
31111995
31111996
31111997
31111998
31111999
31112000
31112001
31112002
31112003
31112004
31112005
31112006
31112007
31112008
31112009
31112010
31112011
31112530
31112531
31112532
31112533
31112534
31112535
31112536
31112537
31112538
31112539
31112540
31112541
31112542
31112543
31112544
31112545
31112546
31112547
31112548
31112549
31112550
31112551
31112552
31112553
31112554
31121987
31121988
31121989
31121990
31121991
31121992
31121993
31121994
31121995
31121996
31121997
31121998
31121999
31122000
31122001
31122002
31122003
31122004
31122005
31122006
31122007
31122008
31122009
31122010
31122011
31122530
31122531
31122532
31122533
31122534
31122535
31122536
31122537
31122538
31122539
31122540
31122541
31122542
31122543
31122544
31122545
31122546
31122547
31122548
31122549
31122550
31122551
31122552
31122553
31122554
33333333
333333333
3333333333
3bb12345
3bb123456
3bb12345678
3bbadmin
44444444
444444444
4444444444
55555555
55555555!
55555555007
5555555501
55555555123
555555551234
555555555
5555555555
55555555555
5555555599
66666666
666666666
6666666666
77777777
777777777
7777777777
87654321
88888888
888888888
8888888888
98765432
987654321
99919991
99999999
999999999
9999999999
aassddff
abcd1234
admin007
admin123
admin1234
admin555
ais12345
ais123456
ais12345678
aisadmin
anucha007
anucha01
anucha123
anucha1234
anucha555
anucha99
aom12345
apt12345
apt123456
apt12345678
aptadmin
aree1234
aroi1234
asdf1234
asdfghjkl
baan0000
baan1111
baan1234
baan12345
baan123456
baan12345678
baan5555
baan9999
baanadmin
baanpass
baanwifi
ball1234
ball12345
ball5555
ballball
bangkok!
bangkok007
bangkok01
bangkok123
bangkok1234
bangkok555
bangkok99
bank1234
bank12345
bank5555
bankbank
beam1234
beam12345
beam5555
beambeam
beer1234
beer12345
beer5555
beerbeer
bew12345
boss1234
boss12345
boss5555
bossboss
bow12345
bright000
bright001
bright007
bright111
bright123
bright1234
bright12345
bright321
bright456
bright555
bright5555
bright666
bright789
bright888
bright999
brightbright
cafe0000
cafe1111
cafe1234
cafe12345
cafe123456
cafe12345678
cafe5555
cafe9999
cafeadmin
cafepass
cafewifi
chanida!
chanida007
chanida01
chanida123
chanida1234
chanida555
chanida99
charoen!
charoen007
charoen01
charoen123
charoen1234
charoen555
charoen99
chiangmai
chiangmai!
chiangmai007
chiangmai01
chiangmai123
chiangmai1234
chiangmai555
chiangmai99
condo0000
condo1111
condo1234
condo12345
condo123456
condo12345678
condo5555
condo9999
condoadmin
condopass
condowifi
cream000
cream001
cream007
cream111
cream123
cream1234
cream12345
cream321
cream456
cream555
cream5555
cream666
cream789
cream888
cream999
creamcream
dear1234
dear12345
dear5555
deardear
earn1234
earn12345
earn5555
earnearn
earth000
earth001
earth007
earth111
earth123
earth1234
earth12345
earth321
earth456
earth555
earth5555
earth666
earth789
earth888
earth999
earthearth
ekkamai!
ekkamai007
ekkamai01
ekkamai123
ekkamai1234
ekkamai555
ekkamai99
eye12345
far12345
fern1234
fern12345
fern5555
fernfern
fiber0000
fiber1111
fiber1234
fiber12345
fiber123456
fiber12345678
fiber5555
fiber9999
fiberadmin
fiberpass
fiberwifi
film1234
film12345
film5555
filmfilm
first000
first001
first007
first111
first123
first1234
first12345
first321
first456
first555
first5555
first666
first789
first888
first999
firstfirst
fluke000
fluke001
fluke007
fluke111
fluke123
fluke1234
fluke12345
fluke321
fluke456
fluke555
fluke5555
fluke666
fluke789
fluke888
fluke999
flukefluke
frame000
frame001
frame007
frame111
frame123
frame1234
frame12345
frame321
frame456
frame555
frame5555
frame666
frame789
frame888
frame999
frameframe
gam12345
gift1234
gift12345
gift5555
giftgift
golf1234
golf12345
golf5555
golfgolf
grace000
grace001
grace007
grace111
grace123
grace1234
grace12345
grace321
grace456
grace555
grace5555
grace666
grace789
grace888
grace999
gracegrace
gun12345
guy12345
hahaha007
hahaha01
hahaha123
hahaha1234
hahaha555
hahaha99
home0000
home1111
home1234
home12345
home123456
home12345678
home5555
home9999
homeadmin
homepass
homewifi
hotel0000
hotel1111
hotel1234
hotel12345
hotel123456
hotel12345678
hotel5555
hotel9999
hoteladmin
hotelpass
hotelwifi
ice12345
ink12345
internet
internet!
internet007
internet01
internet123
internet1234
internet555
internet99
jack1234
jack12345
jack5555
jackjack
jaidee007
jaidee01
jaidee123
jaidee1234
jaidee555
jaidee99
jaijing!
jaijing007
jaijing01
jaijing123
jaijing1234
jaijing555
jaijing99
james000
james001
james007
james111
james123
james1234
james12345
james321
james456
james555
james5555
james666
james789
james888
james999
jamesjames
jane1234
jane12345
jane5555
janejane
jang1234
jang12345
jang5555
jangjang
jet12345
joe12345
joy12345
june1234
june12345
june5555
junejune
kai12345
kan12345
keng1234
keng12345
keng5555
kengkeng
khobkhun
khobkhun!
khobkhun007
khobkhun01
khobkhun123
khobkhun1234
khobkhun555
khobkhun99
kit12345
kittisak
kittisak!
kittisak007
kittisak01
kittisak123
kittisak1234
kittisak555
kittisak99
kong1234
kong12345
kong5555
kongkong
korn1234
korn12345
korn5555
kornkorn
krapom007
krapom01
krapom123
krapom1234
krapom555
krapom99
krungthep
krungthep!
krungthep007
krungthep01
krungthep123
krungthep1234
krungthep555
krungthep99
kwan1234
kwan12345
kwan5555
kwankwan
ladprao!
ladprao007
ladprao01
ladprao123
ladprao1234
ladprao555
ladprao99
lan12345
lan123456
lan12345678
lanadmin
lee12345
lilly000
lilly001
lilly007
lilly111
lilly123
lilly1234
lilly12345
lilly321
lilly456
lilly555
lilly5555
lilly666
lilly789
lilly888
lilly999
lillylilly
lkjhgfdsa
lnwza007
lnwza007!
lnwza007007
lnwza00701
lnwza007123
lnwza0071234
lnwza007555
lnwza00799
lnwzaza!
lnwzaza007
lnwzaza01
lnwzaza123
lnwzaza1234
lnwzaza555
lnwzaza99
maifaimai
maifaimai!
maifaimai007
maifaimai01
maifaimai123
maifaimai1234
maifaimai555
maifaimai99
makmak007
makmak01
makmak123
makmak1234
makmak555
makmak99
mark1234
mark12345
mark5555
markmark
meen1234
meen12345
meen5555
meenmeen
meow1234
meow12345
meow5555
meowmeow
mild1234
mild12345
mild5555
mildmild
milk1234
milk12345
milk5555
milkmilk
mind1234
mind12345
mind5555
mindmind
mink1234
mink12345
mink5555
minkmink
mint1234
mint12345
mint5555
mintmint
mook1234
mook12345
mook5555
mookmook
mubaan0000
mubaan1111
mubaan1234
mubaan12345
mubaan123456
mubaan12345678
mubaan5555
mubaan9999
mubaanadmin
mubaanpass
mubaanwifi
mynet0000
mynet1111
mynet1234
mynet12345
mynet123456
mynet12345678
mynet5555
mynet9999
mynetadmin
mynetpass
mynetwifi
nam12345
namo1234
namo12345
namo5555
namonamo
nan12345
narak007
narak123
narak1234
narak555
narong007
narong01
narong123
narong1234
narong555
narong99
nat12345
natt1234
natt12345
natt5555
nattnatt
nene1234
nene12345
nene5555
nenenene
net12345
net123456
net12345678
netadmin
new12345
nick1234
nick12345
nick5555
nicknick
nin12345
non12345
noon1234
noon12345
noon5555
noonnoon
note1234
note12345
note5555
notenote
nut12345
oat12345
office0000
office007
office01
office1111
office123
office1234
office12345
office123456
office12345678
office555
office5555
office99
office9999
officeadmin
officepass
officewifi
ohm12345
oil12345
palm1234
palm12345
palm5555
palmpalm
pang1234
pang12345
pang5555
pangpang
park1234
park12345
park5555
parkpark
password
password!
password007
password01
password123
password1234
password555
password99
pat12345
patchara
patchara!
patchara007
patchara01
patchara123
patchara1234
patchara555
patchara99
pattaya!
pattaya007
pattaya01
pattaya123
pattaya1234
pattaya555
pattaya99
peach000
peach001
peach007
peach111
peach123
peach1234
peach12345
peach321
peach456
peach555
peach5555
peach666
peach789
peach888
peach999
peachpeach
peak1234
peak12345
peak5555
peakpeak
pear1234
pear12345
pear5555
pearpear
pete1234
pete12345
pete5555
petepete
phuket007
phuket01
phuket123
phuket1234
phuket555
phuket99
pie12345
pim12345
ping1234
ping12345
ping5555
pingping
piyapong
piyapong!
piyapong007
piyapong01
piyapong123
piyapong1234
piyapong555
piyapong99
pleng000
pleng001
pleng007
pleng111
pleng123
pleng1234
pleng12345
pleng321
pleng456
pleng555
pleng5555
pleng666
pleng789
pleng888
pleng999
plengpleng
ploy1234
ploy12345
ploy5555
ployploy
poiuytrewq
pongpat!
pongpat007
pongpat01
pongpat123
pongpat1234
pongpat555
pongpat99
poom1234
poom12345
poom5555
poompoom
pop12345
pornpan!
pornpan007
pornpan01
pornpan123
pornpan1234
pornpan555
pornpan99
prasert!
prasert007
prasert01
prasert123
prasert1234
prasert555
prasert99
pun12345
punch000
punch001
punch007
punch111
punch123
punch1234
punch12345
punch321
punch456
punch555
punch5555
punch666
punch789
punch888
punch999
punchpunch
q1w2e3r4
qazwsxedc
qqwweerr
qweasdzxc
qwer1234
qwertyuiop
rakjang!
rakjang007
rakjang01
rakjang123
rakjang1234
rakjang555
rakjang99
rakna007
rakna123
rakna1234
rakna555
raknarak
raknarak!
raknarak007
raknarak01
raknarak123
raknarak1234
raknarak555
raknarak99
ratchada
ratchada!
ratchada007
ratchada01
ratchada123
ratchada1234
ratchada555
ratchada99
room0000
room1111
room1234
room12345
room123456
room12345678
room5555
room9999
roomadmin
roompass
roomwifi
rose1234
rose12345
rose5555
roserose
sabaidee
sabaidee!
sabaidee007
sabaidee01
sabaidee123
sabaidee1234
sabaidee555
sabaidee99
sand1234
sand12345
sand5555
sandsand
sanook007
sanook01
sanook123
sanook1234
sanook555
sanook555!
sanook555007
sanook55501
sanook555123
sanook5551234
sanook555555
sanook55599
sanook99
sathorn!
sathorn007
sathorn01
sathorn123
sathorn1234
sathorn555
sathorn99
sawasdee
sawasdee!
sawasdee007
sawasdee01
sawasdee123
sawasdee1234
sawasdee555
sawasdee99
shop0000
shop1111
shop1234
shop12345
shop123456
shop12345678
shop5555
shop9999
shopadmin
shoppass
shopwifi
siam1234
silom007
silom123
silom1234
silom555
sky12345
smile000
smile001
smile007
smile111
smile123
smile1234
smile12345
smile321
smile456
smile555
smile5555
smile666
smile789
smile888
smile999
smilesmile
snow1234
snow12345
snow5555
snowsnow
som12345
somchai!
somchai007
somchai01
somchai123
somchai1234
somchai555
somchai99
sompong!
sompong007
sompong01
sompong123
sompong1234
sompong555
sompong99
somsak007
somsak01
somsak123
somsak1234
somsak555
somsak99
somying!
somying007
somying01
somying123
somying1234
somying555
somying99
soon1234
soon12345
soon5555
soonsoon
star1234
star12345
star5555
starstar
suay1234
sukhumvit
sukhumvit!
sukhumvit007
sukhumvit01
sukhumvit123
sukhumvit1234
sukhumvit555
sukhumvit99
surasak!
surasak007
surasak01
surasak123
surasak1234
surasak555
surasak99
suthon007
suthon01
suthon123
suthon1234
suthon555
suthon99
sweet000
sweet001
sweet007
sweet111
sweet123
sweet1234
sweet12345
sweet321
sweet456
sweet555
sweet5555
sweet666
sweet789
sweet888
sweet999
sweetheart
sweetheart!
sweetheart007
sweetheart01
sweetheart123
sweetheart1234
sweetheart555
sweetheart99
sweetsweet
tae12345
tan12345
tee12345
teerak007
teerak01
teerak123
teerak1234
teerak555
teerak99
thailand
thailand!
thailand007
thailand01
thailand123
thailand1234
thailand555
thailand99
thaworn!
thaworn007
thaworn01
thaworn123
thaworn1234
thaworn555
thaworn99
thonglor
thonglor!
thonglor007
thonglor01
thonglor123
thonglor1234
thonglor555
thonglor99
toey1234
toey12345
toey5555
toeytoey
ton12345
toon1234
toon12345
toon5555
toontoon
top12345
tot12345
tot123456
tot12345678
totadmin
toy12345
true0000
true1111
true1234
true12345
true123456
true12345678
true5555
true9999
trueadmin
truepass
truewifi
view1234
view12345
view5555
viewview
waan1234
waan12345
waan5555
waanwaan
wan12345
wave1234
wave12345
wave5555
wavewave
wichai007
wichai01
wichai123
wichai1234
wichai555
wichai99
wichian!
wichian007
wichian01
wichian123
wichian1234
wichian555
wichian99
wifi0000
wifi1111
wifi1234
wifi12345
wifi123456
wifi12345678
wifi5555
wifi9999
wifiadmin
wifipass
wifiwifi
win12345
wlan0000
wlan1111
wlan1234
wlan12345
wlan123456
wlan12345678
wlan5555
wlan9999
wlanadmin
wlanpass
wlanwifi
yui12345
z1x2c3v4
zara1234
zara12345
zara5555
zarazara
zen12345
zxcv1234
zxcvbnm123