0600000000
0600001685
0600002595
0600003193
0600003726
0600004460
0600022458
0600023217
0600051950
0600056213
0600060776
0600061571
0600062780
0600068507
0600085923
0600096094
0600105297
0600136161
0600150210
0600150394
0600209768
0600253908
0600266176
0600266638
0600309485
0600313226
0600317385
0600336371
0600336841
0600344653
0600354717
0600360707
0600364289
0600367564
0600380594
0600386263
0600391395
0600400743
0600415978
0600422047
0600432312
0600462569
0600463542
0600484533
0600500255
0600503939
0600515846
0600539929
0600549199
0600551191
0600559111
0600594867
0600610800
0600610872
0600613987
0600640982
0600648232
0600650216
0600653792
0600672366
0600684642
0600691539
0600706496
0600706658
0600708621
0600715594
0600716079
0600721282
0600747802
0600753414
0600757059
0600759633
0600762120
0600809480
0600823652
0600823807
0600829022
0600840020
0600840819
0600841047
0600841824
0600842577
0600850830
0600858165
0600876211
0600883786
0600888892
0600898176
0600918117
0600927981
0600938889
0600939352
0600939611
0600955411
0600978881
0600989828
0600994760
0601004499
0601027682
0601030557
0601035015
0601040976
0601068219
0601070637
0601078769
0601089929
0601091167
0601097907
0601111020
0601111110
0601111111
0601111835
0601114073
0601114137
0601119441
0601141877
0601144289
0601151086
0601154304
0601158931
0601163949
0601166926
0601188571
0601230981
0601233785
0601234500
0601234567
0601237091
0601237107
0601238001
0601253111
0601256362
0601265528
0601266236
0601289494
0601294902
0601301850
0601324339
0601324971
0601338909
0601343538
0601350657
0601351040
0601351210
0601352727
0601354125
0601356607
0601359906
0601365944
0601369256
0601384830
0601387278
0601399141
0601405795
0601415811
0601418503
0601423450
0601425263
0601430023
0601437322
0601443873
0601450385
0601463461
0601503244
0601503622
0601505937
0601538661
0601540702
0601544832
0601550755
0601557626
0601565778
0601566668
0601576066
0601584455
0601585490
0601594256
0601594400
0601602109
0601604792
0601622538
0601629795
0601630248
0601637312
0601683040
0601699125
0601705747
0601709640
0601716157
0601722451
0601724442
0601729290
0601739834
0601746744
0601748474
0601754656
0601761104
0601761846
0601769921
0601774109
0601784023
0601784700
0601786262
0601786927
0601816786
0601817187
0601840946
0601876214
0601881697
0601887905
0601894942
0601896112
0601905699
0601907413
0601908535
0601914813
0601937901
0601956346
0601976988
0601992534
0602009805
0602023839
0602029856
0602034860
0602041214
0602043258
0602046869
0602047703
0602077510
0602078136
0602095242
0602095243
0602103944
0602114183
0602164374
0602177805
0602179929
0602210886
0602218545
0602219256
0602220981
0602222110
0602222220
0602222222
0602222928
0602223577
0602223744
0602228264
0602242160
0602252473
0602258347
0602263288
0602270547
0602277453
0602279666
0602294006
0602301703
0602315476
0602321836
0602336860
0602342513
0602342520
0602343301
0602344591
0602347405
0602353721
0602355755
0602392826
0602405200
0602414556
0602429722
0602432647
0602439429
0602451174
0602459297
0602460756
0602461175
0602461286
0602464224
0602467927
0602468535
0602469436
0602471210
0602483568
0602491410
0602507669
0602523128
0602529325
0602540398
0602555168
0602565528
0602576061
0602583466
0602585437
0602587493
0602590046
0602601522
0602607381
0602611488
0602622794
0602622806
0602633995
0602637556
0602640326
0602646534
0602651003
0602663573
0602683343
0602688896
0602693217
0602699789
0602714655
0602716763
0602722597
0602742275
0602753240
0602762062
0602768242
0602770436
0602785017
0602788855
0602789643
0602794391
0602832886
0602832983
0602834721
0602840848
0602845413
0602847721
0602849301
0602851881
0602853690
0602900096
0602901297
0602931222
0602940311
0602942657
0602945905
0602956340
0602956502
0602965946
0602966977
0602975092
0602979574
0602987215
0602992562
0603004773
0603021276
0603035331
0603038239
0603056148
0603065129
0603065591
0603073225
0603076424
0603080486
0603084463
0603084575
0603088990
0603101564
0603110159
0603115146
0603121404
0603124834
0603140170
0603158484
0603165334
0603170428
0603173397
0603190116
0603195009
0603199681
0603212943
0603218887
0603225179
0603235953
0603242452
0603242808
0603248768
0603251929
0603253162
0603257412
0603259437
0603269164
0603305619
0603307200
0603319982
0603328262
0603332663
0603332792
0603333206
0603333330
0603333333
0603336509
0603336538
0603337967
0603376807
0603390935
0603410556
0603421781
0603432835
0603453812
0603456777
0603458284
0603458465
0603459375
0603466707
0603470660
0603484450
0603505208
0603521852
0603525623
0603532720
0603535107
0603540328
0603548160
0603555553
0603567948
0603568937
0603570515
0603570624
0603570817
0603576056
0603576141
0603578850
0603597828
0603608947
0603618389
0603620252
0603638922
0603639192
0603640628
0603642780
0603657377
0603680001
0603680801
0603691037
0603692815
0603694299
0603709450
0603736459
0603739830
0603753393
0603759225
0603761453
0603765035
0603776818
0603788010
0603818235
0603820258
0603825011
0603847255
0603870754
0603871852
0603874198
0603894256
0603898817
0603910491
0603925844
0603928631
0603932422
0603934972
0603983483
0604003128
0604019255
0604027026
0604030947
0604036180
0604039481
0604049176
0604054833
0604060512
0604087459
0604101653
0604141106
0604141389
0604150800
0604165417
0604166628
0604173834
0604179723
0604188882
0604191725
0604193007
0604201287
0604201731
0604208657
0604214657
0604215799
0604216533
0604222073
0604229982
0604240027
0604266589
0604272955
0604277348
0604278965
0604301355
0604313031
0604332858
0604361082
0604361140
0604382390
0604400798
0604403965
0604411363
0604442542
0604443976
0604444440
0604444444
0604446086
0604448383
0604448507
0604448689
0604466383
0604475105
0604512388
0604518535
0604532557
0604544224
0604553517
0604560917
0604561864
0604562120
0604563007
0604563439
0604566926
0604572348
0604584213
0604584493
0604590736
0604594814
0604594889
0604608663
0604612985
0604653480
0604660052
0604678787
0604681456
0604681748
0604701537
0604711461
0604724407
0604737654
0604741368
0604754092
0604762131
0604776145
0604792971
0604796892
0604806684
0604811640
0604813150
0604822051
0604835318
0604837360
0604851853
0604856672
0604870836
0604871582
0604912818
0604925030
0604950129
0604972701
0604981486
0604994297
0604996579
0604997383
0605001107
0605007990
0605030173
0605032298
0605033843
0605037114
0605047273
0605061797
0605064350
0605083984
0605093605
0605103060
0605130268
0605141563
0605169149
0605187704
0605200571
0605225445
0605229714
0605231758
0605232443
0605233958
0605241950
0605249217
0605250208
0605265036
0605268673
0605276205
0605280623
0605288473
0605297475
0605298812
0605306777
0605316241
0605321461
0605325703
0605332636
0605334711
0605343103
0605355760
0605363117
0605375744
0605386624
0605397163
0605398431
0605403745
0605425578
0605449011
0605450084
0605456667
0605456817
0605462573
0605464557
0605475166
0605479525
0605487451
0605487557
0605493773
0605495806
0605497746
0605511786
0605527100
0605529556
0605531820
0605550250
0605551744
0605552403
0605554064
0605555550
0605555555
0605557317
0605571550
0605582338
0605612409
0605613095
0605614392
0605624884
0605630172
0605635159
0605644580
0605654455
0605660198
0605662283
0605666091
0605672295
0605672959
0605677336
0605678505
0605679124
0605726177
0605727853
0605732253
0605751526
0605761959
0605762813
0605782686
0605801491
0605822834
0605822902
0605843061
0605850768
0605856982
0605859871
0605869478
0605878865
0605880580
0605911491
0605912096
0605916335
0605919149
0605929841
0605930671
0605968328
0605975895
0605993358
0605998170
0606013022
0606023331
0606032822
0606033794
0606047589
0606052103
0606061177
0606061860
0606070990
0606079439
0606083518
0606087856
0606117060
0606117356
0606120231
0606147329
0606148201
0606152962
0606154249
0606155428
0606158623
0606159968
0606180337
0606198325
0606203608
0606223735
0606249962
0606253146
0606288457
0606292588
0606294842
0606297097
0606303801
0606317021
0606324909
0606338799
0606363673
0606368868
0606389254
0606389360
0606402589
0606413365
0606413576
0606425028
0606427276
0606427865
0606438405
0606445080
0606460905
0606474503
0606477146
0606488736
0606495688
0606521928
0606528401
0606544740
0606548067
0606568300
0606603732
0606639252
0606655601
0606656385
0606660523
0606661776
0606663926
0606666517
0606666660
0606666666
0606669238
0606671122
0606680469
0606682291
0606685848
0606716173
0606723775
0606726136
0606731865
0606732526
0606739033
0606739663
0606740621
0606741219
0606748423
0606762243
0606773066
0606781702
0606782019
0606785569
0606786359
0606787033
0606791136
0606800260
0606808020
0606818572
0606833653
0606854554
0606858100
0606862680
0606863273
0606864020
0606875130
0606899596
0606899743
0606905641
0606911815
0606927403
0606933663
0606943539
0606945068
0606955274
0606955425
0606970231
0606991177
0606991228
0606994122
0606997857
0606999279
0607000005
0607000406
0607005046
0607039138
0607051152
0607087871
0607109545
0607123177
0607132611
0607148682
0607150940
0607151324
0607154595
0607156710
0607183583
0607219690
0607232939
0607243038
0607248557
0607249116
0607259194
0607259346
0607267983
0607269779
0607289546
0607295599
0607296726
0607306414
0607315848
0607324654
0607365958
0607368920
0607383533
0607399271
0607402949
0607417281
0607432966
0607453705
0607454577
0607459686
0607459980
0607464567
0607469989
0607478440
0607504451
0607512715
0607525470
0607527172
0607529060
0607534819
0607556646
0607561116
0607575815
0607577007
0607583565
0607588454
0607593135
0607599779
0607601398
0607607862
0607614617
0607623250
0607627886
0607628870
0607650011
0607653388
0607654089
0607654321
0607665272
0607684405
0607688123
0607692039
0607697972
0607710056
0607714905
0607715986
0607721502
0607727973
0607738811
0607740510
0607741923
0607744303
0607744984
0607748582
0607764461
0607766619
0607767265
0607770012
0607771798
0607774284
0607774658
0607777119
0607777622
0607777770
0607777777
0607785302
0607812429
0607816189
0607816718
0607817385
0607832153
0607835223
0607840468
0607845831
0607860870
0607863554
0607890689
0607891165
0607892388
0607897037
0607898052
0607905156
0607911982
0607924318
0607926415
0607950982
0607982002
0608011631
0608012770
0608031697
0608063061
0608069513
0608124636
0608134529
0608168793
0608169289
0608176439
0608199561
0608213239
0608223399
0608230126
0608236024
0608252341
0608264378
0608268252
0608274819
0608276671
0608277234
0608279694
0608296123
0608300902
0608310558
0608310804
0608311140
0608317171
0608323165
0608329243
0608329627
0608331774
0608334557
0608346293
0608347268
0608368225
0608368238
0608371647
0608387704
0608390744
0608404117
0608407669
0608408942
0608420675
0608431625
0608470069
0608476334
0608486700
0608506445
0608514843
0608515068
0608539422
0608554744
0608562639
0608574684
0608577809
0608577820
0608587408
0608621189
0608628329
0608631685
0608639487
0608644445
0608644802
0608654762
0608656154
0608658548
0608673572
0608679016
0608691302
0608734724
0608740072
0608754053
0608765408
0608787823
0608795380
0608796310
0608800630
0608803936
0608814918
0608828302
0608842587
0608857770
0608862445
0608867963
0608884530
0608886178
0608886377
0608888740
0608888764
0608888880
0608888888
0608925752
0608931018
0608934713
0608938164
0608944381
0608947484
0608970737
0608987343
0608992530
0608998784
0609012940
0609014723
0609015780
0609020735
0609021130
0609022124
0609041449
0609058012
0609069762
0609090807
0609117631
0609127192
0609145458
0609148231
0609159729
0609160517
0609181814
0609184274
0609187767
0609202812
0609232827
0609247318
0609254461
0609276576
0609277760
0609287544
0609301968
0609310142
0609312767
0609370374
0609371806
0609384196
0609394674
0609405241
0609418207
0609467105
0609492600
0609496005
0609501067
0609511141
0609526540
0609535814
0609558061
0609564794
0609565312
0609592783
0609597638
0609611731
0609618541
0609622779
0609625776
0609633409
0609653872
0609666047
0609690449
0609694713
0609699704
0609707993
0609718398
0609721998
0609735190
0609741975
0609748374
0609749012
0609753734
0609761073
0609763486
0609778661
0609791023
0609796181
0609804314
0609809090
0609810649
0609821912
0609822299
0609834274
0609843813
0609853770
0609855496
0609866697
0609879039
0609880893
0609897096
0609897498
0609901015
0609903472
0609906803
0609930592
0609946256
0609954882
0609961124
0609966942
0609968122
0609977638
0609990047
0609992485
0609995148
0609997008
0609999181
0609999990
0609999999
0610000000
0610001965
0610005353
0610005415
0610006161
0610008509
0610009576
0610030601
0610066127
0610108194
0610125327
0610139142
0610139557
0610144056
0610145979
0610151935
0610153436
0610170099
0610170570
0610171004
0610184434
0610188060
0610188382
0610191063
0610191532
0610214166
0610223001
0610224113
0610236357
0610242626
0610245900
0610262088
0610273551
0610305551
0610305719
0610306516
0610318909
0610323392
0610324497
0610327104
0610329780
0610359785
0610378711
0610380138
0610388335
0610404310
0610421391
0610425498
0610430987
0610433240
0610450976
0610465970
0610475858
0610488962
0610492749
0610508263
0610527882
0610541247
0610552550
0610555440
0610556603
0610567944
0610569542
0610582456
0610592405
0610607416
0610640567
0610646306
0610650597
0610655100
0610661918
0610671637
0610705132
0610705470
0610705950
0610722228
0610723539
0610723917
0610723949
0610734804
0610734862
0610743705
0610748404
0610752640
0610753268
0610756476
0610762309
0610764623
0610775626
0610776173
0610781936
0610791988
0610804642
0610810515
0610837573
0610837756
0610844954
0610854215
0610854522
0610859020
0610877511
0610886927
0610903167
0610911593
0610916530
0610930992
0610938238
0610945813
0610951677
0610960238
0610986515
0611009165
0611020165
0611050682
0611094070
0611095909
0611105753
0611108055
0611110602
0611111110
0611111111
0611111379
0611113023
0611113297
0611115646
0611115758
0611118056
0611119916
0611123368
0611161956
0611162303
0611169699
0611176641
0611177885
0611188777
0611215490
0611231342
0611232618
0611233768
0611234500
0611234567
0611235883
0611236135
0611239702
0611246654
0611251446
0611257973
0611282067
0611287826
0611303762
0611303819
0611308828
0611313075
0611321264
0611328052
0611343864
0611344981
0611350162
0611356312
0611357014
0611358865
0611359236
0611370318
0611374021
0611377156
0611386421
0611392151
0611395108
0611407211
0611407543
0611408016
0611412608
0611429749
0611434686
0611436091
0611444828
0611446068
0611448530
0611453690
0611484677
0611488922
0611500718
0611500764
0611525293
0611526642
0611532808
0611544352
0611548133
0611549619
0611559563
0611567709
0611591045
0611622768
0611647706
0611674845
0611702317
0611702859
0611716343
0611738651
0611742643
0611751995
0611763062
0611784424
0611800565
0611812328
0611821055
0611830151
0611844901
0611850450
0611876864
0611878874
0611905891
0611933619
0611943993
0611945882
0611948526
0611948797
0611963253
0611979522
0611985568
0611985809
0611989727
0611998798
0611999214
0612012854
0612012987
0612031326
0612038981
0612058122
0612058181
0612060816
0612068766
0612077744
0612093912
0612097061
0612110968
0612117679
0612136114
0612157867
0612165001
0612167764
0612168145
0612182212
0612184812
0612186441
0612210943
0612220284
0612222220
0612222222
0612222416
0612227219
0612227256
0612227494
0612228679
0612237994
0612245413
0612255030
0612294746
0612318521
0612324803
0612332534
0612336087
0612340724
0612340757
0612341681
0612346294
0612348366
0612354431
0612355415
0612356081
0612363057
0612384967
0612391614
0612419272
0612432026
0612437645
0612451582
0612460428
0612460557
0612461368
0612463712
0612466144
0612480502
0612484937
0612496398
0612502739
0612515715
0612516539
0612549334
0612552906
0612555752
0612564314
0612568846
0612589558
0612592661
0612597260
0612611538
0612615910
0612621114
0612621953
0612625247
0612631692
0612634561
0612641900
0612657963
0612667691
0612707336
0612718568
0612723535
0612725452
0612739319
0612739327
0612741452
0612743203
0612746765
0612750476
0612764145
0612843392
0612851314
0612858152
0612859023
0612863073
0612881092
0612885856
0612901549
0612905360
0612933576
0612939358
0612944132
0612958996
0612969165
0612979648
0612987777
0612999950
0613002121
0613018433
0613024057
0613043245
0613043778
0613059251
0613061468
0613063020
0613090152
0613101268
0613101637
0613123783
0613128571
0613135670
0613167628
0613203024
0613204655
0613222573
0613228903
0613253720
0613266765
0613269448
0613274995
0613291233
0613297144
0613309391
0613321345
0613324386
0613327444
0613330287
0613333330
0613333333
0613335365
0613337836
0613339198
0613339370
0613339548
0613355821
0613370160
0613389509
0613396883
0613414333
0613431201
0613433249
0613450044
0613451312
0613452748
0613457035
0613457642
0613467161
0613470325
0613476950
0613479896
0613501669
0613508096
0613510412
0613515812
0613523376
0613527073
0613540902
0613564437
0613570109
0613570154
0613570507
0613575153
0613575518
0613579504
0613579860
0613601676
0613615521
0613621713
0613625112
0613628542
0613646356
0613650636
0613658083
0613658090
0613658612
0613667878
0613669225
0613710667
0613713580
0613729188
0613764409
0613766748
0613767606
0613770815
0613795916
0613804578
0613815968
0613832924
0613849380
0613873051
0613873168
0613874758
0613886642
0613888724
0613895042
0613944519
0613959108
0613962995
0613967319
0613979392
0613997781
0614007647
0614032664
0614055000
0614064021
0614075937
0614086835
0614087521
0614095625
0614115827
0614116583
0614118590
0614137306
0614148351
0614169212
0614180471
0614195378
0614196379
0614198256
0614204886
0614212536
0614228773
0614230484
0614236800
0614255779
0614270646
0614284617
0614285876
0614293052
0614297059
0614299985
0614301883
0614309083
0614311659
0614313706
0614323876
0614332968
0614336615
0614336771
0614360028
0614365096
0614369402
0614383392
0614387256
0614393838
0614398963
0614404726
0614440772
0614441793
0614444440
0614444444
0614445903
0614445956
0614449319
0614453310
0614464495
0614484815
0614495449
0614543710
0614562733
0614563509
0614563859
0614564579
0614565944
0614574641
0614584451
0614601354
0614605889
0614611072
0614611407
0614613442
0614613975
0614622649
0614633699
0614659138
0614663930
0614666907
0614675702
0614677990
0614690339
0614696437
0614697976
0614709044
0614717801
0614726079
0614728093
0614749841
0614759041
0614760239
0614769263
0614779881
0614800507
0614800870
0614803359
0614805058
0614816088
0614827365
0614839001
0614852282
0614870695
0614877889
0614878400
0614881331
0614881724
0614898287
0614905244
0614918125
0614920862
0614926048
0614932231
0614935880
0614938299
0614942327
0614944534
0614947703
0614949893
0614953103
0614992512
0615016822
0615028443
0615036343
0615057077
0615060729
0615063974
0615066874
0615079484
0615079909
0615082133
0615083705
0615092617
0615093515
0615104716
0615111501
0615114113
0615128276
0615134296
0615135798
0615150449
0615166194
0615166765
0615172060
0615172194
0615182872
0615183770
0615195431
0615200948
0615203101
0615212320
0615223210
0615229650
0615234314
0615238604
0615255120
0615255319
0615261836
0615263383
0615284727
0615294156
0615298851
0615303627
0615304994
0615325201
0615329404
0615331481
0615338220
0615354732
0615364590
0615364914
0615370952
0615379319
0615379643
0615382822
0615391721
0615408156
0615410941
0615410962
0615416134
0615436794
0615445621
0615467547
0615472531
0615474375
0615484736
0615494274
0615510893
0615534641
0615538976
0615542068
0615544711
0615550139
0615554752
0615555533
0615555550
0615555555
0615556435
0615557315
0615557411
0615557450
0615559436
0615559750
0615584944
0615600373
0615606916
0615607546
0615612587
0615623062
0615623779
0615626100
0615631379
0615635824
0615636998
0615642922
0615664205
0615672165
0615674191
0615674393
0615676471
0615678320
0615678393
0615684895
0615701981
0615703610
0615710449
0615718820
0615721599
0615730822
0615738230
0615750565
0615750959
0615793357
0615799435
0615803304
0615840348
0615859794
0615883122
0615884177
0615886843
0615889168
0615894261
0615903494
0615932797
0615949748
0615960862
0616013447
0616021420
0616023147
0616036779
0616039761
0616067074
0616069909
0616079319
0616083020
0616104938
0616113533
0616123913
0616127302
0616138471
0616140751
0616153236
0616157982
0616160659
0616165451
0616177190
0616186042
0616195792
0616200851
0616204891
0616241070
0616247542
0616250904
0616256967
0616268622
0616295618
0616301245
0616305014
0616305303
0616305501
0616309421
0616314625
0616316065
0616317416
0616344136
0616348828
0616350632
0616359091
0616373560
0616373893
0616384580
0616389817
0616415162
0616415800
0616416088
0616430583
0616456899
0616458842
0616467538
0616476641
0616485527
0616492824
0616508713
0616514304
0616521355
0616525198
0616528755
0616534236
0616539705
0616547068
0616555815
0616556796
0616570377
0616572995
0616606576
0616611496
0616628994
0616654903
0616660426
0616660663
0616665084
0616666518
0616666660
0616666666
0616669839
0616682273
0616708998
0616723757
0616724548
0616745883
0616751756
0616781962
0616782357
0616783953
0616787817
0616788220
0616788811
0616810093
0616816474
0616826401
0616827159
0616830642
0616831930
0616834279
0616847891
0616848937
0616853582
0616857779
0616859859
0616861946
0616879984
0616886187
0616896229
0616919328
0616921305
0616945346
0616949817
0616965202
0616966566
0616989761
0616996742
0616997343
0617006990
0617009379
0617013013
0617018964
0617029559
0617049123
0617064113
0617075100
0617077368
0617083446
0617091757
0617098207
0617098636
0617107229
0617109730
0617113230
0617122454
0617131035
0617134184
0617137922
0617147253
0617155843
0617158404
0617166684
0617170091
0617176116
0617202127
0617202858
0617225612
0617229269
0617260560
0617268039
0617281204
0617305849
0617337165
0617352114
0617363720
0617367211
0617368006
0617369611
0617395137
0617414277
0617421721
0617425883
0617434616
0617435664
0617442006
0617462230
0617462337
0617471277
0617471390
0617477986
0617494461
0617521410
0617539364
0617545162
0617561400
0617563682
0617595152
0617603577
0617619722
0617633659
0617633749
0617648125
0617654321
0617661225
0617667172
0617674980
0617696940
0617708760
0617721101
0617731542
0617738605
0617748898
0617770328
0617770990
0617774532
0617774579
0617776621
0617777770
0617777777
0617778529
0617789243
0617804127
0617814355
0617825170
0617849970
0617863568
0617868729
0617874299
0617889013
0617893735
0617894052
0617894076
0617895417
0617896827
0617898230
0617898832
0617899493
0617906834
0617913180
0617931591
0617932339
0617933449
0617934763
0617938312
0617966796
0617985520
0617985979
0617986659
0617990830
0618007983
0618028979
0618068379
0618071409
0618081420
0618097114
0618106536
0618112873
0618113620
0618124928
0618127129
0618147543
0618160313
0618176274
0618176418
0618190062
0618190463
0618203381
0618222985
0618278577
0618284128
0618289505
0618292532
0618305037
0618316303
0618325001
0618332694
0618332705
0618362165
0618369359
0618369927
0618370734
0618378689
0618379828
0618433007
0618435047
0618446035
0618448471
0618448686
0618465548
0618476170
0618482268
0618483515
0618499214
0618507913
0618509623
0618534215
0618539311
0618586044
0618596528
0618601424
0618603139
0618610134
0618610963
0618612022
0618613733
0618626168
0618626477
0618639140
0618653393
0618656649
0618656760
0618659808
0618690675
0618705144
0618715809
0618721748
0618724850
0618727178
0618760656
0618767793
0618774852
0618776992
0618780530
0618782586
0618799258
0618807044
0618811744
0618811912
0618825077
0618831313
0618834133
0618835388
0618838144
0618839942
0618881352
0618882428
0618886391
0618888258
0618888353
0618888880
0618888888
0618898902
0618903996
0618904688
0618911151
0618911320
0618935659
0618937631
0618938958
0618960841
0618973294
0618993818
0618995834
0618997137
0619004713
0619010724
0619013482
0619013892
0619015041
0619015785
0619017773
0619024266
0619026992
0619032143
0619041041
0619043219
0619048745
0619054271
0619058441
0619073564
0619079117
0619090416
0619091740
0619092328
0619110876
0619123872
0619124338
0619125253
0619137290
0619141655
0619162360
0619169180
0619202693
0619203637
0619222639
0619225483
0619230627
0619262032
0619267234
0619278587
0619312777
0619314597
0619319089
0619322722
0619349446
0619354231
0619359143
0619367525
0619376672
0619376702
0619385600
0619395471
0619415791
0619417640
0619441675
0619450694
0619458789
0619485766
0619509224
0619520392
0619527190
0619545350
0619557154
0619557335
0619575091
0619597965
0619600943
0619608897
0619621155
0619626078
0619632667
0619636166
0619643824
0619643920
0619690540
0619738413
0619743878
0619751768
0619754499
0619756628
0619763186
0619781457
0619797126
0619801622
0619811605
0619838066
0619843518
0619844569
0619864352
0619868319
0619875924
0619885202
0619886245
0619890585
0619905703
0619910369
0619927298
0619932261
0619934423
0619940386
0619940647
0619947534
0619964141
0619976476
0619977007
0619988801
0619990040
0619994196
0619994401
0619994541
0619996711
0619998308
0619999990
0619999999
0620000000
0620002426
0620007162
0620008297
0620009328
0620009578
0620016754
0620017804
0620022531
0620056820
0620061541
0620061590
0620068602
0620092509
0620121441
0620127367
0620142879
0620146270
0620149420
0620168424
0620171484
0620174797
0620183979
0620189621
0620210804
0620219860
0620222210
0620226675
0620227371
0620252760
0620268794
0620272474
0620275227
0620280450
0620284151
0620291382
0620300878
0620310030
0620317976
0620328805
0620332253
0620333788
0620351043
0620360814
0620379860
0620397891
0620411690
0620418272
0620418621
0620421220
0620426618
0620433012
0620434431
0620434642
0620438253
0620453875
0620465012
0620466264
0620476958
0620498322
0620515751
0620532695
0620535578
0620538231
0620539686
0620570996
0620572191
0620576185
0620585930
0620588463
0620592376
0620606685
0620608379
0620609059
0620633329
0620635918
0620657216
0620657466
0620660853
0620685243
0620707253
0620717656
0620725857
0620729875
0620742772
0620749415
0620750866
0620751990
0620779688
0620791733
0620792305
0620796296
0620840491
0620840952
0620848027
0620868355
0620872246
0620875954
0620905597
0620907740
0620921142
0620926698
0620926813
0620929504
0620944527
0620960261
0620966319
0620967621
0620968378
0620971505
0620975645
0621016064
0621034768
0621046846
0621048711
0621086381
0621101083
0621104321
0621110178
0621110894
0621110902
0621111110
0621111111
0621114250
0621116899
0621117854
0621133365
0621136979
0621150346
0621163843
0621176106
0621202868
0621204976
0621226195
0621232274
0621233550
0621234358
0621234500
0621234567
0621237173
0621237686
0621244944
0621252077
0621253759
0621264688
0621266155
0621276835
0621286251
0621306682
0621308605
0621318017
0621324229
0621332257
0621347725
0621353100
0621355305
0621355851
0621356357
0621356845
0621357922
0621359404
0621361739
0621363300
0621363388
0621397486
0621416207
0621424209
0621430699
0621433933
0621439786
0621442003
0621495706
0621511383
0621520234
0621524810
0621525257
0621532029
0621536411
0621543915
0621551876
0621565923
0621578437
0621589354
0621594758
0621598678
0621604021
0621605005
0621605582
0621617632
0621619345
0621623039
0621638461
0621664479
0621666184
0621671574
0621677953
0621680390
0621696139
0621716036
0621728475
0621735807
0621770711
0621781677
0621791896
0621796141
0621798599
0621825538
0621830589
0621859969
0621867833
0621884696
0621907459
0621909366
0621924073
0621939118
0621953513
0621961610
0621965265
0621974142
0621982733
0622033322
0622033610
0622040645
0622044110
0622049184
0622057418
0622057719
0622059447
0622059878
0622072064
0622072454
0622096071
0622115775
0622117232
0622122020
0622127151
0622141221
0622163008
0622168702
0622181746
0622191556
0622197002
0622200314
0622201868
0622202142
0622220597
0622222220
0622222222
0622224696
0622225371
0622227466
0622227777
0622228913
0622304539
0622311582
0622340363
0622345957
0622347180
0622347493
0622348017
0622348144
0622348243
0622348446
0622361295
0622375941
0622380924
0622382179
0622385632
0622398995
0622409649
0622410832
0622411258
0622412383
0622413573
0622433984
0622460597
0622460867
0622467327
0622467737
0622468270
0622468458
0622473664
0622495616
0622496190
0622502499
0622533374
0622536471
0622547654
0622557027
0622574083
0622579371
0622591876
0622593508
0622627006
0622627807
0622641960
0622649888
0622653362
0622656459
0622658170
0622671748
0622674143
0622675875
0622679886
0622697417
0622697508
0622703287
0622710481
0622793385
0622826066
0622829019
0622832828
0622848928
0622852730
0622853149
0622860737
0622862503
0622877152
0622892472
0622907556
0622909644
0622920459
0622952517
0622960598
0622976836
0622982112
0622983748
0622989101
0622992002
0622992916
0622996839
0622998191
0623008636
0623047837
0623053305
0623053872
0623059916
0623064408
0623066253
0623072956
0623089359
0623089829
0623102879
0623104479
0623114833
0623119950
0623139812
0623157469
0623169692
0623174026
0623177914
0623185074
0623192832
0623223683
0623240244
0623241375
0623248644
0623264843
0623265784
0623271911
0623272100
0623277771
0623287787
0623295259
0623297444
0623313769
0623330856
0623333330
0623333333
0623335211
0623337735
0623339039
0623339348
0623339905
0623340837
0623342448
0623348008
0623348837
0623354905
0623355564
0623389853
0623403381
0623416949
0623418028
0623418927
0623436723
0623443520
0623451989
0623452933
0623454764
0623455540
0623457214
0623466236
0623481965
0623504237
0623541253
0623544653
0623553082
0623559370
0623571457
0623572176
0623572904
0623572998
0623576051
0623577123
0623578815
0623590701
0623609553
0623629995
0623636249
0623639551
0623643780
0623646521
0623652252
0623655712
0623666811
0623676864
0623688285
0623702133
0623716368
0623736649
0623749527
0623755390
0623765914
0623774166
0623778132
0623804709
0623807264
0623814316
0623829457
0623839344
0623846303
0623847525
0623847946
0623851307
0623885458
0623886813
0623888035
0623892483
0623919386
0623920018
0623945294
0623952690
0623962177
0623966441
0623976981
0623980495
0623980849
0623982495
0623983509
0624014043
0624016113
0624017106
0624045162
0624057062
0624059996
0624067539
0624070443
0624072937
0624085478
0624102911
0624107511
0624122654
0624132957
0624146447
0624166113
0624172989
0624180929
0624187024
0624193850
0624194631
0624204333
0624209348
0624212929
0624218322
0624219380
0624219907
0624231664
0624232521
0624240778
0624271822
0624279857
0624281624
0624297072
0624304540
0624329237
0624330832
0624336405
0624348359
0624355154
0624357317
0624368700
0624370987
0624380669
0624389564
0624393064
0624396420
0624396835
0624416006
0624421531
0624428258
0624431383
0624441113
0624442500
0624444440
0624444444
0624445007
0624447876
0624449207
0624449475
0624480236
0624491779
0624492600
0624515422
0624519947
0624524792
0624528072
0624544878
0624551091
0624556093
0624561551
0624564397
0624565783
0624566669
0624569523
0624569746
0624569832
0624575849
0624580296
0624588781
0624590584
0624601309
0624604538
0624608663
0624611890
0624619466
0624641046
0624655590
0624670775
0624679154
0624679709
0624685195
0624693696
0624693839
0624702412
0624711451
0624726518
0624738437
0624738694
0624743482
0624750886
0624751937
0624755681
0624762328
0624765437
0624784097
0624792948
0624808293
0624808368
0624867835
0624872806
0624882146
0624893916
0624917786
0624927397
0624932284
0624974598
0624974869
0624975988
0624980792
0624981175
0624991841
0625004022
0625027724
0625034171
0625060210
0625066279
0625074301
0625074432
0625090232
0625101919
0625132619
0625137070
0625159025
0625159103
0625163791
0625167375
0625179539
0625185947
0625189848
0625201285
0625206090
0625213072
0625217538
0625227572
0625239668
0625251710
0625263924
0625291298
0625318978
0625350722
0625374678
0625398825
0625402495
0625403833
0625411250
0625415617
0625432393
0625441521
0625442099
0625442722
0625444224
0625451787
0625470912
0625502284
0625504836
0625512912
0625521646
0625533405
0625538990
0625550653
0625551294
0625553707
0625554422
0625555550
0625555555
0625556510
0625557280
0625574134
0625578005
0625580082
0625592270
0625595844
0625612433
0625617020
0625640571
0625651034
0625656182
0625659676
0625665593
0625668576
0625670221
0625670958
0625672224
0625673439
0625674508
0625677711
0625678313
0625682766
0625690710
0625704684
0625726345
0625728644
0625736994
0625745434
0625746074
0625753905
0625760589
0625764248
0625767980
0625789123
0625807668
0625812190
0625833040
0625838887
0625877323
0625927751
0625934422
0625937164
0625938357
0625951666
0625951915
0625955405
0625956599
0625959587
0625973404
0625973920
0625975140
0625977418
0625985553
0626023786
0626024318
0626024345
0626043357
0626053681
0626063178
0626083761
0626088349
0626105522
0626115248
0626128722
0626137741
0626145115
0626159470
0626186073
0626188222
0626194956
0626205680
0626208271
0626213475
0626218646
0626233377
0626234704
0626246621
0626247021
0626260420
0626262734
0626273380
0626287230
0626291412
0626306205
0626307150
0626313359
0626315090
0626321279
0626332902
0626336396
0626354413
0626369857
0626371346
0626373596
0626381424
0626415997
0626421946
0626425009
0626426865
0626432396
0626433901
0626449214
0626450265
0626468600
0626474850
0626477891
0626499266
0626506116
0626517345
0626523057
0626526046
0626527354
0626527537
0626541788
0626542350
0626561868
0626563682
0626564013
0626568296
0626572621
0626575580
0626582300
0626587482
0626594223
0626595768
0626620120
0626624420
0626660270
0626662364
0626662427
0626664434
0626666660
0626666666
0626667878
0626669892
0626677954
0626723227
0626723678
0626734334
0626740384
0626754176
0626763567
0626770379
0626780110
0626784574
0626785033
0626786303
0626787594
0626788687
0626789274
0626800620
0626814612
0626816135
0626847114
0626880651
0626883222
0626885224
0626904757
0626904840
0626914023
0626923863
0626934463
0626938765
0626941352
0626942623
0626981297
0626983247
0627019129
0627022126
0627043115
0627045011
0627055878
0627059743
0627062307
0627081540
0627084884
0627115275
0627115520
0627120966
0627136649
0627161588
0627170561
0627172513
0627176567
0627180315
0627185270
0627185771
0627201021
0627215563
0627216949
0627220089
0627221719
0627236858
0627264919
0627268685
0627291570
0627295297
0627307011
0627314804
0627317910
0627317982
0627333917
0627341606
0627355250
0627356889
0627360649
0627367585
0627369548
0627374236
0627378050
0627384912
0627402026
0627406807
0627409916
0627414529
0627450254
0627451054
0627477307
0627480063
0627481412
0627514477
0627527412
0627533836
0627553842
0627561992
0627568266
0627570166
0627610495
0627627951
0627638886
0627649438
0627650282
0627654321
0627672676
0627683583
0627690302
0627690962
0627691466
0627701010
0627703330
0627704665
0627720876
0627721299
0627727381
0627727663
0627728270
0627746010
0627746075
0627746965
0627752471
0627770011
0627772684
0627774853
0627775088
0627777240
0627777770
0627777777
0627779425
0627779863
0627788538
0627789185
0627792337
0627795801
0627800549
0627816498
0627820139
0627821661
0627826696
0627846871
0627852308
0627871787
0627880181
0627891604
0627892225
0627896906
0627897013
0627898552
0627899887
0627912655
0627940636
0627976658
0627993898
0627998427
0628010509
0628010674
0628019931
0628030110
0628032210
0628056295
0628057335
0628060235
0628067497
0628069893
0628073679
0628077706
0628080110
0628087332
0628099014
0628128187
0628129915
0628139485
0628148835
0628163309
0628165550
0628169377
0628182537
0628183854
0628185994
0628188031
0628204820
0628208920
0628221179
0628226030
0628254540
0628276244
0628283676
0628287467
0628290883
0628295356
0628306510
0628308235
0628316755
0628323941
0628325831
0628353920
0628369155
0628373543
0628397345
0628397869
0628407947
0628407993
0628444316
0628447833
0628458941
0628462718
0628466644
0628470630
0628475402
0628482840
0628490959
0628501210
0628508392
0628517365
0628518888
0628526165
0628539258
0628544472
0628556287
0628564386
0628564423
0628567756
0628574307
0628576727
0628582164
0628587540
0628588141
0628601610
0628602235
0628609123
0628626376
0628627256
0628637413
0628640732
0628653893
0628657080
0628663442
0628672060
0628695121
0628695708
0628715086
0628716945
0628740702
0628740723
0628746185
0628759956
0628765166
0628766209
0628774924
0628791016
0628818749
0628834765
0628880723
0628884764
0628885841
0628887112
0628888880
0628888888
0628889757
0628894617
0628905990
0628908721
0628917316
0628921537
0628942452
0628962901
0628972732
0628975485
0628979333
0628990406
0629007264
0629015379
0629016816
0629020081
0629064342
0629071900
0629079097
0629083869
0629083930
0629084144
0629088506
0629092472
0629123499
0629126164
0629139969
0629142115
0629160861
0629168339
0629175914
0629189707
0629191514
0629196555
0629212755
0629220412
0629224135
0629239523
0629241924
0629249566
0629263371
0629277108
0629289200
0629347011
0629348890
0629354807
0629370903
0629372403
0629383057
0629388192
0629393388
0629401973
0629428037
0629434234
0629441398
0629446606
0629463146
0629469084
0629486087
0629486762
0629490928
0629516405
0629522558
0629526936
0629534917
0629553046
0629565176
0629567238
0629569526
0629596146
0629619320
0629619472
0629623110
0629632520
0629638454
0629642647
0629690474
0629691569
0629691657
0629701143
0629718092
0629758246
0629763315
0629765571
0629771199
0629775265
0629809836
0629831697
0629853651
0629880753
0629900733
0629928434
0629940058
0629940851
0629941097
0629948925
0629963443
0629964976
0629971951
0629980999
0629995358
0629995713
0629996539
0629998080
0629998290
0629999714
0629999990
0629999999
0630000000
0630000842
0630002018
0630002298
0630008625
0630009482
0630033870
0630039692
0630041987
0630043775
0630075166
0630077279
0630082531
0630085818
0630099090
0630122684
0630133513
0630137022
0630141122
0630150093
0630162291
0630168816
0630179877
0630190716
0630208960
0630244188
0630258561
0630259720
0630262310
0630265018
0630268927
0630274153
0630274371
0630275238
0630286648
0630294701
0630299948
0630313413
0630320771
0630340307
0630369229
0630396416
0630405708
0630406812
0630426453
0630429353
0630436226
0630458915
0630522829
0630532137
0630563542
0630566534
0630575140
0630579855
0630582442
0630591014
0630594217
0630597551
0630602555
0630615446
0630624243
0630628758
0630653659
0630654856
0630657712
0630660876
0630663874
0630665855
0630668147
0630691567
0630694482
0630696907
0630702443
0630704595
0630728276
0630736603
0630741489
0630747019
0630751924
0630754820
0630759690
0630775135
0630776250
0630790016
0630816231
0630843624
0630853270
0630859018
0630869993
0630901537
0630917674
0630920015
0630927863
0630938143
0630951628
0630973106
0631004000
0631038810
0631041618
0631044643
0631047977
0631056999
0631058099
0631069535
0631070684
0631078387
0631079002
0631095767
0631109219
0631110212
0631111110
0631111111
0631112808
0631114852
0631117081
0631119078
0631119088
0631119829
0631140744
0631145171
0631161538
0631174694
0631182214
0631182255
0631183517
0631194565
0631195405
0631199974
0631217270
0631228343
0631231251
0631231512
0631231572
0631234500
0631234567
0631234742
0631238149
0631239406
0631240119
0631240292
0631256823
0631285147
0631289340
0631295020
0631313749
0631331101
0631346445
0631351321
0631352916
0631355242
0631355431
0631355547
0631357098
0631376863
0631380319
0631381221
0631386792
0631400759
0631402216
0631402969
0631409091
0631410169
0631412851
0631421234
0631428223
0631437260
0631441322
0631445148
0631447391
0631453625
0631473740
0631498622
0631508687
0631509629
0631511360
0631513337
0631521104
0631544885
0631581538
0631627138
0631638909
0631647368
0631648605
0631652538
0631659827
0631664080
0631684371
0631700272
0631704126
0631715551
0631719294
0631726665
0631734715
0631745848
0631756675
0631764991
0631778850
0631784678
0631787493
0631788398
0631822296
0631829240
0631855010
0631857232
0631859518
0631860217
0631863590
0631867650
0631882347
0631898125
0631903099
0631909013
0631918229
0631923773
0631936432
0631944525
0631955737
0631963755
0631966603
0631983325
0631990084
0631999098
0632019145
0632024445
0632037907
0632071393
0632080545
0632083775
0632085164
0632089292
0632090106
0632119296
0632136859
0632137984
0632159212
0632162236
0632163111
0632167216
0632170598
0632190600
0632195418
0632195790
0632199265
0632201856
0632204702
0632213191
0632222037
0632222220
0632222222
0632223031
0632224356
0632224660
0632225062
0632226526
0632237992
0632240961
0632273413
0632294052
0632320744
0632335020
0632341670
0632342119
0632342350
0632345909
0632346475
0632346551
0632349405
0632366744
0632367956
0632368763
0632375694
0632399492
0632401691
0632425999
0632439563
0632453677
0632460611
0632463171
0632464642
0632467321
0632467915
0632468397
0632470740
0632474050
0632492516
0632504731
0632509780
0632526519
0632529233
0632538099
0632549623
0632558645
0632563606
0632565662
0632568667
0632568679
0632570049
0632576874
0632583306
0632587445
0632595261
0632607128
0632612928
0632618441
0632620762
0632632733
0632635052
0632651760
0632655432
0632689405
0632693788
0632703042
0632719941
0632723201
0632728053
0632729159
0632729289
0632740175
0632746212
0632749618
0632763010
0632778751
0632791687
0632805453
0632814766
0632820741
0632831623
0632834375
0632838049
0632840039
0632846896
0632848684
0632855778
0632887236
0632895771
0632922164
0632942521
0632973924
0633013574
0633020443
0633020957
0633021149
0633029699
0633042055
0633053637
0633073176
0633076155
0633080866
0633082536
0633084168
0633096920
0633098361
0633100760
0633127211
0633127520
0633139088
0633143671
0633158284
0633163095
0633186247
0633205732
0633214319
0633215788
0633233948
0633237352
0633253282
0633255579
0633269535
0633271440
0633279486
0633316376
0633331039
0633332049
0633332389
0633333330
0633333333
0633335534
0633335906
0633337785
0633344297
0633361878
0633366042
0633390459
0633392075
0633392771
0633405135
0633406820
0633408225
0633411976
0633413316
0633418626
0633427241
0633430191
0633438198
0633452237
0633453361
0633456204
0633456264
0633457144
0633458070
0633468013
0633472595
0633486136
0633490834
0633530216
0633537225
0633545957
0633552896
0633554143
0633554845
0633559067
0633571971
0633572518
0633574159
0633574748
0633579201
0633592843
0633604283
0633610700
0633642324
0633663977
0633668810
0633669608
0633699568
0633705462
0633707106
0633718522
0633747927
0633783763
0633802650
0633808804
0633816796
0633824970
0633832500
0633904377
0633942005
0633943620
0633947761
0633950111
0633956268
0633969662
0633974483
0633981443
0634000145
0634019669
0634028503
0634049082
0634051075
0634054755
0634058123
0634061389
0634097931
0634100281
0634102865
0634104820
0634106851
0634107096
0634107405
0634107518
0634107779
0634116677
0634136418
0634144850
0634156266
0634160334
0634163761
0634171328
0634171529
0634201923
0634208129
0634218173
0634234239
0634245039
0634250739
0634263038
0634269481
0634276620
0634283403
0634306024
0634310508
0634312765
0634321615
0634322287
0634324338
0634349475
0634350906
0634350983
0634360809
0634362565
0634393393
0634406075
0634409852
0634414887
0634443613
0634444177
0634444440
0634444444
0634448173
0634448552
0634449464
0634456341
0634462989
0634469604
0634478774
0634481686
0634491849
0634492976
0634498434
0634502221
0634531866
0634540867
0634554559
0634560275
0634561994
0634566142
0634568152
0634568451
0634569837
0634570323
0634570541
0634574723
0634579996
0634588943
0634617837
0634636902
0634645705
0634687928
0634702849
0634713310
0634724353
0634725842
0634734322
0634738536
0634743426
0634751075
0634753681
0634758252
0634765332
0634770828
0634785005
0634785128
0634806966
0634813709
0634833587
0634833942
0634866842
0634910398
0634911003
0634911649
0634917300
0634918377
0634921164
0634955333
0634955559
0634957246
0634963048
0634978905
0635002569
0635005682
0635006194
0635018349
0635034907
0635069644
0635086617
0635101378
0635119218
0635119326
0635145224
0635148672
0635186804
0635190803
0635199721
0635207508
0635217285
0635227805
0635227834
0635232893
0635252077
0635266043
0635280967
0635289603
0635297562
0635301092
0635326972
0635341557
0635355778
0635377706
0635379274
0635380025
0635389983
0635400471
0635416100
0635423484
0635431683
0635437410
0635439027
0635448680
0635473637
0635477147
0635478556
0635482454
0635498609
0635504127
0635504609
0635512515
0635516894
0635531309
0635533614
0635537765
0635540569
0635549628
0635550581
0635551298
0635554642
0635555550
0635555555
0635555581
0635557829
0635558822
0635558962
0635559884
0635561741
0635579387
0635583244
0635586444
0635610453
0635628177
0635642988
0635666227
0635667077
0635668605
0635672429
0635673228
0635674282
0635674458
0635676197
0635677345
0635677848
0635678398
0635678655
0635679094
0635691162
0635696462
0635700472
0635702182
0635703081
0635732108
0635739580
0635763839
0635769609
0635782253
0635801070
0635801480
0635815144
0635837784
0635849948
0635869027
0635901039
0635908447
0635911802
0635920140
0635928317
0635939516
0635955024
0635956135
0635962963
0635977240
0635982418
0635984957
0635990108
0635998262
0635998270
0635999172
0636003859
0636012190
0636013996
0636017039
0636055764
0636057493
0636066285
0636081459
0636081521
0636099048
0636106323
0636127344
0636152517
0636157687
0636158348
0636199899
0636205181
0636212062
0636221608
0636225382
0636240671
0636244975
0636252038
0636256676
0636260673
0636262583
0636270103
0636280571
0636300390
0636302816
0636303735
0636330663
0636336271
0636348396
0636361924
0636364519
0636368860
0636411556
0636428316
0636449553
0636457066
0636457412
0636480337
0636484836
0636488872
0636502477
0636503512
0636507485
0636523621
0636527975
0636561302
0636578698
0636592254
0636601905
0636610230
0636613550
0636623273
0636631461
0636632868
0636644113
0636649340
0636649920
0636663978
0636664337
0636666660
0636666666
0636666936
0636667870
0636668356
0636683479
0636691314
0636694168
0636706240
0636712084
0636747311
0636751165
0636767840
0636775927
0636781288
0636782957
0636785678
0636786359
0636786833
0636787843
0636789259
0636796177
0636798881
0636813308
0636826105
0636832768
0636834422
0636835251
0636838150
0636859577
0636874705
0636876811
0636877639
0636879686
0636887841
0636897094
0636902686
0636906580
0636914528
0636915338
0636917290
0636920712
0636937425
0636939404
0636953534
0636960313
0636973917
0636978956
0636979955
0637007215
0637016569
0637020323
0637025951
0637026525
0637029030
0637032997
0637034207
0637036162
0637039050
0637059652
0637069688
0637085570
0637087343
0637099035
0637100937
0637113720
0637121284
0637121884
0637129499
0637130221
0637130520
0637135266
0637152264
0637156929
0637159129
0637161588
0637174300
0637177050
0637182418
0637183088
0637183840
0637184213
0637200906
0637218911
0637230145
0637232772
0637233435
0637234088
0637262635
0637267015
0637280232
0637298064
0637298874
0637303596
0637330163
0637330787
0637356824
0637369163
0637389446
0637389638
0637403013
0637406002
0637420507
0637432863
0637438090
0637453215
0637467040
0637480341
0637483648
0637518192
0637552752
0637570756
0637575461
0637605671
0637607959
0637627440
0637635730
0637654321
0637671043
0637671841
0637677526
0637682925
0637691621
0637722664
0637726570
0637740840
0637742714
0637750987
0637757702
0637761706
0637770464
0637773474
0637777418
0637777770
0637777777
0637778291
0637779757
0637781830
0637793216
0637794865
0637796973
0637813342
0637830343
0637840958
0637845892
0637850686
0637860254
0637877953
0637891880
0637892850
0637896532
0637897171
0637897580
0637899558
0637917624
0637942429
0637946391
0637964942
0637973493
0637981604
0638002831
0638063808
0638064321
0638067035
0638071011
0638076461
0638083582
0638098011
0638103981
0638117952
0638125900
0638134749
0638138262
0638141535
0638150695
0638158034
0638175506
0638184559
0638184976
0638189270
0638201387
0638205944
0638265399
0638272856
0638277732
0638283857
0638294727
0638309161
0638310424
0638312248
0638323194
0638324829
0638337882
0638354606
0638375456
0638377906
0638384137
0638386002
0638389013
0638392789
0638402989
0638407959
0638413244
0638429379
0638433127
0638437298
0638450144
0638452926
0638454836
0638457934
0638508249
0638513887
0638515430
0638528034
0638554711
0638558051
0638568685
0638572077
0638582800
0638589650
0638589719
0638617761
0638641938
0638643771
0638648013
0638650748
0638651114
0638652848
0638657641
0638673972
0638682108
0638683240
0638696128
0638697221
0638717508
0638738809
0638743365
0638752706
0638759070
0638759572
0638776821
0638779921
0638782913
0638784911
0638793784
0638810253
0638813608
0638859515
0638867421
0638868862
0638869487
0638880274
0638881347
0638883128
0638883278
0638884762
0638887557
0638888256
0638888880
0638888888
0638910562
0638914366
0638922022
0638923933
0638927155
0638935115
0638945738
0638957039
0638958419
0638959899
0638961466
0638964736
0639036653
0639040278
0639055162
0639056770
0639072463
0639082777
0639083183
0639092897
0639098506
0639104130
0639124234
0639131060
0639134071
0639139724
0639143609
0639147954
0639158460
0639176585
0639182814
0639191051
0639194439
0639197679
0639201825
0639203453
0639206125
0639208146
0639226864
0639227300
0639254634
0639268309
0639270325
0639285970
0639286908
0639304972
0639314553
0639325634
0639329009
0639330529
0639332050
0639333526
0639356968
0639378746
0639379785
0639395291
0639412016
0639422270
0639430624
0639439679
0639450324
0639451843
0639459738
0639462266
0639476894
0639500555
0639501890
0639505442
0639507967
0639508162
0639508851
0639511207
0639525627
0639532369
0639544077
0639559745
0639560575
0639576236
0639583240
0639599349
0639626728
0639642845
0639649334
0639650666
0639663433
0639663972
0639682621
0639688350
0639700554
0639709657
0639719057
0639721044
0639739034
0639753911
0639772852
0639776652
0639782159
0639798780
0639801883
0639803975
0639812501
0639813422
0639822372
0639841993
0639842896
0639844907
0639849595
0639852454
0639864905
0639872534
0639885947
0639901993
0639911854
0639931622
0639951835
0639956291
0639972679
0639988866
0639990412
0639991374
0639995682
0639997851
0639998155
0639999990
0639999999
0640000000
0640000347
0640002997
0640003393
0640004920
0640005587
0640006044
0640009391
0640012780
0640022624
0640028004
0640031112
0640043270
0640061003
0640070974
0640081627
0640081808
0640091659
0640092716
0640103945
0640105268
0640107275
0640110149
0640120109
0640120380
0640120705
0640141185
0640141750
0640142354
0640156963
0640161083
0640163071
0640170214
0640192436
0640203800
0640205138
0640206443
0640237946
0640244437
0640247677
0640252694
0640255182
0640256913
0640257713
0640277980
0640288887
0640293650
0640298053
0640311598
0640312644
0640315692
0640336730
0640339367
0640349765
0640350220
0640363281
0640373877
0640384195
0640397665
0640400884
0640410228
0640412292
0640417948
0640428347
0640443128
0640447574
0640449865
0640454204
0640454353
0640454955
0640460984
0640472623
0640481821
0640493908
0640499854
0640503040
0640506433
0640514890
0640523625
0640526034
0640528379
0640539343
0640551802
0640554612
0640560041
0640561556
0640562101
0640565207
0640570211
0640571834
0640583847
0640590848
0640640125
0640643386
0640644546
0640650965
0640670374
0640675795
0640682614
0640687900
0640698275
0640708757
0640712225
0640740240
0640741107
0640742191
0640750411
0640765092
0640788150
0640788742
0640795210
0640799578
0640818717
0640849376
0640849706
0640870494
0640882183
0640884162
0640885700
0640893634
0640908282
0640915689
0640935973
0640942185
0640942376
0640970162
0640988870
0641030669
0641053010
0641066147
0641073211
0641075091
0641096224
0641101343
0641111110
0641111111
0641111694
0641114821
0641117241
0641117567
0641118717
0641118734
0641119308
0641122257
0641125466
0641134835
0641146650
0641149641
0641176169
0641179541
0641181548
0641188162
0641196128
0641207122
0641207518
0641217713
0641219415
0641228822
0641230775
0641231049
0641231525
0641232347
0641234500
0641234567
0641235919
0641247497
0641254561
0641258003
0641267975
0641268806
0641303030
0641322018
0641333555
0641333732
0641335183
0641338290
0641349452
0641351057
0641351356
0641351454
0641354416
0641357645
0641357984
0641360293
0641394418
0641405205
0641415309
0641416297
0641438199
0641440401
0641440806
0641457807
0641468625
0641480913
0641482178
0641490809
0641510805
0641520015
0641532737
0641554404
0641557262
0641563956
0641575531
0641585594
0641590273
0641597732
0641599130
0641617539
0641624696
0641645005
0641648450
0641667278
0641674863
0641703650
0641704323
0641724115
0641729369
0641736465
0641747915
0641749134
0641763779
0641784743
0641788225
0641788794
0641792606
0641806004
0641815350
0641815438
0641835104
0641853858
0641857443
0641867567
0641875256
0641879418
0641885647
0641886408
0641887138
0641913209
0641916583
0641917943
0641926948
0641934186
0641957672
0641975044
0641987865
0641991218
0641992678
0641998549
0642001367
0642017870
0642019494
0642035283
0642039253
0642045560
0642047654
0642069016
0642106649
0642114984
0642139052
0642148979
0642157979
0642160236
0642166307
0642175725
0642177961
0642189605
0642202015
0642202366
0642221547
0642222220
0642222222
0642222573
0642223931
0642226636
0642226860
0642235633
0642241800
0642261889
0642274443
0642276126
0642277177
0642279537
0642284576
0642294979
0642305685
0642311744
0642312082
0642326193
0642331575
0642334755
0642335048
0642342030
0642345143
0642348738
0642349130
0642349296
0642349578
0642367075
0642394274
0642417845
0642418208
0642426023
0642427721
0642435735
0642440195
0642458116
0642464697
0642465216
0642466546
0642467138
0642469204
0642469541
0642485263
0642492076
0642499321
0642502376
0642507062
0642511757
0642515460
0642516548
0642535124
0642543489
0642549815
0642597122
0642648255
0642676346
0642704820
0642706653
0642713755
0642741864
0642747333
0642761153
0642788740
0642797072
0642819844
0642859618
0642859736
0642887772
0642893518
0642898137
0642910833
0642917704
0642923804
0642928158
0642938238
0642962767
0642979366
0642980545
0642984316
0642991127
0643007702
0643011551
0643017545
0643020115
0643027027
0643033596
0643038938
0643046477
0643069128
0643075706
0643082138
0643086687
0643090931
0643091752
0643101187
0643106538
0643115521
0643134689
0643141075
0643144509
0643149289
0643169357
0643170926
0643179441
0643182953
0643206887
0643212687
0643213912
0643216064
0643231724
0643232077
0643243116
0643245300
0643247575
0643249602
0643249618
0643255338
0643264526
0643267865
0643275492
0643306631
0643310361
0643321688
0643333330
0643333333
0643333740
0643333974
0643334950
0643339060
0643339654
0643358119
0643361140
0643361201
0643367189
0643381080
0643396498
0643402019
0643407840
0643430043
0643442682
0643451307
0643452231
0643454382
0643454640
0643456071
0643457748
0643463102
0643477468
0643487487
0643503366
0643504169
0643513192
0643529416
0643563599
0643564436
0643564985
0643568957
0643570180
0643571666
0643573542
0643579400
0643579937
0643595138
0643611946
0643612074
0643628978
0643640166
0643657260
0643675009
0643675282
0643678582
0643687530
0643692960
0643703140
0643706183
0643711586
0643718180
0643734925
0643740416
0643770994
0643790908
0643791605
0643792141
0643801875
0643841767
0643851022
0643874618
0643919534
0643963535
0643965141
0643965836
0643976464
0643983055
0643990329
0644014056
0644028827
0644029999
0644033272
0644038240
0644062312
0644119755
0644129887
0644136193
0644144437
0644146330
0644152648
0644164793
0644185554
0644185920
0644190522
0644193923
0644206851
0644207141
0644225975
0644229569
0644253935
0644265906
0644266665
0644282552
0644307014
0644318300
0644330629
0644342096
0644347962
0644354889
0644357913
0644390355
0644393517
0644394787
0644398309
0644401254
0644416420
0644420944
0644428411
0644434679
0644435761
0644443126
0644443165
0644443302
0644444392
0644444440
0644444444
0644448765
0644465702
0644497705
0644508107
0644536639
0644544653
0644544708
0644546210
0644549053
0644549428
0644560822
0644562267
0644565752
0644566715
0644566720
0644569553
0644593173
0644594992
0644597834
0644597845
0644617271
0644636011
0644637994
0644641189
0644646936
0644656008
0644662503
0644668137
0644676410
0644721580
0644728153
0644728764
0644731331
0644732270
0644734498
0644741055
0644741653
0644760107
0644763377
0644777708
0644778697
0644781165
0644791135
0644791922
0644793494
0644804393
0644824571
0644838173
0644838703
0644852110
0644852177
0644855680
0644858551
0644862599
0644871696
0644873208
0644897959
0644908841
0644919877
0644920433
0644926520
0644930343
0644934967
0644940718
0644948070
0644958740
0644977169
0644987476
0644998810
0645009208
0645020758
0645022558
0645025966
0645027585
0645028690
0645041898
0645047123
0645047710
0645048676
0645059958
0645067500
0645092914
0645156122
0645160177
0645160594
0645164018
0645164279
0645164305
0645168674
0645171285
0645182301
0645185609
0645200835
0645203225
0645230679
0645231035
0645275056
0645290834
0645302957
0645311985
0645313504
0645315737
0645315802
0645329009
0645336712
0645342884
0645348150
0645362665
0645372549
0645377904
0645410112
0645427648
0645435198
0645488398
0645496668
0645517874
0645526142
0645528199
0645528883
0645544851
0645544969
0645553684
0645554355
0645554406
0645554931
0645555550
0645555555
0645558338
0645559054
0645559897
0645567782
0645570148
0645585014
0645585018
0645585646
0645587399
0645598488
0645624263
0645635071
0645635563
0645641246
0645653769
0645661107
0645670009
0645671893
0645672790
0645673976
0645675689
0645677829
0645688456
0645693336
0645701331
0645709818
0645715398
0645724850
0645725658
0645734517
0645737434
0645740975
0645758296
0645765264
0645771054
0645787280
0645802324
0645811060
0645814216
0645817911
0645849489
0645859416
0645866727
0645870531
0645875019
0645881073
0645884704
0645910500
0645915866
0645925565
0645948473
0645954495
0645961073
0645975101
0645980807
0645989306
0645993321
0645994391
0646001267
0646004599
0646005269
0646005483
0646020891
0646045052
0646070273
0646094171
0646096515
0646113086
0646118310
0646128573
0646155929
0646183356
0646208232
0646213114
0646222640
0646242572
0646256447
0646259291
0646265285
0646275333
0646278746
0646284039
0646288665
0646292228
0646314251
0646316597
0646320209
0646320903
0646323192
0646324159
0646333999
0646338922
0646344072
0646380188
0646396170
0646402468
0646409219
0646416603
0646418621
0646418864
0646425631
0646428081
0646431059
0646432005
0646440328
0646444971
0646456719
0646466465
0646470613
0646477803
0646479761
0646485473
0646490559
0646501322
0646504180
0646504899
0646518028
0646522339
0646525570
0646537926
0646540554
0646545952
0646569279
0646573918
0646576575
0646590088
0646600191
0646603086
0646603739
0646615271
0646616568
0646632092
0646633605
0646633739
0646636945
0646649524
0646660770
0646664112
0646666172
0646666660
0646666666
0646667821
0646669111
0646679650
0646681203
0646722573
0646723528
0646726316
0646733422
0646758371
0646768662
0646782265
0646787166
0646787316
0646787902
0646788372
0646816762
0646824631
0646827854
0646857383
0646900396
0646904861
0646907780
0646920748
0646935868
0646936631
0646939431
0646976058
0646991699
0646995876
0647006176
0647011391
0647059472
0647071429
0647101691
0647134513
0647135425
0647163094
0647167242
0647169601
0647173891
0647177783
0647180813
0647204892
0647228734
0647236316
0647267241
0647278292
0647304352
0647330138
0647341854
0647357762
0647363207
0647383634
0647389229
0647396559
0647398619
0647401140
0647405351
0647432747
0647449837
0647460600
0647461331
0647481146
0647482197
0647500107
0647503101
0647549241
0647559380
0647562061
0647566694
0647589240
0647600547
0647603406
0647612349
0647636089
0647645296
0647654321
0647699999
0647702713
0647707187
0647708718
0647718320
0647748792
0647758600
0647763017
0647770435
0647772901
0647775348
0647777770
0647777777
0647777831
0647779789
0647783330
0647786549
0647793172
0647808442
0647808567
0647812531
0647815527
0647817363
0647823553
0647834829
0647843851
0647851122
0647852660
0647856029
0647885235
0647888048
0647891499
0647893907
0647896042
0647896520
0647898916
0647944405
0647950374
0647950500
0647976803
0647993044
0648001676
0648002019
0648008074
0648008306
0648012643
0648017853
0648026507
0648027971
0648029172
0648049655
0648073210
0648073701
0648083551
0648101551
0648111942
0648114208
0648122422
0648134054
0648142370
0648144007
0648150899
0648151725
0648155133
0648161732
0648176959
0648177444
0648186064
0648220852
0648225799
0648227565
0648244942
0648251516
0648253925
0648254744
0648255153
0648256452
0648278242
0648282396
0648306172
0648307746
0648334924
0648335062
0648343568
0648362057
0648380045
0648384923
0648403446
0648405951
0648408139
0648409087
0648411708
0648418892
0648440679
0648449022
0648450415
0648460224
0648477666
0648496109
0648502147
0648504368
0648504766
0648527271
0648555821
0648556159
0648559722
0648569630
0648581602
0648584308
0648584371
0648584402
0648585669
0648587856
0648598730
0648616198
0648643007
0648645387
0648655140
0648661718
0648710944
0648713268
0648734625
0648744247
0648745920
0648755795
0648765063
0648771795
0648771950
0648779041
0648786408
0648787300
0648788042
0648792102
0648806911
0648831254
0648834378
0648838782
0648843626
0648880453
0648881559
0648884933
0648885503
0648885896
0648887521
0648888880
0648888888
0648894221
0648899253
0648909076
0648910629
0648916147
0648933949
0648950502
0648960723
0648974491
0648984707
0648987294
0649007380
0649012903
0649032170
0649032434
0649040901
0649045613
0649056079
0649056142
0649059566
0649067688
0649069216
0649081822
0649091339
0649097626
0649098559
0649115412
0649125985
0649135242
0649138262
0649138911
0649141937
0649147007
0649160907
0649168203
0649192809
0649228354
0649231953
0649244244
0649245373
0649254148
0649272267
0649308055
0649314910
0649315937
0649338960
0649349792
0649386901
0649398620
0649410274
0649417498
0649419975
0649427026
0649431066
0649447969
0649454340
0649455565
0649475538
0649477804
0649482169
0649483854
0649498185
0649502802
0649506584
0649522025
0649547947
0649555242
0649563347
0649564212
0649582912
0649592791
0649593560
0649602899
0649605971
0649623458
0649625056
0649626322
0649644841
0649660455
0649661593
0649666330
0649671465
0649684926
0649706738
0649717514
0649728837
0649737073
0649741996
0649747771
0649773276
0649780616
0649792016
0649797510
0649808948
0649814585
0649819826
0649824963
0649827881
0649870564
0649876099
0649886069
0649944912
0649945026
0649946056
0649952408
0649963798
0649965510
0649968960
0649971518
0649979380
0649988395
0649991576
0649994057
0649995627
0649996936
0649997122
0649997198
0649999990
0649999999
0650000000
0650002047
0650005134
0650005960
0650007203
0650009216
0650010432
0650025645
0650036222
0650039323
0650040548
0650073504
0650074069
0650077508
0650079265
0650081599
0650081928
0650085669
0650088622
0650092760
0650132987
0650141572
0650152379
0650160355
0650169275
0650180952
0650188959
0650201184
0650234822
0650246879
0650254271
0650260204
0650277818
0650282479
0650286242
0650287167
0650293926
0650321907
0650336028
0650340779
0650354895
0650362308
0650375002
0650393484
0650413510
0650442264
0650454425
0650469431
0650474928
0650476986
0650480371
0650489548
0650497755
0650498629
0650529421
0650535115
0650543220
0650545082
0650561091
0650574600
0650591075
0650625165
0650650572
0650651424
0650670384
0650673849
0650678430
0650702634
0650735596
0650738323
0650746692
0650755104
0650764870
0650767699
0650771186
0650786294
0650808108
0650814953
0650850377
0650852925
0650858122
0650864507
0650879039
0650889508
0650895490
0650896152
0650911683
0650922297
0650928465
0650932738
0650950535
0650950660
0650973365
0650980274
0650998936
0651002951
0651009030
0651012092
0651022010
0651022224
0651039536
0651043460
0651045565
0651047119
0651062877
0651064813
0651077129
0651110690
0651111110
0651111111
0651111254
0651111937
0651113802
0651115833
0651117154
0651124438
0651130922
0651133606
0651134516
0651143214
0651145114
0651151714
0651162550
0651168064
0651171156
0651179378
0651187016
0651189914
0651194451
0651200057
0651234500
0651234567
0651234671
0651235268
0651235756
0651236399
0651236663
0651283312
0651319075
0651326474
0651327580
0651337614
0651350901
0651352928
0651354842
0651355530
0651356618
0651357735
0651358395
0651368224
0651371506
0651373427
0651398773
0651413216
0651413549
0651433351
0651453725
0651456302
0651460512
0651460964
0651465120
0651467633
0651472499
0651484847
0651499825
0651515367
0651533333
0651534159
0651543606
0651546253
0651562347
0651567804
0651570332
0651573299
0651574374
0651606901
0651661816
0651668489
0651688806
0651724071
0651748898
0651749258
0651767670
0651772541
0651773174
0651779773
0651787194
0651799585
0651802198
0651805243
0651824985
0651840368
0651840495
0651852862
0651859335
0651859541
0651861492
0651868720
0651870872
0651871339
0651874751
0651874797
0651876292
0651881115
0651893755
0651897512
0651898741
0651907905
0651911740
0651912564
0651919880
0651921626
0651935175
0651943808
0651955354
0651959305
0651960079
0651962101
0651966732
0651966840
0651983787
0652000824
0652002065
0652016894
0652017383
0652020714
0652020820
0652049182
0652053560
0652060321
0652080891
0652092468
0652093527
0652099817
0652106965
0652124958
0652142707
0652155384
0652156103
0652156900
0652176918
0652180747
0652209976
0652211898
0652220523
0652222220
0652222222
0652222400
0652222540
0652229046
0652229179
0652232736
0652244871
0652279633
0652279916
0652287899
0652291234
0652294566
0652304057
0652320702
0652329532
0652337399
0652340703
0652342450
0652346877
0652348154
0652348879
0652357909
0652359934
0652369242
0652373714
0652383759
0652387376
0652405908
0652448540
0652461130
0652463104
0652463652
0652465494
0652465850
0652480428
0652481589
0652488158
0652500234
0652503860
0652512483
0652519329
0652530111
0652532849
0652535063
0652556779
0652583983
0652609700
0652610896
0652612317
0652629521
0652632534
0652640120
0652650343
0652672612
0652684324
0652689825
0652690921
0652691103
0652703828
0652712639
0652736245
0652777305
0652785920
0652787024
0652794067
0652794765
0652810058
0652832399
0652832492
0652904677
0652904902
0652906725
0652911928
0652926818
0652936927
0652940624
0652960309
0652965354
0652975904
0652976118
0652995765
0652996828
0653001206
0653006168
0653031659
0653035544
0653037283
0653051843
0653081216
0653082873
0653090100
0653094615
0653099282
0653105246
0653105428
0653108256
0653117298
0653119162
0653151196
0653160575
0653165782
0653175180
0653179407
0653186953
0653190020
0653191522
0653194119
0653212909
0653233679
0653247254
0653267802
0653274128
0653285661
0653330983
0653331658
0653333144
0653333330
0653333333
0653334497
0653337160
0653341303
0653342964
0653353018
0653366269
0653370511
0653383487
0653391300
0653391586
0653398857
0653416136
0653419991
0653422671
0653422746
0653423951
0653448358
0653451474
0653454031
0653454310
0653456413
0653457969
0653463335
0653473232
0653479593
0653485167
0653494813
0653506874
0653522844
0653525670
0653530395
0653544707
0653547204
0653547631
0653548968
0653553721
0653565786
0653568551
0653571481
0653574730
0653576202
0653577114
0653577755
0653581970
0653609742
0653618944
0653632082
0653635234
0653654063
0653675130
0653685386
0653691084
0653707802
0653712054
0653715881
0653718688
0653734047
0653734052
0653740713
0653748842
0653755195
0653756154
0653756531
0653762100
0653763221
0653773219
0653777194
0653782804
0653789725
0653792089
0653792147
0653792242
0653798585
0653801568
0653809179
0653834614
0653839901
0653859945
0653891616
0653892120
0653897959
0653902439
0653920295
0653928962
0653950318
0653951914
0653956368
0653958178
0653962249
0653967422
0653973695
0653989744
0653991682
0653994832
0654019194
0654024934
0654039340
0654042480
0654050322
0654052272
0654054087
0654064404
0654065601
0654075413
0654076382
0654104937
0654126037
0654142282
0654172078
0654173532
0654185528
0654188858
0654195453
0654214753
0654215314
0654220134
0654221351
0654223999
0654254232
0654255909
0654258448
0654261801
0654263456
0654267647
0654285409
0654301066
0654309203
0654316739
0654329289
0654329431
0654335729
0654342747
0654346120
0654349351
0654352581
0654367666
0654378756
0654400990
0654405952
0654410193
0654412887
0654421893
0654424429
0654440035
0654441697
0654442732
0654444192
0654444389
0654444440
0654444444
0654448827
0654449325
0654463390
0654467165
0654473014
0654474898
0654481397
0654483975
0654485388
0654506847
0654508434
0654520590
0654520792
0654541349
0654541996
0654560022
0654562180
0654564326
0654565609
0654566327
0654569737
0654573608
0654593534
0654604183
0654608374
0654617435
0654622113
0654646977
0654647263
0654658213
0654660917
0654663104
0654664455
0654666308
0654705180
0654705766
0654711426
0654725628
0654728837
0654743163
0654749876
0654764215
0654771479
0654775382
0654776783
0654832734
0654845528
0654852068
0654852514
0654852996
0654856220
0654864414
0654873896
0654876401
0654921632
0654948670
0654960992
0654961283
0654964156
0654964703
0654978966
0654992443
0654994238
0655005292
0655005788
0655010581
0655016332
0655017319
0655026149
0655030463
0655037621
0655037737
0655043761
0655050755
0655052071
0655052305
0655068723
0655084004
0655107983
0655112171
0655132053
0655133768
0655146032
0655148875
0655161623
0655161859
0655172178
0655191408
0655192320
0655197217
0655221863
0655225218
0655229223
0655254122
0655254990
0655255709
0655256349
0655284609
0655298002
0655300854
0655310088
0655330258
0655330351
0655333561
0655335651
0655336116
0655340415
0655350501
0655360036
0655360054
0655365339
0655370815
0655388139
0655392625
0655398456
0655399835
0655399943
0655410904
0655427499
0655431972
0655443152
0655448453
0655453058
0655462120
0655485505
0655487786
0655495082
0655502504
0655511745
0655522967
0655545905
0655551416
0655552680
0655552711
0655553103
0655553320
0655555550
0655555555
0655556237
0655569995
0655574614
0655580941
0655582015
0655586866
0655590713
0655610983
0655626763
0655628071
0655662249
0655671606
0655671721
0655672607
0655675380
0655679390
0655682948
0655703818
0655704126
0655725413
0655725425
0655729868
0655730775
0655746633
0655756300
0655756787
0655788470
0655833847
0655837889
0655844460
0655853140
0655862939
0655867216
0655894419
0655895060
0655909170
0655913670
0655923142
0655927420
0655935969
0655941386
0655952367
0655985391
0656005655
0656010653
0656020641
0656025291
0656028913
0656033069
0656037004
0656037463
0656049255
0656056614
0656059731
0656067612
0656078100
0656079304
0656080652
0656088754
0656100082
0656105100
0656112039
0656116340
0656159851
0656233827
0656261055
0656268105
0656277262
0656278040
0656282296
0656301254
0656301895
0656322460
0656345577
0656357117
0656365793
0656366276
0656376535
0656395791
0656400458
0656405300
0656416218
0656416222
0656423737
0656428776
0656453922
0656463518
0656480184
0656487986
0656494716
0656501286
0656502197
0656513167
0656514466
0656522575
0656530502
0656531204
0656543086
0656548916
0656556798
0656578533
0656584303
0656596580
0656600928
0656603963
0656615123
0656615417
0656628652
0656638766
0656650778
0656660480
0656660864
0656663017
0656663428
0656666660
0656666666
0656666741
0656669004
0656674810
0656680276
0656702189
0656708595
0656718148
0656726501
0656767175
0656770836
0656780931
0656784345
0656784361
0656784511
0656786790
0656787184
0656796180
0656812646
0656823894
0656825345
0656826636
0656831697
0656840876
0656847648
0656850931
0656860564
0656862234
0656876459
0656879642
0656893741
0656895680
0656926749
0656971512
0656993863
0656998519
0657000110
0657031841
0657034404
0657065141
0657070235
0657079765
0657102367
0657143558
0657149353
0657151805
0657157257
0657165441
0657185190
0657188629
0657193723
0657207893
0657210025
0657258595
0657277845
0657280975
0657316138
0657323184
0657323915
0657363463
0657378205
0657396946
0657409060
0657418981
0657430732
0657456124
0657456129
0657459739
0657473507
0657477509
0657489250
0657510319
0657515672
0657532571
0657559949
0657579453
0657584464
0657586756
0657600458
0657614584
0657621773
0657623940
0657630863
0657654321
0657659920
0657673274
0657689020
0657700621
0657711113
0657731191
0657738797
0657742452
0657762236
0657768451
0657770850
0657771233
0657771675
0657771785
0657774188
0657775206
0657777770
0657777777
0657803365
0657809663
0657825263
0657825710
0657826927
0657830219
0657836483
0657845444
0657856678
0657878430
0657880555
0657887697
0657891190
0657893156
0657894111
0657897164
0657899142
0657909239
0657916047
0657931340
0657946408
0657948300
0657955052
0657964639
0657982310
0657984854
0658003815
0658008034
0658012790
0658036038
0658037425
0658038961
0658039104
0658092162
0658093192
0658094416
0658097042
0658099282
0658106612
0658111334
0658116091
0658126413
0658128683
0658132016
0658139047
0658139172
0658143666
0658147932
0658148106
0658203588
0658210353
0658210588
0658230477
0658253365
0658273318
0658278644
0658304430
0658313796
0658328227
0658346809
0658367043
0658388529
0658404476
0658411401
0658429205
0658443154
0658444507
0658452029
0658456596
0658470386
0658474978
0658511756
0658517768
0658520685
0658528507
0658557905
0658566825
0658576530
0658594775
0658605480
0658622310
0658640856
0658649060
0658657196
0658661431
0658662423
0658666184
0658666288
0658671099
0658686668
0658700542
0658711463
0658712281
0658718907
0658728311
0658738498
0658739760
0658748485
0658749266
0658759217
0658762998
0658775016
0658777971
0658787670
0658797373
0658801053
0658807892
0658808335
0658819649
0658820216
0658820297
0658844706
0658857916
0658867237
0658867744
0658868948
0658880115
0658884988
0658887546
0658888880
0658888888
0658889691
0658889705
0658895617
0658896735
0658951510
0658963659
0658964993
0658988336
0658997309
0659001906
0659011454
0659016779
0659018540
0659022473
0659031259
0659031803
0659032832
0659033590
0659038852
0659046853
0659065050
0659070510
0659074052
0659075797
0659083518
0659085382
0659091194
0659096995
0659102391
0659110401
0659110998
0659114819
0659130469
0659133733
0659151186
0659156008
0659169570
0659171488
0659185718
0659188211
0659201107
0659206673
0659206764
0659218257
0659221879
0659232078
0659247055
0659250151
0659260819
0659277115
0659284432
0659330767
0659335257
0659340314
0659362835
0659366992
0659368989
0659372932
0659390269
0659401051
0659408810
0659420393
0659433149
0659433658
0659447198
0659456815
0659471457
0659472718
0659475806
0659485024
0659487475
0659506698
0659527830
0659529581
0659542651
0659552453
0659559227
0659594970
0659601155
0659603113
0659603132
0659608065
0659635907
0659636768
0659643678
0659657521
0659659652
0659667362
0659669271
0659676427
0659679772
0659686690
0659687626
0659697055
0659746898
0659749885
0659750296
0659758411
0659763578
0659766999
0659777458
0659777889
0659780817
0659794400
0659806525
0659808923
0659811911
0659816257
0659825753
0659826962
0659842799
0659846486
0659874593
0659910200
0659914281
0659921525
0659932571
0659939636
0659945955
0659965689
0659976826
0659984620
0659990967
0659991937
0659992695
0659993180
0659994903
0659996086
0659998573
0659999693
0659999990
0659999999
0660000000
0660000723
0660000814
0660002857
0660004912
0660006188
0660006577
0660007989
0660008486
0660009368
0660057626
0660073374
0660083403
0660083630
0660088217
0660096869
0660116973
0660119761
0660124230
0660127331
0660136228
0660138072
0660148115
0660167489
0660177328
0660217251
0660227686
0660253970
0660258234
0660272383
0660274596
0660276551
0660322027
0660324595
0660330948
0660335885
0660335993
0660354900
0660371339
0660374615
0660379021
0660386564
0660391055
0660406944
0660408730
0660410017
0660413716
0660431570
0660462761
0660468475
0660471068
0660517341
0660521467
0660528949
0660542356
0660555754
0660562432
0660567580
0660571286
0660577518
0660579414
0660586492
0660586656
0660608190
0660621571
0660647681
0660664308
0660690319
0660707500
0660725990
0660725999
0660732380
0660743523
0660745065
0660747635
0660751307
0660777152
0660781187
0660795748
0660813170
0660822495
0660824363
0660829939
0660834200
0660835263
0660838980
0660848112
0660851391
0660853106
0660860527
0660864485
0660866768
0660892747
0660893871
0660903901
0660917109
0660917432
0660919687
0660951036
0660958532
0660968065
0660968653
0660973976
0660978776
0660987352
0661002256
0661022010
0661025455
0661046609
0661049294
0661092589
0661094916
0661099633
0661100417
0661101208
0661111082
0661111110
0661111111
0661112126
0661115222
0661115999
0661118605
0661119444
0661123308
0661127914
0661133748
0661135407
0661150441
0661151753
0661159095
0661172649
0661174864
0661175454
0661179663
0661179937
0661184235
0661193006
0661208609
0661226327
0661230197
0661231810
0661233488
0661234500
0661234567
0661235572
0661236018
0661236046
0661238225
0661253505
0661261454
0661265012
0661270044
0661270535
0661282103
0661282619
0661292568
0661308774
0661320640
0661328334
0661337878
0661339992
0661340292
0661350512
0661354818
0661355027
0661355118
0661355187
0661369233
0661391323
0661410370
0661420164
0661428261
0661433252
0661446924
0661447425
0661453252
0661468826
0661505971
0661509379
0661517875
0661550913
0661564287
0661578086
0661580485
0661591344
0661601822
0661608278
0661610407
0661624986
0661625548
0661644082
0661645299
0661647832
0661656053
0661664401
0661671867
0661680461
0661689221
0661690464
0661702828
0661712958
0661715006
0661720472
0661735199
0661748859
0661757306
0661767789
0661785018
0661797207
0661813240
0661813694
0661822150
0661827784
0661828188
0661838648
0661853098
0661854585
0661866017
0661880971
0661892319
0661912772
0661922923
0661940075
0661957354
0661962589
0662005298
0662005626
0662013956
0662040304
0662048295
0662054442
0662055800
0662058019
0662064189
0662084193
0662092214
0662092223
0662096136
0662097069
0662110779
0662114145
0662137191
0662155264
0662155977
0662161763
0662196368
0662219481
0662220785
0662221553
0662221799
0662222220
0662222222
0662223739
0662224478
0662224749
0662225968
0662226513
0662227294
0662230185
0662236008
0662264494
0662278439
0662291185
0662342521
0662343007
0662343381
0662344063
0662346183
0662347763
0662349561
0662368982
0662391704
0662393903
0662401902
0662402922
0662410288
0662418475
0662432474
0662440630
0662442863
0662453067
0662458262
0662460186
0662460825
0662461385
0662461472
0662463437
0662463659
0662467207
0662468015
0662475054
0662483023
0662487113
0662487579
0662487910
0662492578
0662494178
0662500021
0662503020
0662504616
0662528519
0662536728
0662544958
0662557656
0662587283
0662630917
0662631376
0662633029
0662647646
0662660573
0662678573
0662693060
0662715491
0662718726
0662723654
0662727233
0662728916
0662729235
0662739185
0662742581
0662762514
0662768774
0662787831
0662789308
0662791233
0662804351
0662805121
0662808615
0662810513
0662831137
0662846334
0662895017
0662940687
0662944340
0662950659
0662995211
0663011457
0663021553
0663022792
0663046393
0663066233
0663090252
0663110929
0663119698
0663129801
0663136931
0663154463
0663165291
0663180303
0663206661
0663212942
0663226227
0663244238
0663252759
0663281364
0663288444
0663290691
0663307572
0663312928
0663330132
0663333330
0663333333
0663335620
0663336699
0663337474
0663339317
0663341538
0663343649
0663349854
0663351775
0663354724
0663370182
0663373953
0663374161
0663377975
0663395169
0663422507
0663422726
0663434247
0663436179
0663450160
0663450590
0663454030
0663454543
0663455107
0663456515
0663461623
0663462113
0663477723
0663502689
0663503212
0663517996
0663521925
0663524355
0663542522
0663549169
0663549664
0663551819
0663557876
0663565934
0663570811
0663571214
0663571359
0663571545
0663577154
0663578195
0663579204
0663587055
0663590147
0663594642
0663600685
0663612437
0663619113
0663627708
0663640855
0663647051
0663649583
0663652958
0663661197
0663678888
0663683462
0663685659
0663692509
0663692557
0663702356
0663702433
0663726217
0663756732
0663782107
0663785606
0663811605
0663813611
0663820433
0663824907
0663828068
0663834735
0663850423
0663856869
0663857050
0663860284
0663883579
0663901051
0663910699
0663920116
0663923585
0663928226
0663935253
0663936768
0663943746
0663954212
0663957178
0663969901
0663975016
0663977561
0663979221
0663993485
0663998390
0664000380
0664004148
0664005706
0664021288
0664022669
0664023164
0664033497
0664038589
0664043876
0664047965
0664051533
0664060730
0664068033
0664069474
0664078128
0664109540
0664110790
0664113070
0664118315
0664124634
0664173773
0664189068
0664216297
0664216550
0664234270
0664238895
0664250036
0664255181
0664255924
0664264445
0664283529
0664285596
0664309125
0664315637
0664332310
0664333553
0664339980
0664344117
0664365510
0664375037
0664378697
0664389767
0664390108
0664407449
0664412497
0664421319
0664436587
0664440603
0664442619
0664442862
0664443347
0664444440
0664444444
0664445890
0664448982
0664449191
0664453036
0664488831
0664492671
0664510239
0664541551
0664549162
0664555122
0664562619
0664563813
0664565544
0664567334
0664568311
0664569368
0664571354
0664577323
0664591148
0664594502
0664613673
0664615524
0664621807
0664630287
0664631126
0664644558
0664647148
0664651458
0664671335
0664672351
0664672773
0664674043
0664679131
0664710133
0664717314
0664725199
0664725410
0664730102
0664732111
0664760275
0664765144
0664766321
0664766496
0664770951
0664773145
0664775298
0664778595
0664793333
0664794350
0664799471
0664814682
0664819819
0664823676
0664849507
0664854741
0664860139
0664862482
0664875642
0664879190
0664879713
0664884140
0664903978
0664933993
0664946249
0664950923
0664951324
0664962237
0664981803
0665037434
0665040824
0665042264
0665051388
0665055153
0665060895
0665080472
0665083142
0665096082
0665113496
0665117719
0665128800
0665136798
0665145784
0665153864
0665166251
0665196632
0665219355
0665232529
0665234423
0665243374
0665254987
0665257876
0665271471
0665285989
0665291088
0665307425
0665317633
0665320804
0665324697
0665327925
0665333952
0665335506
0665351243
0665357569
0665366044
0665367558
0665379028
0665386772
0665394719
0665394991
0665399786
0665438891
0665439081
0665481803
0665495947
0665532986
0665545265
0665550215
0665551640
0665553110
0665555454
0665555469
0665555550
0665555555
0665579697
0665598753
0665604034
0665609994
0665625033
0665669429
0665670782
0665672661
0665675182
0665675827
0665676362
0665677293
0665688453
0665698354
0665700573
0665721279
0665726779
0665738878
0665750855
0665755576
0665785687
0665794827
0665797238
0665801080
0665834849
0665846296
0665849131
0665854395
0665856326
0665859416
0665899358
0665899861
0665958850
0665960192
0665961621
0665965028
0665973087
0665974298
0665977751
0665982068
0665998876
0665999849
0666005583
0666009781
0666019797
0666021093
0666025749
0666037477
0666043216
0666049816
0666053196
0666054350
0666067612
0666068816
0666069582
0666072186
0666105162
0666122106
0666123317
0666179385
0666198927
0666199598
0666216290
0666232454
0666246992
0666266827
0666270909
0666286718
0666287080
0666332854
0666349002
0666365374
0666369805
0666374012
0666381043
0666398886
0666406520
0666412689
0666415904
0666422793
0666424500
0666451127
0666484965
0666490929
0666508553
0666513339
0666593867
0666627729
0666654675
0666658249
0666659141
0666659686
0666661446
0666664316
0666664408
0666665857
0666666462
0666666660
0666666666
0666667722
0666669944
0666675066
0666676358
0666678235
0666688198
0666690866
0666692846
0666695158
0666700899
0666704294
0666751906
0666753661
0666762733
0666765962
0666780651
0666781769
0666783253
0666784538
0666785548
0666792833
0666806040
0666820953
0666822279
0666835239
0666842670
0666864418
0666866790
0666871480
0666886105
0666895396
0666900403
0666911969
0666921731
0666922026
0666923562
0666943459
0666947371
0666951012
0666952791
0666973271
0666978838
0666991672
0666992996
0666995673
0667040007
0667049197
0667054068
0667095240
0667096943
0667097514
0667100007
0667101767
0667108274
0667118716
0667136395
0667140352
0667150159
0667163529
0667168869
0667171095
0667174086
0667176306
0667194040
0667204543
0667204659
0667205665
0667213106
0667214507
0667222233
0667233155
0667235880
0667241035
0667250789
0667254965
0667256031
0667277101
0667281939
0667283141
0667284295
0667306591
0667337561
0667340688
0667356274
0667391809
0667414197
0667415637
0667430355
0667444026
0667447110
0667466532
0667466742
0667467125
0667473573
0667486746
0667487677
0667515204
0667521280
0667540117
0667553945
0667556436
0667565039
0667570367
0667572013
0667574691
0667581944
0667583647
0667593268
0667609418
0667630022
0667637989
0667654321
0667663594
0667675499
0667683067
0667691222
0667698378
0667710411
0667716646
0667728320
0667728502
0667751711
0667770335
0667772273
0667773510
0667775159
0667775459
0667777770
0667777777
0667778097
0667778321
0667785067
0667797413
0667822865
0667824667
0667831303
0667835431
0667835741
0667852955
0667855454
0667856007
0667856993
0667863633
0667870009
0667891121
0667893958
0667895902
0667896372
0667897419
0667899354
0667902556
0667910854
0667912995
0667917344
0667922667
0667929538
0667930801
0667942997
0667943782
0667960551
0667962880
0667966266
0667966633
0667979291
0667982717
0667989791
0668000596
0668002892
0668041333
0668054306
0668059984
0668061121
0668064588
0668083851
0668088429
0668105141
0668105951
0668112688
0668116622
0668121478
0668129448
0668135498
0668136312
0668153740
0668154410
0668162448
0668178675
0668189412
0668193138
0668198266
0668202419
0668205832
0668207881
0668212988
0668213887
0668223392
0668240061
0668264427
0668267468
0668288367
0668292810
0668299096
0668306379
0668306696
0668320507
0668321145
0668329628
0668332103
0668342101
0668355671
0668369588
0668380800
0668385627
0668422756
0668427456
0668439811
0668459250
0668464336
0668478986
0668485648
0668486508
0668490074
0668491304
0668496048
0668504169
0668506832
0668508198
0668532781
0668540458
0668547249
0668563915
0668589327
0668596147
0668603152
0668603310
0668606454
0668623335
0668623818
0668629020
0668632207
0668638809
0668640794
0668642999
0668647565
0668649216
0668693764
0668700997
0668704056
0668725373
0668732846
0668733499
0668754595
0668763206
0668769482
0668772038
0668773157
0668777111
0668780056
0668784720
0668794495
0668795507
0668812768
0668835456
0668843535
0668843840
0668846989
0668874276
0668881157
0668882076
0668882214
0668884098
0668884372
0668886772
0668888880
0668888888
0668889147
0668907104
0668920546
0668924881
0668939541
0668940549
0668949150
0668977655
0668980776
0668981272
0668984690
0668985895
0668991666
0668999094
0669006352
0669026912
0669036247
0669042430
0669061024
0669090511
0669094842
0669098347
0669104113
0669104546
0669116412
0669116893
0669121165
0669125247
0669130056
0669134727
0669144626
0669146985
0669147022
0669153471
0669165051
0669201646
0669209977
0669213211
0669227065
0669246634
0669268541
0669269404
0669272381
0669275704
0669279915
0669291688
0669298914
0669311764
0669314003
0669322521
0669331425
0669356610
0669370787
0669392078
0669419963
0669423662
0669436001
0669436727
0669478548
0669486138
0669494580
0669522920
0669526630
0669541666
0669546431
0669548880
0669549206
0669550029
0669556748
0669560314
0669593308
0669599005
0669608276
0669611705
0669620771
0669621905
0669625448
0669625980
0669630205
0669636181
0669640603
0669670334
0669681273
0669694090
0669713262
0669726636
0669729875
0669732101
0669749845
0669758421
0669759541
0669768658
0669781686
0669794397
0669801934
0669816101
0669840251
0669863474
0669883164
0669889011
0669906610
0669924536
0669964975
0669970713
0669981632
0669991078
0669993100
0669993409
0669994651
0669995135
0669996379
0669996721
0669997131
0669999990
0669999999
0670000000
0670000060
0670000277
0670001988
0670002600
0670009961
0670013298
0670014520
0670019002
0670022338
0670055237
0670063406
0670064758
0670068643
0670082961
0670083671
0670132640
0670132805
0670133349
0670143871
0670150993
0670154039
0670156833
0670160963
0670164526
0670174916
0670177832
0670182076
0670182921
0670189961
0670209372
0670219026
0670221363
0670235277
0670238683
0670252680
0670254028
0670263519
0670265202
0670278974
0670287893
0670294659
0670306125
0670311065
0670318643
0670322803
0670330033
0670335860
0670358040
0670361117
0670364020
0670387983
0670398006
0670409822
0670423438
0670432000
0670437730
0670466896
0670470820
0670480441
0670485696
0670493422
0670505698
0670517384
0670530689
0670532667
0670553430
0670557706
0670560876
0670578207
0670582029
0670582744
0670584472
0670588895
0670595522
0670609020
0670613450
0670623280
0670624764
0670638925
0670641334
0670662043
0670665719
0670671353
0670674902
0670676341
0670684395
0670692355
0670705850
0670737119
0670750126
0670751845
0670769747
0670784868
0670785903
0670809509
0670829417
0670837145
0670853951
0670854618
0670857179
0670870734
0670874617
0670884947
0670887975
0670890680
0670891795
0670911886
0670926614
0670933467
0670956328
0670956719
0670957777
0670960187
0671003601
0671009492
0671016448
0671020012
0671025964
0671036429
0671041221
0671048777
0671060650
0671076011
0671077008
0671082511
0671084969
0671111110
0671111111
0671111133
0671112552
0671112626
0671114503
0671115626
0671117257
0671174829
0671190852
0671191266
0671192890
0671214144
0671218025
0671230463
0671232275
0671234500
0671234567
0671234574
0671234605
0671235798
0671237562
0671242771
0671243556
0671244787
0671248128
0671252981
0671270307
0671285431
0671289317
0671293605
0671294053
0671307015
0671339862
0671342027
0671351237
0671351342
0671351408
0671351488
0671352302
0671356674
0671359461
0671362552
0671365563
0671373177
0671396765
0671399159
0671425497
0671434502
0671438456
0671439263
0671439473
0671453084
0671463214
0671467236
0671495828
0671524058
0671525170
0671525177
0671542932
0671554222
0671569461
0671578505
0671600390
0671608767
0671613427
0671619772
0671658442
0671680464
0671681007
0671712045
0671718015
0671720661
0671722459
0671745713
0671761093
0671769490
0671779526
0671787070
0671803017
0671812070
0671818896
0671824398
0671824863
0671853930
0671902559
0671908797
0671926770
0671927309
0671928262
0671930605
0671934196
0671942264
0671945277
0671947707
0671959836
0671968174
0671976566
0672002917
0672022599
0672057861
0672062050
0672074587
0672084634
0672088307
0672091608
0672103820
0672139947
0672150709
0672163784
0672170061
0672178333
0672184055
0672199219
0672201960
0672215762
0672219788
0672220025
0672220289
0672222220
0672222222
0672223413
0672225576
0672226884
0672227329
0672230419
0672259778
0672279076
0672281477
0672286007
0672291891
0672305631
0672330625
0672336127
0672340218
0672341094
0672341161
0672344977
0672345405
0672353858
0672358592
0672365405
0672401763
0672408025
0672427108
0672430589
0672460508
0672463367
0672464096
0672467245
0672467265
0672469100
0672496381
0672499385
0672513737
0672520847
0672526103
0672532260
0672533417
0672550121
0672550854
0672560592
0672562154
0672577522
0672587726
0672605277
0672605872
0672620554
0672625571
0672629973
0672636045
0672660585
0672664888
0672671367
0672683101
0672689631
0672690176
0672692310
0672702720
0672717888
0672734356
0672737900
0672745581
0672747958
0672755766
0672760279
0672771448
0672787685
0672794314
0672800771
0672806449
0672813893
0672825922
0672833896
0672834444
0672839817
0672860140
0672868422
0672873607
0672880963
0672893113
0672895509
0672896063
0672906068
0672906686
0672930005
0672965540
0672985575
0673008883
0673028054
0673028940
0673041618
0673050282
0673054744
0673069471
0673070315
0673095013
0673096581
0673122146
0673132978
0673166314
0673167444
0673188237
0673221336
0673232658
0673236510
0673263219
0673291178
0673302684
0673303464
0673312876
0673330887
0673331759
0673332905
0673333330
0673333333
0673334462
0673335895
0673337316
0673338945
0673341000
0673351257
0673358354
0673369643
0673371897
0673387057
0673405593
0673412543
0673419643
0673425190
0673427862
0673438129
0673447762
0673450114
0673450464
0673452308
0673455049
0673456876
0673458549
0673459411
0673462403
0673475111
0673483707
0673484401
0673501286
0673509562
0673533342
0673536957
0673547218
0673560305
0673570592
0673575006
0673575043
0673576209
0673577358
0673577628
0673615765
0673630772
0673631997
0673652549
0673661973
0673673968
0673679945
0673686145
0673698031
0673703337
0673705750
0673711787
0673716553
0673742928
0673755892
0673757031
0673759409
0673783843
0673794372
0673834238
0673836679
0673846775
0673865049
0673868042
0673873838
0673886034
0673927149
0673941457
0673942207
0673990051
0673993801
0673993996
0673997714
0674000939
0674001819
0674013122
0674023746
0674029576
0674038822
0674041052
0674042491
0674044281
0674050377
0674054111
0674066529
0674066802
0674069083
0674085861
0674094822
0674132692
0674143602
0674174815
0674182977
0674184945
0674193389
0674199800
0674202742
0674214700
0674228135
0674238229
0674245455
0674256349
0674272872
0674325369
0674331724
0674334037
0674342164
0674350102
0674360448
0674361350
0674371363
0674374769
0674406636
0674412856
0674414781
0674423831
0674425360
0674430794
0674431730
0674438652
0674443406
0674444440
0674444444
0674445062
0674445148
0674447248
0674447653
0674448823
0674457159
0674457500
0674458606
0674464547
0674479873
0674504725
0674508020
0674510574
0674511332
0674533140
0674540079
0674541563
0674547851
0674548170
0674548918
0674553396
0674555561
0674561672
0674562621
0674562651
0674564422
0674567754
0674568871
0674572808
0674575653
0674579259
0674607587
0674611251
0674617564
0674633705
0674642441
0674651560
0674652010
0674652098
0674653538
0674662670
0674666192
0674676129
0674676910
0674679209
0674717525
0674719529
0674739519
0674741566
0674751512
0674756196
0674769625
0674829606
0674829836
0674830387
0674832104
0674845168
0674850323
0674855930
0674859791
0674898952
0674899117
0674916123
0674941829
0674942511
0674950720
0674957216
0674958605
0674971459
0674979097
0674981415
0675003959
0675006594
0675026527
0675031120
0675041482
0675043526
0675055377
0675064297
0675072414
0675093431
0675100481
0675108860
0675112507
0675140933
0675148019
0675150173
0675163297
0675171465
0675171625
0675172409
0675186197
0675189944
0675196469
0675198066
0675210492
0675210522
0675213027
0675240332
0675241650
0675242916
0675245916
0675251540
0675260047
0675262506
0675273279
0675276192
0675277293
0675280551
0675285656
0675286619
0675300494
0675308107
0675312009
0675315235
0675326226
0675330724
0675334336
0675336622
0675369805
0675370595
0675372074
0675389352
0675389628
0675390636
0675402821
0675407305
0675411030
0675414603
0675419744
0675421131
0675427716
0675433071
0675434594
0675440043
0675443318
0675457541
0675467749
0675470153
0675490240
0675494189
0675500015
0675501509
0675519984
0675536604
0675536740
0675541215
0675550625
0675552123
0675555550
0675555555
0675556244
0675556452
0675557135
0675576675
0675607842
0675609094
0675613445
0675628750
0675633562
0675641747
0675646984
0675671191
0675673361
0675674157
0675677034
0675677452
0675679519
0675698437
0675703741
0675705952
0675707241
0675720798
0675730792
0675737282
0675749795
0675757147
0675768027
0675772143
0675782370
0675784244
0675784411
0675796529
0675804384
0675806292
0675810508
0675814029
0675818447
0675820573
0675820776
0675824130
0675831314
0675840027
0675849738
0675853803
0675863730
0675893685
0675895753
0675900192
0675918825
0675929639
0675956019
0675956171
0675967543
0675969264
0676001504
0676009550
0676012595
0676017396
0676018345
0676048250
0676054229
0676062013
0676071163
0676071968
0676073866
0676100172
0676118198
0676118206
0676121509
0676128098
0676156550
0676156597
0676160538
0676168197
0676176421
0676194786
0676197086
0676208858
0676219619
0676229494
0676250965
0676259052
0676259868
0676260845
0676261762
0676285572
0676315470
0676339251
0676340300
0676340326
0676347208
0676348296
0676379683
0676380471
0676391227
0676396240
0676416700
0676417596
0676417905
0676422090
0676422684
0676425842
0676428658
0676442791
0676444153
0676463964
0676466403
0676469227
0676473207
0676473984
0676476634
0676509325
0676538753
0676548983
0676549150
0676549244
0676556932
0676559908
0676569375
0676586123
0676605615
0676616393
0676632452
0676656157
0676660499
0676662243
0676666660
0676666666
0676667275
0676667613
0676668158
0676669486
0676686463
0676686871
0676694194
0676711617
0676737852
0676773123
0676776059
0676777669
0676784152
0676784340
0676786369
0676786706
0676786921
0676788071
0676788825
0676792233
0676809868
0676827917
0676830186
0676831069
0676834004
0676834609
0676841849
0676843518
0676846001
0676852900
0676863707
0676869556
0676870841
0676895159
0676904281
0676936040
0676942457
0676945138
0676959363
0676962010
0676962771
0676964293
0676971721
0676977207
0676980137
0676981478
0676986976
0676995877
0677002760
0677008258
0677013683
0677015642
0677020602
0677033557
0677034686
0677041727
0677074752
0677089528
0677103547
0677119053
0677169695
0677200288
0677214587
0677234110
0677257560
0677297994
0677303289
0677305342
0677323872
0677324807
0677325505
0677332963
0677334093
0677343541
0677344052
0677360258
0677368019
0677372454
0677407882
0677432018
0677432596
0677455802
0677456501
0677464455
0677467350
0677469393
0677476874
0677483434
0677492422
0677512663
0677521157
0677521452
0677526918
0677527983
0677548913
0677575026
0677580812
0677595281
0677595863
0677602210
0677622006
0677623182
0677632703
0677636634
0677654321
0677663450
0677675169
0677698634
0677709574
0677724246
0677727441
0677728235
0677738479
0677746661
0677749452
0677768535
0677768860
0677770179
0677772841
0677775867
0677777770
0677777777
0677777786
0677779113
0677831279
0677838943
0677869242
0677873088
0677881695
0677882106
0677895516
0677895702
0677896350
0677897406
0677897959
0677926685
0677938639
0677970218
0677970827
0677988895
0678007541
0678008783
0678010441
0678013812
0678018837
0678028929
0678031551
0678047899
0678065923
0678076692
0678077072
0678079642
0678083035
0678096883
0678100811
0678107641
0678108819
0678134544
0678150391
0678172896
0678178322
0678183289
0678191696
0678202123
0678203133
0678216688
0678227800
0678231063
0678251499
0678258770
0678275944
0678292885
0678293836
0678316795
0678319489
0678326603
0678341854
0678359690
0678377491
0678387314
0678395470
0678400326
0678404522
0678410466
0678411233
0678415102
0678436500
0678456017
0678466830
0678485951
0678488154
0678489236
0678500202
0678502978
0678509892
0678514283
0678570773
0678570840
0678581824
0678584988
0678588665
0678599630
0678602425
0678604955
0678621367
0678638923
0678640009
0678643440
0678654930
0678661380
0678664565
0678679971
0678680456
0678680850
0678715300
0678726115
0678729594
0678735501
0678737916
0678742108
0678756034
0678771561
0678777944
0678806090
0678808729
0678818698
0678820464
0678854608
0678880612
0678881050
0678882384
0678883113
0678887108
0678887526
0678888880
0678888888
0678911247
0678921332
0678927971
0678933681
0678934180
0678939173
0678942933
0678948066
0678949076
0678963329
0678966125
0679016360
0679023915
0679047874
0679064303
0679078738
0679100424
0679105606
0679137598
0679145766
0679153103
0679155720
0679156278
0679180276
0679180390
0679183739
0679184152
0679190362
0679192831
0679209139
0679210305
0679213105
0679219191
0679230308
0679248762
0679251728
0679256608
0679256948
0679297747
0679301079
0679308495
0679312649
0679314925
0679316255
0679322387
0679331511
0679333192
0679339574
0679345618
0679351147
0679351718
0679352379
0679357730
0679363350
0679382089
0679384759
0679389580
0679407130
0679410417
0679414223
0679417773
0679430346
0679436290
0679436716
0679439918
0679441004
0679445868
0679469557
0679478228
0679479542
0679538742
0679556006
0679574791
0679575125
0679581005
0679584163
0679585802
0679586076
0679593799
0679625044
0679633691
0679638284
0679639759
0679643271
0679647002
0679653569
0679654560
0679657718
0679668831
0679677699
0679678302
0679697001
0679702218
0679713926
0679746820
0679764742
0679768680
0679780902
0679783617
0679794631
0679802196
0679821401
0679823142
0679841005
0679850759
0679876077
0679892541
0679903859
0679919745
0679927258
0679946423
0679953499
0679983880
0679990215
0679991559
0679994414
0679994727
0679998447
0679999497
0679999990
0679999999
0680000000
0680004203
0680004278
0680004646
0680005114
0680005184
0680006467
0680009720
0680009897
0680019589
0680029216
0680043353
0680056780
0680058739
0680072081
0680100909
0680112548
0680115319
0680126564
0680151903
0680158552
0680162647
0680164875
0680179213
0680195987
0680203851
0680228689
0680267844
0680269298
0680288844
0680307851
0680315498
0680325892
0680331509
0680334871
0680355119
0680391721
0680391831
0680404519
0680414442
0680452165
0680453822
0680456942
0680485357
0680487054
0680489063
0680502575
0680513714
0680528815
0680545766
0680555030
0680555736
0680599098
0680602310
0680603356
0680606907
0680617687
0680618035
0680619682
0680626227
0680635167
0680640983
0680642891
0680653995
0680660627
0680681340
0680686302
0680691027
0680700875
0680707877
0680714076
0680715182
0680717780
0680730899
0680769817
0680783608
0680787206
0680803900
0680823200
0680840082
0680862843
0680865671
0680884834
0680906269
0680913410
0680914208
0680931022
0680932265
0680948344
0680948793
0680955513
0680962820
0681004517
0681005048
0681017968
0681026197
0681031063
0681035143
0681039958
0681058150
0681060073
0681061633
0681073058
0681081097
0681092351
0681111110
0681111111
0681113264
0681113279
0681114404
0681117598
0681117723
0681118047
0681123820
0681143718
0681192802
0681193390
0681199030
0681222127
0681223707
0681225772
0681230453
0681232378
0681233266
0681233683
0681234500
0681234567
0681235736
0681238173
0681239706
0681240959
0681274414
0681280981
0681287296
0681316293
0681327991
0681332839
0681335830
0681348342
0681348818
0681350461
0681350762
0681357136
0681357704
0681358381
0681382828
0681416074
0681417256
0681420188
0681423491
0681438587
0681441152
0681442783
0681461740
0681482436
0681529155
0681530229
0681530983
0681531874
0681546081
0681553511
0681557750
0681558024
0681572656
0681575965
0681593868
0681604011
0681610366
0681632706
0681634233
0681645984
0681670789
0681696467
0681700341
0681710158
0681742641
0681744874
0681761457
0681767747
0681781104
0681781318
0681798526
0681802977
0681804689
0681819663
0681825033
0681841865
0681851875
0681872690
0681883745
0681893996
0681904869
0681927879
0681936533
0681948373
0681962071
0681994093
0681997720
0681998035
0682001907
0682020329
0682022036
0682028838
0682032213
0682035472
0682059999
0682065885
0682074042
0682075119
0682089270
0682089707
0682112022
0682128353
0682128365
0682149556
0682155291
0682155692
0682156921
0682171193
0682171476
0682179028
0682184601
0682194827
0682199194
0682212937
0682221084
0682222220
0682222222
0682222558
0682222607
0682223787
0682225769
0682226324
0682230958
0682241711
0682246263
0682258809
0682262704
0682267095
0682269761
0682275602
0682281418
0682284767
0682292237
0682301825
0682314602
0682326252
0682341009
0682343423
0682343913
0682345638
0682346923
0682347132
0682348412
0682377223
0682380311
0682385573
0682394868
0682404602
0682410382
0682414425
0682416088
0682427522
0682435429
0682443265
0682456481
0682457428
0682462141
0682462726
0682463323
0682466580
0682468561
0682469484
0682469909
0682496371
0682499234
0682505970
0682515490
0682517008
0682533751
0682556145
0682560248
0682574920
0682604131
0682607857
0682611471
0682629573
0682652432
0682653830
0682653935
0682661361
0682661435
0682670517
0682677146
0682690313
0682691727
0682693816
0682702148
0682708220
0682715806
0682719437
0682727763
0682728413
0682741946
0682746574
0682754712
0682759824
0682761197
0682784340
0682798358
0682804584
0682805540
0682824511
0682841700
0682860192
0682867333
0682893011
0682905024
0682905160
0682907535
0682918488
0682924830
0682934077
0682941190
0682942063
0682944622
0682947499
0682963628
0682964895
0682972707
0682987117
0682989335
0682990904
0682992512
0683003895
0683013477
0683024680
0683025995
0683031608
0683031658
0683048594
0683049258
0683056078
0683057116
0683061400
0683065659
0683066565
0683070867
0683074382
0683092880
0683098398
0683099351
0683114207
0683115904
0683132038
0683136776
0683136970
0683139630
0683150356
0683152315
0683157502
0683158913
0683162053
0683166498
0683168406
0683168806
0683172563
0683179370
0683195626
0683203661
0683206277
0683213464
0683214657
0683235821
0683244632
0683246846
0683254742
0683267548
0683267579
0683292148
0683305823
0683330828
0683332836
0683333330
0683333333
0683335602
0683335648
0683336490
0683337605
0683338925
0683348969
0683353114
0683365562
0683380889
0683408509
0683411176
0683412276
0683418657
0683420594
0683441010
0683450287
0683454419
0683455290
0683456616
0683458807
0683464693
0683505416
0683506266
0683506409
0683518108
0683528771
0683533919
0683553213
0683556241
0683570274
0683574395
0683575648
0683577460
0683577910
0683593989
0683610708
0683611006
0683613421
0683642584
0683645162
0683648092
0683653219
0683663671
0683663826
0683668468
0683671242
0683672734
0683680742
0683704426
0683716191
0683721789
0683729015
0683729416
0683734831
0683735789
0683736687
0683746816
0683748058
0683759730
0683780916
0683784281
0683788429
0683794682
0683802860
0683822173
0683850354
0683852066
0683883214
0683897985
0683923786
0683948303
0683963033
0683974662
0683974976
0683978580
0683985944
0683988648
0684012888
0684037003
0684043369
0684048934
0684049710
0684052605
0684056003
0684069618
0684083631
0684087785
0684111268
0684117976
0684126206
0684130666
0684130672
0684136619
0684146587
0684168664
0684180732
0684189692
0684202751
0684203643
0684216283
0684225553
0684229172
0684233239
0684235951
0684248292
0684251929
0684269236
0684299883
0684301557
0684302689
0684306846
0684343282
0684359652
0684369981
0684394523
0684404622
0684427831
0684432262
0684438398
0684441575
0684444440
0684444444
0684444533
0684448323
0684449414
0684449445
0684449859
0684452160
0684457748
0684473701
0684474006
0684483596
0684499008
0684509133
0684511609
0684511856
0684512503
0684525413
0684525948
0684544388
0684560326
0684563828
0684566766
0684567719
0684569353
0684570358
0684575416
0684577365
0684583895
0684589567
0684604866
0684612969
0684615759
0684616010
0684631051
0684636341
0684649286
0684679481
0684682983
0684684901
0684702195
0684713754
0684715422
0684720430
0684721122
0684731449
0684762299
0684772458
0684780340
0684789878
0684796396
0684838775
0684859171
0684862179
0684866022
0684873338
0684875857
0684883121
0684886736
0684894059
0684897851
0684926435
0684932203
0684972202
0684984754
0684992728
0684994002
0685011409
0685017271
0685018072
0685020763
0685028381
0685041468
0685055042
0685066960
0685068574
0685094267
0685114659
0685122457
0685129448
0685130118
0685132204
0685133367
0685145696
0685160689
0685168621
0685183997
0685199424
0685220152
0685240661
0685251860
0685253847
0685254588
0685259417
0685261529
0685293248
0685318314
0685318988
0685320905
0685332047
0685363547
0685368646
0685371237
0685375259
0685415943
0685425603
0685426054
0685446106
0685447793
0685491727
0685492797
0685501327
0685520157
0685530629
0685532309
0685551566
0685555550
0685555555
0685556097
0685557240
0685558825
0685558865
0685559602
0685569019
0685570625
0685582312
0685618490
0685639342
0685649870
0685650549
0685650798
0685670092
0685670928
0685671272
0685674914
0685676373
0685677632
0685684610
0685687209
0685689622
0685692112
0685704263
0685704824
0685705033
0685706142
0685721147
0685722629
0685723546
0685738746
0685740608
0685754179
0685763404
0685778397
0685792008
0685810466
0685828043
0685848549
0685861798
0685874973
0685883746
0685886450
0685892653
0685900221
0685901059
0685911161
0685913061
0685913571
0685942971
0685949314
0685956414
0685961403
0685977378
0685979349
0685980569
0685984234
0685984776
0686001781
0686021422
0686029481
0686031036
0686031657
0686046627
0686079519
0686083760
0686172368
0686172479
0686181116
0686188210
0686190525
0686192591
0686208529
0686235252
0686239775
0686245695
0686246269
0686247184
0686247669
0686251724
0686256540
0686265532
0686288424
0686300426
0686307457
0686308568
0686323101
0686332762
0686332874
0686339569
0686347954
0686348967
0686351064
0686362095
0686372026
0686373849
0686375843
0686379070
0686384141
0686396880
0686406646
0686416808
0686421996
0686426822
0686431505
0686437250
0686439095
0686441565
0686452600
0686460147
0686468794
0686477179
0686483785
0686488118
0686498659
0686500682
0686502399
0686502855
0686503734
0686505721
0686516814
0686517445
0686530780
0686534647
0686535399
0686551010
0686566034
0686579845
0686612872
0686616703
0686619958
0686630401
0686641088
0686660243
0686662924
0686663546
0686663715
0686664107
0686664735
0686665414
0686666660
0686666666
0686668843
0686671153
0686674650
0686709416
0686718946
0686721962
0686731569
0686746210
0686770085
0686782103
0686785671
0686789041
0686789448
0686789890
0686800390
0686845232
0686858993
0686872414
0686881752
0686893682
0686899552
0686906015
0686908896
0686911956
0686913279
0686915066
0686936221
0686938658
0686939571
0686940078
0686943227
0686955494
0686968496
0686970073
0686982939
0686987972
0686995269
0687006893
0687009125
0687037643
0687077900
0687080763
0687105764
0687107645
0687109090
0687111556
0687118745
0687119558
0687128151
0687160810
0687170275
0687182186
0687183142
0687188720
0687190463
0687191060
0687200443
0687216390
0687226683
0687229178
0687231998
0687247999
0687248156
0687257996
0687269171
0687271861
0687272129
0687289398
0687313009
0687314839
0687325247
0687336343
0687342275
0687344213
0687363053
0687364970
0687387732
0687391751
0687400327
0687404969
0687425036
0687426974
0687430064
0687433509
0687434994
0687437761
0687441386
0687456407
0687464437
0687488218
0687489651
0687498076
0687541237
0687549667
0687561656
0687572661
0687581162
0687596993
0687600232
0687654321
0687665144
0687665932
0687679785
0687691644
0687703402
0687732952
0687739757
0687740242
0687751333
0687770984
0687772401
0687772696
0687777770
0687777777
0687778125
0687779068
0687796946
0687806517
0687850789
0687860958
0687866191
0687867850
0687867865
0687875881
0687877942
0687887360
0687890161
0687891303
0687894240
0687896930
0687896969
0687912556
0687914586
0687946253
0687951123
0687953078
0687978702
0687980243
0688007327
0688033877
0688045826
0688054855
0688060504
0688072719
0688078923
0688084486
0688095394
0688095907
0688096910
0688097459
0688109901
0688114611
0688124098
0688126589
0688127109
0688137224
0688148624
0688182320
0688195587
0688198458
0688198936
0688199577
0688201541
0688204158
0688207362
0688232586
0688234789
0688268401
0688276472
0688276846
0688283011
0688315436
0688316572
0688325324
0688338208
0688346495
0688355179
0688357620
0688373564
0688375067
0688376139
0688382626
0688392177
0688396686
0688400579
0688405843
0688407080
0688409300
0688419124
0688421836
0688453048
0688464518
0688473542
0688484177
0688498457
0688503115
0688527353
0688542048
0688545987
0688556625
0688582498
0688600721
0688610204
0688614516
0688618299
0688618738
0688622922
0688634330
0688638077
0688643022
0688652047
0688653324
0688657187
0688666358
0688666620
0688667104
0688668639
0688673659
0688673876
0688676910
0688711996
0688739599
0688755091
0688758579
0688759233
0688766497
0688771183
0688772116
0688775613
0688788874
0688790863
0688805704
0688808319
0688818264
0688826897
0688829680
0688848904
0688864939
0688877707
0688880089
0688880299
0688882008
0688883471
0688883958
0688884360
0688888880
0688888888
0688891373
0688903529
0688915931
0688919282
0688942888
0688954481
0688964066
0688964419
0688972722
0688974005
0688988404
0688990988
0689003871
0689015172
0689020732
0689032278
0689043465
0689044459
0689061053
0689066271
0689067279
0689083914
0689098242
0689099570
0689154882
0689157078
0689166232
0689179588
0689182714
0689187769
0689190202
0689197813
0689204479
0689209372
0689216563
0689223815
0689224310
0689237269
0689238199
0689245922
0689259213
0689287025
0689297308
0689298434
0689298992
0689309158
0689318739
0689336445
0689358387
0689364317
0689373168
0689375179
0689392534
0689405617
0689406673
0689412176
0689415705
0689440527
0689468657
0689471445
0689486700
0689497081
0689499991
0689505301
0689512419
0689522780
0689543626
0689559863
0689565571
0689570316
0689613088
0689625760
0689662552
0689668546
0689671682
0689674116
0689712973
0689753086
0689754245
0689773268
0689781526
0689785311
0689794109
0689799847
0689815691
0689823393
0689824151
0689825709
0689832894
0689847742
0689860840
0689867734
0689880655
0689892640
0689899958
0689900228
0689901765
0689904618
0689916733
0689930154
0689957675
0689972136
0689978687
0689990996
0689996696
0689997208
0689999028
0689999129
0689999990
0689999999
0690000000
0690001003
0690005812
0690006455
0690007853
0690008187
0690008317
0690009322
0690015906
0690019674
0690028309
0690038762
0690045016
0690046684
0690052356
0690060534
0690064910
0690067352
0690081602
0690092216
0690096277
0690109907
0690109954
0690110490
0690110956
0690117074
0690120461
0690121969
0690129595
0690150682
0690162364
0690171946
0690214773
0690221682
0690233422
0690279466
0690293902
0690302948
0690307123
0690313759
0690314580
0690321498
0690342380
0690354149
0690367946
0690368348
0690379062
0690380832
0690384965
0690390177
0690411139
0690432255
0690437395
0690446041
0690467635
0690504489
0690522033
0690531097
0690532723
0690562670
0690567574
0690570005
0690573612
0690589107
0690598818
0690601734
0690603699
0690622917
0690633068
0690635588
0690641105
0690643737
0690643759
0690650257
0690650470
0690668915
0690706874
0690719342
0690719734
0690723314
0690744675
0690760122
0690771609
0690783596
0690792404
0690808726
0690817812
0690818658
0690821550
0690840576
0690847133
0690850322
0690852354
0690858817
0690864492
0690876499
0690884413
0690902839
0690922074
0690928321
0690932554
0690933037
0690947291
0690967444
0690968994
0690973403
0690985187
0690987505
0690988591
0690989123
0690996932
0690998695
0690999885
0691004695
0691024570
0691065305
0691105380
0691106979
0691110997
0691111110
0691111111
0691111364
0691112278
0691115244
0691115973
0691117183
0691121332
0691123828
0691127454
0691137271
0691142146
0691148641
0691150651
0691161113
0691173426
0691179589
0691184188
0691207191
0691215552
0691229718
0691230663
0691231273
0691232558
0691234500
0691234567
0691234998
0691236508
0691245051
0691286976
0691301597
0691319251
0691335986
0691337207
0691350128
0691350964
0691355709
0691358458
0691358958
0691359103
0691361664
0691361836
0691370046
0691374774
0691375891
0691379691
0691395451
0691402293
0691444477
0691472751
0691472992
0691485884
0691495383
0691504191
0691509619
0691517954
0691523715
0691531216
0691535949
0691563967
0691573799
0691601774
0691606765
0691645668
0691661992
0691709298
0691711425
0691724064
0691734679
0691740567
0691765295
0691771954
0691792816
0691793041
0691800750
0691805014
0691816260
0691816355
0691821963
0691838599
0691843123
0691852098
0691867921
0691871095
0691874048
0691878470
0691883537
0691901111
0691902376
0691912145
0691920398
0691926071
0691956783
0691962757
0691969614
0691998364
0691999235
0692017877
0692036516
0692045397
0692055874
0692062914
0692066480
0692075959
0692083593
0692091372
0692105049
0692105269
0692108638
0692121516
0692125031
0692133069
0692135880
0692177964
0692178543
0692183181
0692189118
0692192376
0692220008
0692220393
0692221391
0692221396
0692222220
0692222222
0692222422
0692227162
0692252268
0692265207
0692279606
0692292038
0692304266
0692325868
0692327227
0692328302
0692328318
0692330263
0692339263
0692340757
0692342572
0692342716
0692345414
0692348421
0692348605
0692349993
0692366390
0692373862
0692376218
0692380686
0692384641
0692392137
0692397623
0692411781
0692413870
0692414076
0692431932
0692441598
0692449732
0692461035
0692462789
0692463606
0692467093
0692467953
0692468410
0692470688
0692474659
0692513052
0692517768
0692529194
0692535144
0692560550
0692591665
0692600029
0692607324
0692634985
0692647627
0692654635
0692701663
0692707853
0692724722
0692727250
0692731549
0692741319
0692741351
0692743701
0692750192
0692768318
0692768811
0692809690
0692813734
0692821153
0692823505
0692828021
0692831874
0692850128
0692850365
0692851686
0692860434
0692862670
0692894996
0692896244
0692902033
0692907748
0692909206
0692916414
0692917034
0692919164
0692938943
0692942300
0692950399
0692958295
0692967839
0692971235
0692985813
0692991466
0692995373
0692998253
0693004095
0693011505
0693020782
0693030742
0693039908
0693040134
0693045513
0693049729
0693051511
0693052142
0693063084
0693068591
0693073246
0693074056
0693097683
0693098027
0693113573
0693116439
0693118726
0693124132
0693128212
0693134786
0693144882
0693164733
0693176969
0693178628
0693179426
0693180289
0693211883
0693212358
0693212813
0693221632
0693234727
0693241052
0693244162
0693291790
0693310645
0693313132
0693333330
0693333333
0693334736
0693335200
0693335235
0693335724
0693338504
0693363358
0693368025
0693368437
0693371819
0693379245
0693404918
0693416393
0693421011
0693431865
0693437454
0693450038
0693451193
0693452548
0693455428
0693455582
0693459998
0693467578
0693472052
0693477395
0693480441
0693490572
0693492712
0693502756
0693509841
0693516104
0693528047
0693565093
0693570231
0693572056
0693573340
0693579539
0693579723
0693580457
0693583718
0693584170
0693601164
0693613642
0693615209
0693626754
0693643442
0693674471
0693678568
0693687882
0693692415
0693704135
0693705002
0693708641
0693715581
0693725696
0693730914
0693742223
0693744425
0693754129
0693756957
0693759883
0693769746
0693769967
0693772396
0693779734
0693785259
0693786501
0693790308
0693806426
0693807915
0693810512
0693811228
0693843432
0693867015
0693884164
0693885518
0693885673
0693888372
0693888415
0693897047
0693914339
0693918887
0693919846
0693928456
0693953523
0693956359
0693986774
0694009410
0694045267
0694078734
0694079285
0694081942
0694083105
0694089064
0694092095
0694093290
0694104771
0694112119
0694141566
0694142257
0694146885
0694153821
0694157372
0694185972
0694188982
0694191219
0694193847
0694208770
0694209645
0694219752
0694232982
0694240518
0694247905
0694254765
0694255395
0694257943
0694269465
0694278272
0694286555
0694290508
0694302421
0694305625
0694308578
0694318371
0694320617
0694335374
0694342127
0694355000
0694363405
0694382957
0694389548
0694395731
0694441093
0694444440
0694444444
0694444928
0694446328
0694446417
0694447496
0694462796
0694486929
0694492332
0694498019
0694519944
0694525109
0694543379
0694559613
0694561240
0694562899
0694564610
0694568971
0694569376
0694569853
0694574008
0694579346
0694586295
0694606113
0694617992
0694624686
0694627940
0694632064
0694641221
0694660409
0694664933
0694684683
0694688383
0694691804
0694698200
0694704442
0694708361
0694738398
0694739758
0694747246
0694763184
0694787030
0694797147
0694813672
0694815839
0694823307
0694842080
0694852333
0694862569
0694873662
0694893803
0694910109
0694918745
0694926849
0694928964
0694929096
0694945085
0694947018
0694961526
0694964021
0694965311
0694974274
0694989052
0695010740
0695020804
0695026429
0695027493
0695034635
0695053407
0695072529
0695086557
0695111525
0695118210
0695126407
0695131732
0695134458
0695140334
0695156905
0695173771
0695188177
0695213938
0695215819
0695229832
0695265939
0695270067
0695297531
0695319723
0695320744
0695321037
0695331858
0695331859
0695335355
0695351004
0695361994
0695365763
0695370559
0695388871
0695393080
0695401103
0695403637
0695406309
0695414576
0695418783
0695439940
0695445014
0695451586
0695455582
0695455694
0695472973
0695474393
0695476724
0695503973
0695531408
0695546835
0695551469
0695553138
0695555550
0695555555
0695555800
0695556873
0695557139
0695559807
0695565024
0695581188
0695591667
0695591740
0695600247
0695603773
0695608439
0695608561
0695616949
0695618115
0695628083
0695636515
0695643022
0695661109
0695670396
0695673487
0695675176
0695678083
0695679185
0695681628
0695691074
0695701131
0695725371
0695732429
0695737056
0695737715
0695738651
0695757845
0695759304
0695770793
0695776203
0695800606
0695800786
0695821448
0695823781
0695843476
0695855670
0695873037
0695888200
0695900078
0695907475
0695907585
0695927709
0695936983
0695948800
0695957215
0695961187
0695982704
0695988474
0696052054
0696064263
0696065248
0696094830
0696095073
0696096355
0696113063
0696113998
0696115384
0696125829
0696130200
0696142334
0696149215
0696151215
0696154403
0696219686
0696230822
0696231497
0696241140
0696264552
0696266731
0696278132
0696287451
0696290384
0696310972
0696312503
0696324243
0696324777
0696356504
0696375102
0696378517
0696382037
0696387701
0696388490
0696408174
0696408995
0696415241
0696420868
0696422991
0696436322
0696445232
0696486159
0696488874
0696505249
0696506412
0696506525
0696519531
0696531759
0696532267
0696583886
0696590121
0696602837
0696616976
0696621815
0696643778
0696661902
0696663493
0696664562
0696665455
0696666660
0696666666
0696667619
0696669448
0696670500
0696670968
0696681296
0696681674
0696684626
0696685856
0696696552
0696697229
0696698941
0696721917
0696733854
0696740555
0696740788
0696740809
0696757707
0696759987
0696777305
0696780934
0696781396
0696781855
0696784112
0696784274
0696784654
0696787862
0696788682
0696790954
0696794659
0696796911
0696798030
0696800344
0696802174
0696803547
0696815274
0696836694
0696837373
0696839130
0696845603
0696868706
0696872905
0696881001
0696889612
0696900604
0696927713
0696934635
0696948672
0696956964
0696960565
0696975592
0697006021
0697007809
0697014504
0697018677
0697021443
0697037360
0697049359
0697058100
0697060924
0697122543
0697126638
0697128836
0697142454
0697152739
0697193941
0697201230
0697207967
0697211203
0697224572
0697227187
0697238394
0697243436
0697249771
0697257437
0697266498
0697281935
0697282874
0697287446
0697300721
0697303963
0697304096
0697304651
0697310166
0697310805
0697310869
0697311427
0697316946
0697321114
0697329284
0697329937
0697331669
0697336561
0697349784
0697358029
0697365447
0697368710
0697369910
0697381704
0697384864
0697400693
0697403475
0697408703
0697424914
0697428915
0697456859
0697460046
0697460790
0697464700
0697475604
0697475945
0697479514
0697509377
0697520527
0697523333
0697538608
0697548558
0697565932
0697567484
0697570723
0697573930
0697593137
0697594956
0697596224
0697597317
0697598464
0697608712
0697623050
0697650220
0697651794
0697654321
0697657194
0697660053
0697679709
0697699054
0697702757
0697710935
0697713352
0697722353
0697731219
0697735410
0697748430
0697766367
0697768925
0697770941
0697773057
0697776815
0697777021
0697777760
0697777770
0697777777
0697778312
0697779240
0697783548
0697806737
0697820867
0697824814
0697832929
0697835434
0697835911
0697857277
0697865722
0697866269
0697875528
0697890768
0697892231
0697892889
0697893013
0697893134
0697895826
0697903437
0697911044
0697917769
0697958256
0698010634
0698030295
0698030578
0698033535
0698037598
0698049488
0698057431
0698066206
0698078515
0698079445
0698084617
0698100659
0698110616
0698113080
0698114545
0698119182
0698124311
0698157040
0698160597
0698160712
0698164608
0698171319
0698173260
0698186368
0698192124
0698197617
0698198163
0698215408
0698217042
0698233539
0698260029
0698302074
0698313881
0698315232
0698316414
0698319065
0698351770
0698353443
0698364605
0698383739
0698388905
0698423166
0698424158
0698442188
0698445040
0698447816
0698463453
0698477271
0698483357
0698487503
0698492351
0698499098
0698506809
0698510276
0698520402
0698528087
0698533472
0698549342
0698567002
0698577680
0698582818
0698586189
0698593734
0698603628
0698617349
0698621134
0698621306
0698631040
0698651832
0698660164
0698661285
0698662932
0698664879
0698669405
0698673592
0698700460
0698710925
0698719454
0698724075
0698740261
0698745503
0698756755
0698759584
0698766759
0698774498
0698775112
0698777475
0698781898
0698790109
0698802497
0698807191
0698811707
0698816496
0698848285
0698853424
0698875028
0698882879
0698883049
0698884679
0698885028
0698887340
0698888880
0698888888
0698911748
0698915305
0698918956
0698926041
0698956885
0698965611
0698989009
0698993156
0699042724
0699053099
0699056195
0699069229
0699080941
0699083373
0699089726
0699091143
0699098976
0699102704
0699111610
0699113468
0699123837
0699164083
0699179859
0699203148
0699204525
0699210395
0699226036
0699244158
0699246510
0699270240
0699271645
0699279061
0699294168
0699300319
0699302808
0699321500
0699344343
0699347985
0699365938
0699381102
0699389845
0699391391
0699391412
0699394964
0699395718
0699414410
0699445902
0699468305
0699485771
0699491911
0699508054
0699509062
0699532477
0699542169
0699549644
0699550140
0699563623
0699582761
0699589035
0699590961
0699595940
0699605154
0699608224
0699613063
0699620593
0699634415
0699637088
0699646367
0699671868
0699690199
0699694676
0699711574
0699727440
0699732793
0699748592
0699753760
0699756376
0699765605
0699791029
0699801130
0699801435
0699802845
0699812204
0699817895
0699821111
0699823584
0699829186
0699871149
0699877480
0699883258
0699897671
0699917731
0699929223
0699956450
0699961529
0699962896
0699963846
0699972076
0699974495
0699978061
0699990025
0699994023
0699995018
0699997353
0699999458
0699999990
0699999999
0800000000
0800004857
0800006366
0800006493
0800006986
0800007010
0800008919
0800018410
0800025679
0800052422
0800069713
0800073741
0800077804
0800103910
0800132082
0800164308
0800180160
0800181932
0800202559
0800204851
0800219090
0800222191
0800230719
0800240681
0800247142
0800258875
0800259125
0800272569
0800281808
0800305685
0800307418
0800308127
0800321758
0800321917
0800326233
0800335803
0800341773
0800364713
0800374199
0800374418
0800384379
0800395573
0800405347
0800407899
0800411968
0800415420
0800416350
0800417672
0800420996
0800426731
0800428106
0800432556
0800436048
0800452375
0800461590
0800463665
0800474572
0800475970
0800500737
0800506265
0800522539
0800527381
0800530412
0800535566
0800537010
0800540762
0800575643
0800579295
0800619537
0800627474
0800640317
0800643228
0800647571
0800677779
0800678460
0800688469
0800699166
0800709801
0800725496
0800731501
0800735495
0800742211
0800750376
0800752349
0800759906
0800773835
0800785019
0800809599
0800819531
0800824491
0800831136
0800856346
0800862221
0800864397
0800865497
0800882540
0800888716
0800888809
0800911295
0800922996
0800933071
0800934560
0800942407
0800963742
0800969270
0800973297
0800980022
0800993528
0801018960
0801029846
0801046307
0801053157
0801075594
0801084878
0801091656
0801096318
0801098064
0801111110
0801111111
0801112041
0801112592
0801113166
0801113749
0801114572
0801115237
0801116764
0801123943
0801124028
0801129218
0801148160
0801155230
0801160893
0801164198
0801164288
0801178414
0801186473
0801192896
0801196319
0801201192
0801202594
0801206282
0801219094
0801228389
0801230946
0801234500
0801234567
0801235456
0801235610
0801237351
0801238660
0801238989
0801244373
0801257142
0801261089
0801261112
0801262700
0801271038
0801275118
0801294516
0801301329
0801312042
0801317786
0801350314
0801353900
0801356104
0801356605
0801359366
0801359527
0801359675
0801377379
0801387501
0801412385
0801417660
0801424170
0801451908
0801453559
0801455573
0801457578
0801465185
0801473614
0801475273
0801476375
0801501209
0801508244
0801510343
0801522350
0801524147
0801536209
0801553066
0801578404
0801594160
0801599559
0801602858
0801604743
0801605409
0801612881
0801646441
0801654039
0801673409
0801677022
0801699592
0801702386
0801704170
0801711178
0801714507
0801722137
0801723720
0801724243
0801724509
0801728382
0801739224
0801743271
0801752275
0801771179
0801779255
0801779703
0801785963
0801797096
0801800276
0801805568
0801808954
0801826156
0801836054
0801843902
0801854391
0801854582
0801858932
0801878382
0801883210
0801886600
0801887138
0801911815
0801919683
0801952302
0801953156
0801965610
0801966947
0801978796
0801995002
0802003317
0802010092
0802017521
0802041957
0802047392
0802054783
0802081887
0802087361
0802098623
0802125913
0802143890
0802147639
0802153323
0802154250
0802156074
0802156468
0802166565
0802190399
0802220304
0802220412
0802220793
0802222220
0802222222
0802225829
0802227402
0802229761
0802233419
0802234921
0802235763
0802253054
0802257434
0802258925
0802269310
0802281213
0802310345
0802316439
0802323457
0802328197
0802332676
0802341441
0802342712
0802343015
0802348571
0802349988
0802365595
0802367572
0802368801
0802376461
0802377062
0802391434
0802391449
0802401074
0802404418
0802412015
0802413447
0802424725
0802427797
0802431779
0802432875
0802433689
0802442768
0802460184
0802467088
0802467843
0802467964
0802467987
0802468202
0802472833
0802492203
0802495985
0802507539
0802553292
0802583063
0802596771
0802619938
0802647563
0802652725
0802672102
0802689393
0802722386
0802725827
0802727474
0802729400
0802763305
0802788554
0802793098
0802798963
0802802702
0802807423
0802817268
0802819376
0802830861
0802835834
0802851236
0802874152
0802875005
0802895247
0802901148
0802913541
0802919215
0802936380
0802943446
0802951510
0802964240
0803009903
0803020649
0803029068
0803041018
0803043535
0803047192
0803049661
0803053493
0803059113
0803061346
0803066421
0803074520
0803099837
0803110153
0803112285
0803117089
0803131131
0803163505
0803165977
0803166852
0803169754
0803174382
0803174960
0803178268
0803198202
0803219436
0803237451
0803244352
0803247118
0803250490
0803253431
0803269300
0803273628
0803276497
0803286587
0803291634
0803297979
0803309890
0803310646
0803318149
0803321554
0803328421
0803328974
0803330891
0803331447
0803333330
0803333333
0803334155
0803336419
0803337131
0803338148
0803339472
0803342689
0803353529
0803354118
0803355473
0803364487
0803368775
0803370521
0803371292
0803394498
0803401193
0803419192
0803426668
0803427600
0803450105
0803452897
0803457648
0803457742
0803459272
0803459994
0803462989
0803478556
0803494811
0803506637
0803516579
0803518584
0803523409
0803523447
0803533023
0803570337
0803573637
0803575443
0803576520
0803578199
0803597126
0803620788
0803628582
0803633124
0803647138
0803670103
0803671203
0803676810
0803708160
0803712826
0803721287
0803725323
0803728708
0803728951
0803742693
0803782076
0803785362
0803794288
0803798937
0803804506
0803811234
0803819032
0803840210
0803841715
0803847925
0803880075
0803887520
0803889774
0803919865
0803937516
0803945650
0803974051
0803981286
0803981495
0804013579
0804015444
0804016894
0804017374
0804024700
0804044449
0804055946
0804058767
0804082785
0804096624
0804105157
0804109017
0804119306
0804129985
0804132022
0804136480
0804137616
0804145244
0804158799
0804184863
0804201521
0804205474
0804213125
0804217152
0804217301
0804224426
0804229844
0804238078
0804244539
0804248490
0804249858
0804260092
0804263979
0804280750
0804297858
0804305564
0804335481
0804336036
0804344871
0804353490
0804357874
0804381959
0804395570
0804404321
0804410482
0804415172
0804420023
0804425349
0804441204
0804443946
0804444440
0804444444
0804444640
0804445004
0804445481
0804449997
0804464769
0804465866
0804485244
0804489218
0804495129
0804499720
0804503985
0804509307
0804511528
0804518783
0804524393
0804539689
0804551438
0804552818
0804562013
0804562115
0804564978
0804565137
0804569676
0804573474
0804579828
0804593869
0804596256
0804640445
0804663068
0804689410
0804711530
0804724298
0804724653
0804771594
0804805337
0804862869
0804868900
0804879351
0804880200
0804886822
0804902385
0804906093
0804907648
0804907827
0804939626
0804943658
0804943897
0804969977
0804971913
0804975384
0804980670
0804988283
0805015273
0805022846
0805030445
0805030963
0805048455
0805062071
0805065579
0805065710
0805077210
0805087156
0805119082
0805137646
0805141480
0805144600
0805168053
0805182915
0805190935
0805191946
0805194533
0805211654
0805213643
0805237702
0805242197
0805251883
0805252409
0805252504
0805296695
0805305652
0805309739
0805318729
0805322375
0805341824
0805367867
0805371308
0805374280
0805377917
0805391641
0805393568
0805399175
0805408080
0805413836
0805423860
0805426597
0805431703
0805434062
0805435693
0805435724
0805447930
0805468813
0805488538
0805500650
0805516157
0805519136
0805530293
0805552715
0805552721
0805553833
0805555550
0805555555
0805557544
0805557659
0805560620
0805561090
0805566832
0805572603
0805606307
0805608650
0805624731
0805626268
0805633700
0805641757
0805645255
0805660030
0805670509
0805672872
0805672963
0805674404
0805676240
0805677572
0805696161
0805704109
0805706192
0805713619
0805747600
0805758182
0805779360
0805820571
0805868152
0805880008
0805903871
0805912074
0805926058
0805937720
0805938026
0805939173
0805981556
0805981791
0805988569
0805994758
0805998840
0806030132
0806080222
0806081802
0806090534
0806137677
0806141973
0806146242
0806146299
0806190115
0806192802
0806195521
0806197062
0806199897
0806214213
0806218831
0806228070
0806233351
0806234293
0806243168
0806247626
0806258497
0806260492
0806269023
0806275564
0806299440
0806300501
0806306771
0806309917
0806310428
0806311302
0806320945
0806322586
0806339622
0806343163
0806350723
0806353829
0806356658
0806402012
0806413837
0806415988
0806437284
0806466026
0806501963
0806506710
0806507604
0806511005
0806515754
0806528426
0806537197
0806546563
0806555697
0806557308
0806565457
0806577821
0806591870
0806598384
0806607099
0806612645
0806613229
0806617963
0806625659
0806626674
0806630009
0806643995
0806649099
0806663762
0806666160
0806666393
0806666660
0806666666
0806667963
0806669562
0806671002
0806680024
0806687386
0806695874
0806709682
0806714565
0806715633
0806725112
0806735073
0806738329
0806747844
0806755851
0806782286
0806784472
0806785093
0806786050
0806788554
0806817890
0806826723
0806842589
0806853073
0806884937
0806885240
0806901529
0806902229
0806908889
0806912489
0806930181
0806933836
0806936931
0806941544
0806948319
0806971372
0806983644
0806993215
0806994796
0806996337
0807001966
0807003279
0807015620
0807031012
0807032811
0807047389
0807073829
0807086998
0807090976
0807092608
0807101566
0807121982
0807145141
0807156092
0807158562
0807168193
0807180436
0807201496
0807204504
0807209836
0807218217
0807220576
0807233022
0807234898
0807239003
0807246544
0807252837
0807258370
0807262522
0807274324
0807288094
0807290698
0807305133
0807309595
0807326736
0807327869
0807346502
0807357532
0807365578
0807388572
0807392296
0807397338
0807400488
0807400639
0807405424
0807415783
0807422126
0807437793
0807459882
0807488156
0807501316
0807520844
0807521365
0807531069
0807535081
0807542203
0807562617
0807565745
0807581374
0807590818
0807591799
0807598317
0807619956
0807636966
0807641855
0807654321
0807672478
0807692377
0807697023
0807697199
0807700016
0807706097
0807718735
0807735440
0807738925
0807760583
0807770018
0807770038
0807770290
0807770864
0807774781
0807776307
0807777048
0807777770
0807777777
0807794996
0807813077
0807827173
0807827989
0807829149
0807830216
0807847201
0807853627
0807855457
0807857449
0807862492
0807862632
0807882095
0807888219
0807891468
0807892872
0807892922
0807897183
0807897973
0807898696
0807912137
0807913751
0807933448
0807950023
0807973991
0807975418
0807984729
0807988708
0807992427
0807996329
0807998265
0808010997
0808014703
0808025824
0808035063
0808037490
0808070431
0808077124
0808087210
0808087987
0808117480
0808135270
0808158464
0808159818
0808181414
0808189205
0808191561
0808191999
0808195461
0808200455
0808209852
0808214188
0808216768
0808221673
0808231755
0808232570
0808233271
0808259696
0808272557
0808277476
0808278668
0808282863
0808305765
0808307458
0808349515
0808353761
0808356809
0808368219
0808379221
0808390796
0808409602
0808413484
0808428402
0808450769
0808456442
0808456863
0808466964
0808472484
0808492517
0808498118
0808511362
0808518830
0808530407
0808542016
0808565907
0808567300
0808571563
0808598177
0808604285
0808616978
0808628366
0808636505
0808640001
0808652146
0808653098
0808655434
0808672138
0808675740
0808677391
0808705342
0808712466
0808716021
0808727014
0808730258
0808737244
0808741505
0808743963
0808754013
0808760935
0808761257
0808775079
0808776016
0808784767
0808790763
0808791183
0808794587
0808801988
0808807227
0808840209
0808847372
0808850704
0808861305
0808866863
0808881062
0808881170
0808881545
0808884555
0808888880
0808888888
0808889345
0808895716
0808897093
0808901996
0808917835
0808918601
0808920409
0808924473
0808932505
0808932777
0808958372
0808972117
0808980374
0809001841
0809002942
0809008583
0809016835
0809018212
0809019754
0809020413
0809027213
0809028011
0809048210
0809048965
0809053327
0809054026
0809060272
0809070331
0809078399
0809080623
0809089845
0809098583
0809152050
0809160444
0809162481
0809186940
0809192594
0809196787
0809203366
0809207265
0809208513
0809232069
0809238203
0809243189
0809250193
0809265001
0809282076
0809309062
0809323627
0809326494
0809349735
0809351287
0809353529
0809356969
0809361281
0809382915
0809398069
0809410211
0809412936
0809462155
0809463504
0809466198
0809468142
0809468273
0809472604
0809491980
0809496090
0809521436
0809547286
0809561876
0809567495
0809571934
0809578345
0809579930
0809593908
0809599290
0809601391
0809614618
0809622701
0809624652
0809629512
0809655546
0809657323
0809657408
0809658304
0809659833
0809679810
0809702580
0809714319
0809733562
0809734714
0809753235
0809770765
0809782106
0809785728
0809788540
0809792554
0809798899
0809815233
0809820372
0809823608
0809845827
0809848175
0809853562
0809861397
0809871270
0809871663
0809883682
0809885662
0809886218
0809888096
0809889098
0809889909
0809894858
0809906710
0809912189
0809945794
0809947423
0809951419
0809954088
0809963950
0809965387
0809969140
0809972666
0809989204
0809990348
0809994294
0809994691
0809995641
0809997050
0809997780
0809999990
0809999999
0810000000
0810002556
0810004495
0810006064
0810007211
0810009243
0810060584
0810061027
0810064872
0810066970
0810074865
0810083986
0810108189
0810114207
0810125322
0810127185
0810131469
0810141491
0810154293
0810158948
0810190076
0810191835
0810193219
0810198265
0810200191
0810265753
0810271279
0810275866
0810291158
0810294273
0810295610
0810307406
0810328330
0810333657
0810342312
0810353441
0810368058
0810380856
0810401818
0810403349
0810405434
0810420323
0810440211
0810458519
0810493067
0810504862
0810520672
0810529841
0810541191
0810545474
0810559580
0810568302
0810578506
0810588929
0810591515
0810592506
0810605390
0810616808
0810617575
0810621176
0810621548
0810632887
0810638900
0810639780
0810643226
0810646696
0810650416
0810666140
0810670299
0810671366
0810687990
0810694271
0810702639
0810702852
0810717317
0810724834
0810729013
0810732939
0810741058
0810747080
0810775561
0810780625
0810782857
0810785697
0810810118
0810815569
0810820891
0810822937
0810825833
0810829673
0810839674
0810843975
0810846116
0810850754
0810858180
0810858200
0810864036
0810864458
0810871609
0810876960
0810888759
0810902860
0810905582
0810924395
0810932399
0810938924
0810946347
0810986300
0810991633
0810993025
0810999037
0811064196
0811085583
0811111110
0811111111
0811112236
0811112291
0811112949
0811113996
0811116960
0811136788
0811149190
0811150839
0811172578
0811183246
0811187532
0811206028
0811209680
0811213670
0811216631
0811228600
0811231635
0811232223
0811234072
0811234500
0811234567
0811235385
0811235897
0811238147
0811238558
0811248071
0811249814
0811275854
0811279226
0811285630
0811319688
0811332520
0811334636
0811350413
0811351372
0811351666
0811353574
0811355368
0811357087
0811357232
0811360140
0811376238
0811391646
0811403555
0811434308
0811444919
0811455530
0811488537
0811490254
0811514652
0811527146
0811529386
0811532568
0811541788
0811577886
0811587572
0811593638
0811594384
0811601232
0811614560
0811630468
0811642552
0811646375
0811664941
0811665398
0811679349
0811688866
0811698297
0811702229
0811720205
0811730356
0811737504
0811740548
0811749398
0811750975
0811756615
0811764259
0811794233
0811797141
0811800448
0811804031
0811806269
0811851879
0811855827
0811866350
0811890601
0811912151
0811913198
0811924044
0811924211
0811936372
0811939642
0811939723
0811947443
0811949362
0811955032
0811955669
0811962026
0811979041
0811990543
0811993024
0811993998
0811994139
0812025136
0812031673
0812034909
0812035881
0812060687
0812078652
0812080927
0812094414
0812100618
0812101630
0812116951
0812136531
0812137408
0812155271
0812169827
0812173046
0812186833
0812196953
0812220526
0812221585
0812222220
0812222222
0812222317
0812223573
0812229859
0812241511
0812289631
0812292312
0812300284
0812309953
0812313876
0812328331
0812332348
0812335632
0812337588
0812339036
0812343973
0812344933
0812345700
0812348367
0812348621
0812349509
0812353671
0812370293
0812383980
0812393522
0812401901
0812430473
0812435488
0812438796
0812440599
0812448505
0812461007
0812461368
0812464521
0812465394
0812466348
0812467895
0812469857
0812475765
0812505313
0812506538
0812529429
0812533526
0812539589
0812542944
0812546976
0812563321
0812564564
0812564680
0812576121
0812583196
0812583746
0812592701
0812610429
0812646228
0812655264
0812690444
0812701305
0812705247
0812707263
0812711421
0812715614
0812716275
0812717769
0812721031
0812747108
0812748801
0812748953
0812765623
0812767236
0812774329
0812783894
0812790151
0812813697
0812852199
0812866140
0812879109
0812882741
0812883869
0812902776
0812913919
0812925231
0812940824
0812946867
0812954300
0812958124
0812965451
0812970584
0812974726
0813004650
0813017775
0813027298
0813033209
0813052408
0813056880
0813096077
0813099776
0813106476
0813107462
0813108483
0813112380
0813124032
0813137370
0813157466
0813160261
0813171114
0813190915
0813192401
0813215990
0813232794
0813236664
0813270939
0813274974
0813282746
0813307974
0813315009
0813317757
0813319069
0813329539
0813333330
0813333333
0813333849
0813334294
0813335689
0813337201
0813339070
0813339612
0813344003
0813349753
0813350441
0813361632
0813365598
0813368431
0813372088
0813381267
0813417767
0813422572
0813424033
0813426319
0813433334
0813436052
0813443415
0813451661
0813452517
0813454133
0813456151
0813456216
0813457712
0813464277
0813464730
0813465057
0813467106
0813478842
0813510776
0813531217
0813550852
0813558339
0813559912
0813566937
0813567309
0813570351
0813572788
0813572865
0813573252
0813574159
0813575090
0813619355
0813661392
0813689658
0813691092
0813691661
0813697853
0813698130
0813704880
0813706831
0813710836
0813711420
0813712059
0813715457
0813737988
0813753872
0813754034
0813770170
0813775226
0813781877
0813794847
0813808068
0813822735
0813846646
0813858610
0813872458
0813876459
0813882417
0813888329
0813892988
0813893896
0813897940
0813899995
0813900273
0813912624
0813912829
0813917107
0813924593
0813929836
0813937688
0813947395
0813950954
0813963623
0813970566
0813972860
0813984908
0813995176
0814000555
0814001825
0814014033
0814015076
0814032047
0814035922
0814040713
0814044749
0814044978
0814076029
0814077124
0814080980
0814093993
0814102349
0814113993
0814131456
0814154901
0814166241
0814172227
0814184388
0814186531
0814186995
0814189308
0814192409
0814216008
0814222502
0814228833
0814236790
0814244140
0814295280
0814296656
0814298644
0814299564
0814300365
0814317591
0814321391
0814322295
0814329725
0814333685
0814334861
0814335758
0814346074
0814352350
0814358902
0814361883
0814368392
0814369192
0814375219
0814384434
0814389892
0814395329
0814405466
0814414708
0814431595
0814432820
0814436766
0814436919
0814437307
0814437898
0814442491
0814442759
0814444440
0814444444
0814444981
0814446271
0814449097
0814449705
0814453334
0814458045
0814461439
0814495181
0814498155
0814506423
0814508194
0814516389
0814528259
0814535849
0814536336
0814541837
0814559022
0814561746
0814561752
0814561969
0814564342
0814566073
0814568122
0814569518
0814582095
0814587361
0814590331
0814641683
0814646677
0814678843
0814682061
0814715766
0814747367
0814759738
0814771902
0814773009
0814777080
0814785667
0814786142
0814817782
0814831448
0814836163
0814847011
0814858553
0814864751
0814867226
0814882538
0814902095
0814912512
0814918301
0814953211
0814980344
0815000741
0815011361
0815015532
0815024706
0815033568
0815034101
0815037734
0815042206
0815045059
0815060298
0815063051
0815074902
0815078002
0815081162
0815087351
0815092994
0815099854
0815134859
0815161743
0815166784
0815167711
0815168649
0815180583
0815181666
0815225478
0815225593
0815232331
0815242929
0815252535
0815257222
0815261962
0815276656
0815277494
0815286189
0815290720
0815308668
0815312672
0815315124
0815328795
0815357606
0815368981
0815382522
0815390622
0815392238
0815403948
0815406858
0815407001
0815409980
0815423853
0815425182
0815435210
0815435398
0815437441
0815470720
0815481344
0815507132
0815509413
0815551748
0815554316
0815555248
0815555550
0815555555
0815556221
0815556633
0815556963
0815561274
0815569724
0815602252
0815616622
0815620476
0815624770
0815632121
0815634110
0815644061
0815658195
0815660913
0815663153
0815670211
0815675040
0815676765
0815679141
0815679265
0815680905
0815686593
0815692988
0815693300
0815696057
0815701944
0815721439
0815743442
0815760545
0815808837
0815810390
0815852318
0815877585
0815885982
0815890096
0815899967
0815905843
0815917929
0815918224
0815919357
0815925516
0815947028
0815969610
0815969712
0815996738
0815998343
0815999267
0816003783
0816006828
0816007857
0816007964
0816012724
0816026744
0816073372
0816083840
0816086073
0816118695
0816119816
0816123754
0816158667
0816165924
0816187179
0816188958
0816191120
0816223680
0816225549
0816242792
0816247283
0816254877
0816254996
0816267000
0816275188
0816276407
0816316123
0816325307
0816330170
0816332253
0816333802
0816353854
0816360706
0816366587
0816375388
0816384412
0816391418
0816405349
0816423534
0816423926
0816441653
0816449107
0816464334
0816467413
0816473216
0816473478
0816483519
0816484776
0816489213
0816491258
0816504340
0816508529
0816509060
0816509195
0816510405
0816513999
0816522908
0816588044
0816600355
0816601832
0816602824
0816604201
0816604811
0816624996
0816628903
0816649172
0816650207
0816655372
0816658640
0816662726
0816665238
0816665958
0816666603
0816666660
0816666666
0816667933
0816669050
0816669138
0816669794
0816677870
0816681623
0816685243
0816685815
0816692242
0816695540
0816698160
0816712795
0816734773
0816742873
0816770218
0816770900
0816773275
0816774863
0816780062
0816782180
0816784280
0816784440
0816787607
0816789526
0816796812
0816811474
0816819820
0816819880
0816825832
0816835276
0816844948
0816848523
0816902176
0816922110
0816922995
0816929943
0816931817
0816932945
0816943988
0816947812
0816953821
0816984979
0816991211
0817001919
0817023920
0817044824
0817062418
0817062535
0817063663
0817079666
0817082359
0817099090
0817104494
0817108433
0817114995
0817124465
0817128288
0817138612
0817142278
0817149509
0817151685
0817166293
0817173015
0817174164
0817183056
0817202002
0817220610
0817220665
0817238985
0817250154
0817262180
0817270857
0817273756
0817287657
0817290631
0817314751
0817325520
0817335570
0817357007
0817362642
0817364514
0817372946
0817389385
0817391272
0817392421
0817398953
0817422297
0817467763
0817472684
0817482842
0817486551
0817505722
0817523871
0817537005
0817542341
0817543078
0817543099
0817544272
0817554672
0817564608
0817572937
0817572971
0817579345
0817599863
0817604191
0817612034
0817616483
0817623055
0817638230
0817642894
0817646581
0817654321
0817657890
0817682572
0817698432
0817715811
0817722167
0817726577
0817726638
0817745000
0817757613
0817765754
0817766199
0817770611
0817772795
0817775045
0817775856
0817776397
0817777315
0817777442
0817777770
0817777777
0817783398
0817799976
0817819556
0817821840
0817844042
0817853097
0817854766
0817859243
0817868774
0817873784
0817890739
0817891617
0817892970
0817893075
0817897612
0817898323
0817898907
0817899910
0817901804
0817906498
0817907602
0817911233
0817913471
0817919065
0817929100
0817932595
0817932623
0817933545
0817935229
0817951614
0817965881
0817990589
0817994241
0818003488
0818005105
0818007922
0818037094
0818043561
0818043752
0818056288
0818057443
0818060654
0818119375
0818122769
0818127142
0818131809
0818157006
0818157166
0818182695
0818188892
0818218726
0818233692
0818235943
0818246767
0818259221
0818266681
0818268398
0818280940
0818282016
0818282493
0818284903
0818285452
0818285793
0818294590
0818305569
0818305765
0818314245
0818315926
0818321137
0818333433
0818335682
0818336112
0818352172
0818374887
0818377725
0818378129
0818384179
0818384678
0818385974
0818408233
0818409756
0818425036
0818435251
0818454634
0818456957
0818477525
0818493192
0818500654
0818505482
0818506728
0818518972
0818524976
0818525058
0818525451
0818534768
0818552165
0818563634
0818563676
0818565168
0818574857
0818576763
0818595722
0818601421
0818605882
0818607366
0818619974
0818621768
0818625145
0818631533
0818641224
0818653698
0818655607
0818669082
0818680709
0818705738
0818709247
0818737594
0818759861
0818760255
0818765187
0818769979
0818774000
0818784250
0818808309
0818818061
0818820963
0818850870
0818851279
0818880840
0818881048
0818881482
0818882064
0818882227
0818885789
0818888880
0818888888
0818897767
0818911842
0818925112
0818930642
0818932814
0818935068
0818941936
0818944865
0818956351
0818967030
0819050356
0819066616
0819067142
0819091511
0819096128
0819123119
0819130623
0819132338
0819153744
0819165762
0819180443
0819187614
0819188432
0819213350
0819268280
0819294255
0819299556
0819312697
0819314671
0819326699
0819329658
0819348757
0819351489
0819359642
0819373007
0819380752
0819383107
0819385764
0819415977
0819416749
0819426606
0819432349
0819441784
0819489323
0819490377
0819530896
0819535353
0819561091
0819561326
0819566853
0819572326
0819579307
0819582345
0819610107
0819622295
0819630133
0819643579
0819654863
0819656138
0819657108
0819678937
0819681226
0819697973
0819699655
0819708174
0819708490
0819712242
0819714291
0819729968
0819735563
0819749738
0819758824
0819760164
0819774245
0819789391
0819808511
0819811927
0819818026
0819820141
0819839719
0819871133
0819906076
0819920413
0819923077
0819929475
0819935408
0819936083
0819938912
0819943839
0819947149
0819947922
0819955618
0819958867
0819971716
0819975771
0819982595
0819987161
0819990152
0819995084
0819998637
0819999304
0819999926
0819999990
0819999999
0820000000
0820000923
0820002194
0820003211
0820005437
0820009334
0820010179
0820050578
0820075044
0820079175
0820087289
0820094621
0820119139
0820130069
0820139705
0820151152
0820179389
0820182305
0820196450
0820206887
0820212252
0820214128
0820217460
0820222560
0820224972
0820227205
0820227740
0820237743
0820242527
0820244844
0820264938
0820282067
0820315671
0820322692
0820338610
0820341120
0820351657
0820356650
0820376124
0820380431
0820386344
0820413423
0820416130
0820436194
0820448757
0820449012
0820468583
0820469799
0820481260
0820481627
0820491021
0820515922
0820518241
0820528297
0820549585
0820560645
0820578799
0820580291
0820585006
0820587370
0820588133
0820607505
0820609740
0820627213
0820629334
0820638790
0820649679
0820660164
0820662079
0820664250
0820665493
0820665536
0820677483
0820680052
0820682577
0820691520
0820707161
0820719482
0820726722
0820732154
0820733960
0820757223
0820770166
0820776035
0820776540
0820778899
0820806541
0820811170
0820842027
0820847255
0820848353
0820852248
0820856103
0820874840
0820877764
0820886086
0820901197
0820920644
0820923987
0820943593
0820951739
0820954649
0820961071
0820961088
0820971745
0820975219
0820993382
0820999805
0821038576
0821042635
0821057658
0821078532
0821086808
0821089098
0821090624
0821093553
0821102368
0821104470
0821109033
0821111077
0821111110
0821111111
0821111865
0821114996
0821115030
0821116364
0821119237
0821139388
0821155652
0821159436
0821164378
0821166933
0821169059
0821170333
0821206304
0821218199
0821227753
0821227914
0821230089
0821230149
0821231673
0821234500
0821234567
0821236333
0821236431
0821238088
0821239773
0821243721
0821248825
0821258995
0821265506
0821267944
0821274874
0821301869
0821335675
0821343955
0821351146
0821352251
0821353748
0821355056
0821357708
0821359680
0821359985
0821368248
0821370660
0821370703
0821400675
0821415193
0821424574
0821451174
0821489533
0821497599
0821499131
0821505058
0821520185
0821528819
0821529161
0821547079
0821554725
0821576306
0821577160
0821581932
0821581979
0821586753
0821600869
0821601906
0821607402
0821608713
0821608970
0821621702
0821634587
0821640988
0821658404
0821678164
0821687608
0821718392
0821736455
0821756554
0821764488
0821790759
0821794789
0821795383
0821818007
0821822595
0821829524
0821830439
0821832781
0821837917
0821849265
0821862513
0821863238
0821866428
0821869750
0821881237
0821887698
0821888197
0821907581
0821910983
0821912560
0821915789
0821918485
0821920132
0821939437
0821942859
0821952461
0821957007
0821957264
0821959802
0821964797
0821970576
0821974504
0821983406
0821984120
0821993592
0822008082
0822011848
0822015221
0822021361
0822023745
0822025452
0822030381
0822037663
0822039167
0822061474
0822078846
0822089990
0822092107
0822094975
0822102911
0822120135
0822128837
0822134340
0822143989
0822153236
0822187105
0822196489
0822197279
0822208522
0822222220
0822222222
0822222817
0822224478
0822225658
0822228679
0822229233
0822237899
0822247916
0822262500
0822287726
0822300513
0822301172
0822301994
0822302233
0822302730
0822324428
0822335514
0822338533
0822340136
0822340438
0822341550
0822343994
0822345936
0822348447
0822348711
0822361668
0822365602
0822373218
0822377804
0822381781
0822413075
0822418423
0822424537
0822425536
0822439609
0822441363
0822448200
0822449473
0822451929
0822460608
0822462607
0822464211
0822465373
0822469390
0822477208
0822477653
0822500806
0822513587
0822518586
0822520455
0822525844
0822543390
0822546452
0822548721
0822560986
0822565473
0822577009
0822583261
0822587100
0822588690
0822588932
0822611198
0822622406
0822638716
0822645321
0822656482
0822684851
0822718328
0822718646
0822742226
0822751688
0822763663
0822765874
0822770236
0822786163
0822790974
0822794317
0822798290
0822828377
0822833734
0822841465
0822844570
0822862315
0822881867
0822888225
0822891910
0822915218
0822916047
0822921340
0822986048
0822986960
0822991688
0823043399
0823084330
0823084951
0823085357
0823094695
0823147311
0823154662
0823155558
0823156402
0823166155
0823200759
0823204479
0823213642
0823217078
0823224614
0823225245
0823236888
0823237723
0823254703
0823256110
0823257598
0823260682
0823314260
0823331923
0823332058
0823333226
0823333330
0823333333
0823334407
0823337244
0823347481
0823347809
0823361480
0823363638
0823381013
0823411478
0823413460
0823419778
0823450683
0823451841
0823453928
0823454873
0823458657
0823462897
0823463842
0823468231
0823499155
0823499332
0823500673
0823506877
0823544467
0823545933
0823551481
0823564334
0823571718
0823573100
0823575192
0823577491
0823577607
0823579520
0823583226
0823594239
0823613411
0823617628
0823619672
0823625834
0823627622
0823635358
0823636602
0823637376
0823676154
0823693301
0823701655
0823711122
0823713353
0823721859
0823736536
0823737570
0823741313
0823745490
0823746573
0823764413
0823766112
0823768763
0823770896
0823780633
0823797626
0823827713
0823847617
0823848267
0823868963
0823873409
0823874085
0823874636
0823879064
0823886797
0823904296
0823915841
0823918908
0823923103
0823931593
0823938828
0823952085
0823953859
0823981455
0823984827
0823998180
0824002926
0824020431
0824021659
0824030505
0824049980
0824058781
0824069721
0824072502
0824093883
0824105365
0824116481
0824132345
0824133840
0824164046
0824165893
0824188963
0824202577
0824208600
0824209809
0824235068
0824242779
0824264658
0824323405
0824323629
0824325500
0824348318
0824361973
0824362632
0824405516
0824411019
0824420290
0824440264
0824441057
0824444440
0824444444
0824448167
0824449153
0824449309
0824449488
0824456820
0824457521
0824462678
0824464195
0824474807
0824485915
0824488354
0824504030
0824509136
0824535474
0824554971
0824562443
0824564402
0824566682
0824567445
0824569120
0824582973
0824591665
0824597321
0824604733
0824617169
0824620243
0824644673
0824665517
0824668249
0824675911
0824683671
0824686602
0824691757
0824698990
0824709542
0824715136
0824715361
0824718232
0824732180
0824732512
0824732954
0824740477
0824747125
0824749401
0824761726
0824764782
0824768648
0824771036
0824829060
0824832881
0824842079
0824847179
0824860267
0824865100
0824876157
0824889247
0824895687
0824896114
0824917600
0824928878
0824931443
0824937388
0824946598
0824955659
0824960249
0824961939
0824968380
0824970654
0825038057
0825044651
0825059778
0825065519
0825082592
0825084676
0825092916
0825108341
0825110513
0825119995
0825123272
0825128354
0825131973
0825138026
0825138626
0825138948
0825139766
0825145414
0825146224
0825155676
0825170493
0825176067
0825176762
0825180969
0825181045
0825182672
0825188997
0825192384
0825200124
0825216348
0825220023
0825223246
0825232638
0825253622
0825265202
0825267629
0825291542
0825299709
0825302694
0825327809
0825339983
0825344558
0825360236
0825382656
0825395342
0825404134
0825404742
0825416828
0825420717
0825433957
0825439427
0825439966
0825465795
0825474561
0825475460
0825479519
0825484281
0825484827
0825498228
0825509124
0825531289
0825539832
0825550863
0825555550
0825555555
0825556900
0825557131
0825557349
0825558168
0825568965
0825570667
0825573438
0825574511
0825598866
0825620385
0825620406
0825652837
0825671720
0825671967
0825672815
0825674256
0825677286
0825678394
0825679078
0825692590
0825706013
0825706887
0825708517
0825712321
0825754673
0825765547
0825785582
0825798034
0825801707
0825817099
0825819642
0825841632
0825843086
0825848237
0825865523
0825880625
0825881161
0825889138
0825890559
0825893580
0825905539
0825905709
0825906331
0825922757
0825944958
0825950177
0825955577
0825957378
0825972510
0825974562
0825991893
0826005635
0826008779
0826026056
0826033707
0826062700
0826079800
0826086045
0826093747
0826104099
0826105173
0826109159
0826114604
0826117872
0826117901
0826124738
0826132310
0826154657
0826163624
0826166886
0826172239
0826173561
0826174058
0826177946
0826182624
0826205309
0826206404
0826209386
0826210820
0826215336
0826219192
0826219620
0826232634
0826235184
0826236993
0826248301
0826248478
0826255758
0826275317
0826277150
0826287876
0826329075
0826349332
0826355985
0826356066
0826357776
0826363917
0826364843
0826370541
0826377208
0826378472
0826380668
0826405488
0826428275
0826440616
0826442054
0826456295
0826458432
0826460526
0826464297
0826467177
0826472821
0826477244
0826480938
0826482877
0826490930
0826492827
0826502746
0826521971
0826525255
0826556527
0826561492
0826571817
0826574997
0826592187
0826593001
0826609339
0826616758
0826622040
0826622199
0826635781
0826643328
0826645195
0826649227
0826661199
0826663490
0826664155
0826665602
0826666052
0826666660
0826666666
0826667917
0826669757
0826670692
0826677261
0826677920
0826683383
0826690162
0826694773
0826707715
0826713128
0826714229
0826719760
0826727899
0826767507
0826773164
0826784818
0826784876
0826785483
0826785776
0826789803
0826799478
0826835102
0826840532
0826857170
0826864975
0826889779
0826904991
0826905839
0826924595
0826926576
0826927057
0826930881
0826941539
0826951292
0826956342
0826984718
0826995164
0827014810
0827021720
0827037327
0827042031
0827042636
0827071791
0827090204
0827107862
0827113358
0827146235
0827156185
0827165827
0827174848
0827185774
0827187075
0827187422
0827193369
0827216588
0827223400
0827260341
0827262581
0827278184
0827297167
0827298802
0827308348
0827315038
0827331747
0827334833
0827336679
0827347471
0827364768
0827371811
0827371832
0827381042
0827393312
0827397638
0827416678
0827424650
0827428178
0827440024
0827458776
0827465745
0827478066
0827491684
0827516640
0827518132
0827520381
0827525205
0827547774
0827554805
0827565518
0827589327
0827597494
0827608881
0827609193
0827617507
0827620654
0827635512
0827643886
0827654321
0827667350
0827676614
0827679070
0827688012
0827691229
0827710073
0827730769
0827737711
0827758046
0827764858
0827769249
0827769853
0827772838
0827773643
0827775083
0827775464
0827775560
0827775575
0827776041
0827777770
0827777777
0827778810
0827780937
0827781089
0827785089
0827795022
0827838144
0827841080
0827842815
0827855071
0827861187
0827884310
0827891407
0827893043
0827894010
0827898486
0827899199
0827901449
0827945047
0827947211
0827965467
0827967131
0827982375
0827985744
0827998513
0828005038
0828006288
0828041227
0828048837
0828078350
0828079703
0828085980
0828089699
0828095730
0828097028
0828097723
0828111479
0828119475
0828133526
0828139125
0828146096
0828164682
0828175075
0828189557
0828190758
0828201645
0828205378
0828212098
0828232255
0828238603
0828256396
0828299705
0828300032
0828300182
0828311319
0828318353
0828321673
0828322604
0828328411
0828329981
0828337927
0828345737
0828353627
0828357576
0828357879
0828380359
0828397226
0828422440
0828431079
0828474181
0828492384
0828492490
0828497808
0828555596
0828561501
0828565035
0828569591
0828582050
0828582339
0828587925
0828593687
0828596397
0828600141
0828610272
0828631703
0828634654
0828647923
0828659258
0828661612
0828705424
0828706786
0828706983
0828708732
0828719094
0828721553
0828733929
0828740240
0828742442
0828767466
0828791920
0828805358
0828811296
0828822539
0828824896
0828849104
0828856567
0828860502
0828863526
0828868157
0828875437
0828881027
0828881124
0828883531
0828885519
0828888682
0828888880
0828888888
0828890434
0828891248
0828900460
0828909729
0828913843
0828954100
0828962658
0828965385
0828994043
0828999925
0829000133
0829013060
0829018029
0829027536
0829027971
0829029295
0829032198
0829042437
0829050970
0829054597
0829056078
0829081634
0829097310
0829098804
0829106824
0829115902
0829120418
0829129156
0829173996
0829174874
0829182497
0829195318
0829197228
0829200162
0829205925
0829213779
0829222979
0829228581
0829238026
0829242156
0829255673
0829275115
0829310520
0829313206
0829316742
0829323950
0829337257
0829340789
0829357184
0829365132
0829368922
0829370859
0829374487
0829386727
0829407561
0829408958
0829431496
0829453929
0829477803
0829499129
0829517023
0829521213
0829523766
0829528378
0829535320
0829536161
0829536277
0829559545
0829560710
0829561380
0829567085
0829604114
0829611062
0829612515
0829630525
0829636725
0829642418
0829650238
0829658190
0829665778
0829690506
0829702527
0829720092
0829739189
0829775485
0829783368
0829785334
0829787962
0829804588
0829806072
0829810677
0829818601
0829820855
0829838282
0829840561
0829842146
0829850761
0829856479
0829857618
0829864784
0829870676
0829888769
0829891345
0829896439
0829899224
0829916159
0829920914
0829933009
0829934719
0829938202
0829951996
0829958157
0829962617
0829991294
0829991319
0829996997
0829997114
0829998015
0829998992
0829999990
0829999999
0830000000
0830002273
0830006457
0830007598
0830009019
0830009981
0830022843
0830023614
0830029921
0830058216
0830058547
0830069279
0830073039
0830092255
0830098845
0830105138
0830119297
0830119473
0830132841
0830149308
0830156716
0830158926
0830161987
0830167255
0830172712
0830192801
0830193013
0830202172
0830208586
0830218383
0830230521
0830234717
0830244293
0830248555
0830258455
0830269847
0830279847
0830290535
0830297490
0830297717
0830339489
0830354558
0830367398
0830367504
0830385933
0830386618
0830407227
0830422933
0830445463
0830450046
0830450202
0830454787
0830460958
0830467620
0830467762
0830481817
0830486743
0830489954
0830508094
0830562954
0830564712
0830564965
0830565835
0830581762
0830588088
0830589024
0830589717
0830592814
0830607895
0830627097
0830629252
0830629560
0830637732
0830660255
0830684404
0830711314
0830717355
0830737916
0830766767
0830768650
0830775905
0830781274
0830783348
0830785374
0830831027
0830847623
0830872147
0830885554
0830895896
0830904426
0830915612
0830916353
0830917335
0830925181
0830953729
0830956737
0830960796
0830980362
0831011026
0831019475
0831032926
0831042618
0831044704
0831058530
0831071804
0831110024
0831111110
0831111111
0831114320
0831114412
0831114885
0831116807
0831118055
0831130381
0831192122
0831209864
0831214084
0831222597
0831222872
0831232807
0831233120
0831234500
0831234567
0831237224
0831238453
0831238681
0831238704
0831244916
0831261158
0831268337
0831272431
0831289989
0831293889
0831294344
0831295491
0831295983
0831319210
0831324242
0831326488
0831326897
0831330642
0831337671
0831351299
0831354087
0831356011
0831356327
0831357103
0831375146
0831375195
0831385677
0831387395
0831395235
0831403069
0831424136
0831455166
0831458127
0831463413
0831466301
0831478146
0831484330
0831507624
0831540097
0831562886
0831566047
0831581493
0831587317
0831599667
0831618450
0831633838
0831637535
0831660841
0831661604
0831673696
0831683752
0831687347
0831692510
0831695976
0831703061
0831704597
0831720796
0831740597
0831741622
0831752011
0831783874
0831801868
0831807192
0831837591
0831852320
0831857468
0831873350
0831880769
0831891151
0831897333
0831911225
0831916384
0831939572
0831954596
0831967432
0831970718
0831973768
0831974375
0832022089
0832043930
0832068575
0832076955
0832093378
0832139536
0832149352
0832178898
0832192687
0832209404
0832222220
0832222222
0832222249
0832224168
0832226167
0832229171
0832229352
0832248951
0832249711
0832280087
0832281234
0832291384
0832325015
0832327136
0832334413
0832344410
0832344735
0832346501
0832346528
0832348266
0832369154
0832380704
0832386422
0832442935
0832460826
0832461106
0832461861
0832462181
0832464368
0832469952
0832478467
0832481327
0832489625
0832492016
0832497844
0832501958
0832504289
0832514600
0832531804
0832539988
0832543993
0832560907
0832563628
0832568299
0832574553
0832591718
0832601586
0832612383
0832614998
0832622022
0832637048
0832643900
0832645464
0832658163
0832660824
0832676100
0832676668
0832686066
0832693078
0832697819
0832698395
0832714327
0832733062
0832747735
0832758864
0832772550
0832782410
0832783234
0832808666
0832821489
0832834897
0832843342
0832850806
0832852100
0832876316
0832887876
0832897174
0832908053
0832933312
0832935397
0832953198
0832957536
0832964585
0832968378
0832978716
0833013488
0833047856
0833050420
0833061330
0833063325
0833082248
0833084947
0833095844
0833098438
0833102852
0833110107
0833129027
0833130174
0833131987
0833147150
0833148673
0833160800
0833184601
0833190337
0833207407
0833214177
0833231530
0833234639
0833238888
0833239612
0833239868
0833280223
0833284215
0833304399
0833305163
0833311192
0833316911
0833330076
0833333330
0833333333
0833335106
0833336191
0833337159
0833337852
0833338177
0833346999
0833347787
0833359241
0833360485
0833369320
0833384205
0833390288
0833392713
0833403780
0833403824
0833417230
0833438891
0833443641
0833448100
0833450642
0833454993
0833457324
0833457681
0833459117
0833463574
0833486097
0833501659
0833509496
0833532269
0833538690
0833540848
0833550224
0833557951
0833561881
0833567350
0833576479
0833577223
0833578482
0833578905
0833578964
0833579997
0833600170
0833604882
0833608983
0833613839
0833617389
0833639222
0833639506
0833659307
0833682303
0833688224
0833689300
0833690493
0833694286
0833712202
0833718461
0833720001
0833727026
0833728860
0833753459
0833761931
0833776046
0833784371
0833794317
0833819633
0833820355
0833822650
0833835192
0833846552
0833852284
0833867200
0833881600
0833882408
0833888334
0833896530
0833909320
0833926399
0833983043
0833990103
0833991384
0834000862
0834002230
0834021050
0834021875
0834050457
0834066698
0834067084
0834069132
0834077242
0834089438
0834097925
0834100850
0834105067
0834120114
0834124845
0834132354
0834133686
0834147546
0834150154
0834152851
0834157794
0834165266
0834169678
0834181805
0834183748
0834192431
0834206034
0834206929
0834210213
0834211219
0834221825
0834243264
0834252963
0834254140
0834280045
0834280646
0834283988
0834288849
0834289522
0834290304
0834299303
0834307854
0834331478
0834339436
0834344053
0834352894
0834359205
0834362803
0834374872
0834377199
0834386861
0834390047
0834397762
0834400262
0834404857
0834406570
0834414234
0834421159
0834423398
0834424855
0834441247
0834442137
0834442276
0834444440
0834444444
0834445042
0834445325
0834447644
0834454833
0834455961
0834460564
0834464306
0834492000
0834494297
0834494799
0834512568
0834513353
0834516711
0834526661
0834549912
0834550508
0834553745
0834558526
0834560639
0834560953
0834561371
0834561774
0834563814
0834564680
0834566591
0834567256
0834567403
0834581500
0834585545
0834586753
0834599075
0834603789
0834606376
0834607460
0834636916
0834640598
0834645893
0834649247
0834665074
0834670736
0834676186
0834685941
0834686624
0834702803
0834702839
0834714499
0834723037
0834726857
0834739799
0834741329
0834743582
0834748388
0834766348
0834789305
0834789687
0834818938
0834823793
0834833026
0834833697
0834843971
0834849286
0834849462
0834861268
0834875595
0834883841
0834884391
0834888001
0834905152
0834909630
0834927384
0834938622
0834943769
0834961495
0834981519
0834981928
0835008838
0835035267
0835041349
0835047277
0835053288
0835054531
0835076926
0835085945
0835096144
0835103667
0835108093
0835111024
0835115078
0835117663
0835132645
0835133030
0835138119
0835144709
0835151702
0835156953
0835163144
0835195258
0835207434
0835243213
0835244390
0835254978
0835255486
0835258280
0835259833
0835271228
0835275820
0835280438
0835281151
0835289022
0835291755
0835293710
0835297068
0835305787
0835308625
0835335496
0835337936
0835343673
0835345819
0835346915
0835351742
0835356318
0835358716
0835360486
0835396338
0835404143
0835414636
0835417713
0835422666
0835423807
0835434111
0835449170
0835472651
0835512375
0835516540
0835519950
0835549174
0835549852
0835551321
0835554297
0835555203
0835555258
0835555550
0835555555
0835556814
0835559623
0835568591
0835576412
0835576792
0835583473
0835591660
0835603831
0835610476
0835618102
0835622442
0835627295
0835631310
0835636753
0835641836
0835656665
0835657153
0835661521
0835670026
0835670393
0835671021
0835675990
0835676809
0835679349
0835686297
0835715577
0835741127
0835751197
0835762432
0835771715
0835774584
0835778999
0835780140
0835816216
0835827664
0835834551
0835861243
0835880093
0835903421
0835914471
0835932159
0835954483
0835960576
0835967011
0835969037
0835971733
0835986066
0835986763
0835991545
0836023257
0836052749
0836055360
0836059840
0836067587
0836067668
0836096305
0836117721
0836150609
0836157445
0836160729
0836161638
0836184903
0836220086
0836220128
0836227378
0836233601
0836237325
0836238509
0836240499
0836299311
0836302657
0836309736
0836329362
0836336464
0836357199
0836364101
0836373896
0836376146
0836426865
0836438007
0836447912
0836459160
0836459639
0836463129
0836463288
0836512240
0836512770
0836546310
0836550130
0836558482
0836576564
0836579315
0836600468
0836614693
0836615530
0836619743
0836631239
0836641604
0836662173
0836663104
0836666030
0836666090
0836666660
0836666666
0836668005
0836686474
0836702460
0836723570
0836743285
0836750835
0836753540
0836783859
0836785315
0836785855
0836786287
0836787055
0836806223
0836826305
0836857332
0836857941
0836863053
0836891120
0836901054
0836926031
0836929963
0836941739
0836969958
0836976959
0836979536
0836981115
0836994035
0836995354
0836995789
0836996843
0837001631
0837002254
0837011521
0837022165
0837026879
0837038088
0837069725
0837074426
0837107155
0837113185
0837113850
0837128981
0837142754
0837145922
0837164316
0837164661
0837165061
0837176467
0837177833
0837179309
0837197023
0837198779
0837203239
0837204154
0837217838
0837226654
0837226676
0837228468
0837233459
0837237921
0837249386
0837252424
0837254951
0837258463
0837261120
0837294280
0837297394
0837298655
0837304211
0837312659
0837320152
0837328561
0837337841
0837339003
0837346927
0837351731
0837355603
0837362353
0837367758
0837381331
0837386512
0837408865
0837436048
0837443264
0837446143
0837450390
0837459449
0837472387
0837482449
0837491493
0837507064
0837510336
0837549647
0837564531
0837604385
0837606659
0837630781
0837639560
0837641978
0837645233
0837647596
0837653296
0837654321
0837654860
0837659383
0837663186
0837681210
0837696163
0837697460
0837703382
0837714260
0837721528
0837730400
0837732338
0837745943
0837762518
0837764192
0837770549
0837771089
0837773738
0837776366
0837777095
0837777770
0837777777
0837778610
0837779672
0837784950
0837794330
0837796167
0837852633
0837855915
0837861865
0837878712
0837882921
0837891023
0837895128
0837896654
0837898567
0837899195
0837904860
0837920761
0837923385
0837925997
0837936455
0837940012
0837946533
0837953998
0837954718
0837956212
0837963132
0837975175
0837976425
0837989689
0838014089
0838017441
0838021850
0838022268
0838032734
0838032797
0838053508
0838054131
0838056646
0838058694
0838059019
0838067637
0838072541
0838072724
0838074373
0838131500
0838144508
0838157883
0838167570
0838179918
0838188500
0838193560
0838195618
0838204067
0838206997
0838216543
0838247557
0838262963
0838263915
0838270762
0838274505
0838280891
0838286981
0838292772
0838294222
0838323086
0838325010
0838326898
0838344156
0838345293
0838348993
0838350697
0838357028
0838363814
0838373815
0838393095
0838409848
0838409922
0838411352
0838411560
0838414095
0838414322
0838458963
0838473178
0838504901
0838513299
0838516050
0838516262
0838523600
0838541066
0838565488
0838586669
0838586840
0838600449
0838614621
0838645444
0838650647
0838657461
0838665706
0838669560
0838671117
0838675682
0838676939
0838680075
0838701511
0838701692
0838704273
0838705828
0838708307
0838717972
0838718624
0838722638
0838722810
0838735485
0838754880
0838758945
0838764794
0838778476
0838788864
0838813173
0838816891
0838855796
0838855837
0838858146
0838872387
0838880386
0838883250
0838884901
0838885252
0838886988
0838888880
0838888888
0838896261
0838903322
0838905777
0838912271
0838965180
0838966733
0838967331
0838987883
0839007161
0839017165
0839028028
0839031469
0839050305
0839064697
0839067804
0839076116
0839083630
0839089718
0839093132
0839097498
0839098139
0839100199
0839113964
0839118137
0839125639
0839128276
0839146883
0839156480
0839159524
0839161197
0839172692
0839180152
0839189230
0839190915
0839204337
0839209382
0839212245
0839213588
0839213727
0839217953
0839222778
0839232556
0839265628
0839287529
0839299269
0839300081
0839302614
0839317233
0839338714
0839349986
0839361384
0839362586
0839363744
0839366129
0839381684
0839392091
0839392476
0839395399
0839398126
0839412090
0839422357
0839426269
0839452271
0839457810
0839465750
0839468710
0839481787
0839496701
0839500556
0839510148
0839510267
0839510610
0839525049
0839527923
0839552793
0839557467
0839564138
0839584116
0839586524
0839587598
0839588032
0839591655
0839597188
0839599439
0839602719
0839630347
0839632263
0839651026
0839654741
0839656571
0839658069
0839659875
0839670953
0839674370
0839680065
0839688589
0839694090
0839696220
0839701671
0839706514
0839728160
0839735096
0839760545
0839760923
0839761994
0839763974
0839766128
0839776129
0839777383
0839780779
0839796830
0839803081
0839831322
0839833941
0839849542
0839855320
0839857998
0839861210
0839868900
0839875091
0839882471
0839894215
0839894401
0839895210
0839895303
0839901240
0839904503
0839913843
0839929613
0839929804
0839932460
0839950514
0839964771
0839978864
0839982203
0839991281
0839994025
0839994598
0839994729
0839996083
0839996173
0839996704
0839999990
0839999999
0840000000
0840000575
0840001921
0840004448
0840006763
0840007698
0840012397
0840016597
0840020326
0840045732
0840054863
0840060134
0840061487
0840078461
0840087681
0840098405
0840100853
0840104985
0840107342
0840108103
0840114669
0840160555
0840174028
0840182127
0840190748
0840198435
0840212383
0840214631
0840216268
0840227582
0840229154
0840229328
0840232679
0840242662
0840252844
0840259586
0840262890
0840267569
0840277704
0840292541
0840298560
0840325703
0840331179
0840334316
0840345756
0840348308
0840351640
0840364556
0840368032
0840369420
0840370468
0840373416
0840390924
0840394304
0840400298
0840402141
0840407101
0840419967
0840431354
0840440732
0840446669
0840453064
0840458172
0840460844
0840462748
0840474404
0840487191
0840488472
0840502385
0840503546
0840522482
0840533615
0840548058
0840550140
0840550935
0840589462
0840605101
0840611177
0840614923
0840639999
0840654937
0840661829
0840672196
0840678298
0840678551
0840686828
0840690841
0840696145
0840722362
0840722857
0840761530
0840769752
0840774901
0840791928
0840852423
0840865166
0840866440
0840871320
0840872383
0840895937
0840902079
0840916449
0840927385
0840931856
0840948691
0840952881
0840952916
0840954596
0840977757
0840977775
0841007193
0841019582
0841021013
0841030350
0841035339
0841037577
0841054420
0841064583
0841072701
0841074205
0841089194
0841096346
0841102016
0841110386
0841111110
0841111111
0841113051
0841116588
0841118445
0841119169
0841141801
0841162464
0841164723
0841167571
0841173916
0841184228
0841187854
0841195106
0841231461
0841231620
0841233813
0841234500
0841234567
0841236661
0841237063
0841241015
0841241671
0841246011
0841285018
0841286158
0841295574
0841306249
0841317348
0841319953
0841324805
0841328691
0841328715
0841350717
0841352179
0841353789
0841355454
0841358364
0841359029
0841374783
0841378551
0841392323
0841394321
0841397522
0841408646
0841412041
0841418825
0841424159
0841433706
0841446556
0841459351
0841461495
0841467924
0841495167
0841540933
0841549902
0841566626
0841574972
0841582958
0841596603
0841596896
0841599829
0841602318
0841603665
0841612949
0841651448
0841656898
0841661481
0841676634
0841691735
0841718814
0841725760
0841728967
0841729507
0841743182
0841782902
0841785152
0841809554
0841819240
0841844016
0841848437
0841852070
0841858419
0841860442
0841882082
0841887867
0841892725
0841895373
0841901782
0841914445
0841921518
0841928265
0841944305
0841959775
0841964088
0841965891
0841977578
0841995888
0841998791
0842013743
0842014745
0842062947
0842075411
0842091683
0842091834
0842100477
0842105659
0842107059
0842109671
0842122972
0842127408
0842130035
0842137875
0842153482
0842206392
0842208641
0842210564
0842220479
0842220824
0842222220
0842222222
0842224319
0842224401
0842225650
0842227564
0842227828
0842238139
0842239772
0842248825
0842254611
0842264395
0842275104
0842287150
0842294782
0842303043
0842325418
0842328037
0842329875
0842340957
0842341606
0842345784
0842345812
0842345939
0842346841
0842368336
0842386449
0842391420
0842391777
0842397511
0842405061
0842420365
0842447878
0842452203
0842454762
0842461426
0842465448
0842466075
0842469257
0842469384
0842476774
0842501653
0842502402
0842503384
0842513311
0842536101
0842542336
0842557291
0842562293
0842564614
0842573085
0842573980
0842581675
0842589948
0842591644
0842591648
0842616787
0842616830
0842621020
0842626483
0842629894
0842632191
0842670373
0842709171
0842714558
0842717818
0842718874
0842735257
0842756989
0842763784
0842764890
0842764961
0842776267
0842783596
0842784184
0842794403
0842797320
0842808132
0842827613
0842829317
0842868335
0842877065
0842884867
0842910924
0842919203
0842946413
0842946465
0842957245
0842965399
0842971926
0842976749
0842976803
0842977060
0842991791
0843010425
0843021460
0843022302
0843026280
0843043943
0843061013
0843063951
0843073750
0843075289
0843076747
0843083174
0843086440
0843088729
0843092874
0843107005
0843117135
0843118123
0843124300
0843147703
0843151126
0843169827
0843171041
0843172441
0843174687
0843181798
0843184058
0843188180
0843190742
0843224362
0843233129
0843256294
0843262730
0843264971
0843281236
0843290812
0843291262
0843295798
0843297804
0843299414
0843330448
0843332945
0843332985
0843333330
0843333333
0843335675
0843337163
0843339761
0843366284
0843369509
0843413663
0843417327
0843420271
0843424700
0843431136
0843450105
0843452179
0843453610
0843453838
0843455956
0843457242
0843474573
0843477255
0843485411
0843510419
0843518349
0843522594
0843544613
0843544719
0843557086
0843559469
0843563833
0843563892
0843571486
0843572724
0843576448
0843577581
0843579529
0843584790
0843589952
0843597485
0843599182
0843620171
0843629563
0843633049
0843642135
0843647064
0843661431
0843662140
0843674500
0843682516
0843704902
0843720508
0843730119
0843730550
0843732243
0843749061
0843752545
0843756607
0843758554
0843763283
0843770885
0843812350
0843814846
0843823806
0843847811
0843861889
0843867551
0843883280
0843892931
0843894659
0843917236
0843958496
0843960420
0843960676
0843963882
0843975754
0843975807
0843982391
0843987428
0843989421
0843989607
0843996726
0843999088
0844029077
0844049614
0844060305
0844072082
0844083934
0844091625
0844112176
0844130867
0844138127
0844143511
0844144577
0844146324
0844155937
0844158579
0844164411
0844164496
0844173551
0844175802
0844180349
0844188521
0844206723
0844212414
0844227439
0844262760
0844273242
0844278783
0844289622
0844292712
0844311425
0844316407
0844331320
0844334078
0844335402
0844355288
0844369266
0844411464
0844416445
0844435604
0844441152
0844444440
0844444444
0844445975
0844449386
0844449496
0844449584
0844473385
0844489111
0844491237
0844501075
0844505345
0844511215
0844518471
0844531667
0844535679
0844536743
0844537062
0844547891
0844549494
0844554584
0844557738
0844560056
0844560138
0844561104
0844562417
0844563185
0844567298
0844568825
0844569480
0844597941
0844600033
0844602789
0844641489
0844645180
0844647123
0844647591
0844663361
0844668131
0844672872
0844678644
0844692359
0844693494
0844703131
0844709154
0844716266
0844733424
0844745220
0844786428
0844788433
0844788874
0844796206
0844798726
0844800366
0844814257
0844818586
0844825368
0844833515
0844855820
0844865234
0844867858
0844888042
0844916307
0844931207
0844935134
0844959484
0844965715
0844981388
0844992806
0845021358
0845028800
0845033051
0845038346
0845046093
0845054937
0845055559
0845056059
0845074810
0845097103
0845103089
0845107675
0845110875
0845113326
0845117084
0845117647
0845119533
0845120001
0845150509
0845151938
0845156440
0845159163
0845166767
0845186423
0845231162
0845266726
0845300794
0845305142
0845306520
0845318791
0845361475
0845368566
0845368643
0845374558
0845450892
0845452228
0845453446
0845459136
0845465237
0845473166
0845498827
0845499867
0845502810
0845509622
0845513808
0845516090
0845520550
0845525571
0845533300
0845535650
0845542598
0845551216
0845554644
0845555550
0845555555
0845556654
0845557820
0845558188
0845585954
0845622489
0845627618
0845642959
0845646342
0845671806
0845672506
0845674869
0845675807
0845678877
0845679173
0845691544
0845714727
0845716900
0845719763
0845748250
0845751742
0845787459
0845789953
0845793389
0845794319
0845819318
0845823369
0845825160
0845828848
0845844956
0845851367
0845883674
0845890322
0845893132
0845894807
0845900574
0845911836
0845912229
0845928446
0845932515
0845941602
0845949024
0845953957
0845960762
0845961092
0845969786
0845970563
0845977238
0845991433
0846021687
0846022640
0846042312
0846046687
0846068990
0846082672
0846083965
0846084936
0846092790
0846107381
0846111505
0846113369
0846117394
0846124176
0846127205
0846139349
0846168647
0846176864
0846181078
0846183293
0846183692
0846188521
0846193783
0846197854
0846198595
0846199154
0846201737
0846218124
0846223616
0846229614
0846244875
0846267436
0846270065
0846271881
0846276815
0846301118
0846304014
0846309869
0846316891
0846353692
0846356937
0846364365
0846381837
0846394957
0846401724
0846428114
0846437360
0846448152
0846468868
0846470378
0846470820
0846477696
0846490225
0846499541
0846501072
0846501690
0846509727
0846511998
0846514971
0846519370
0846548628
0846560534
0846561881
0846575212
0846577436
0846584098
0846601339
0846602211
0846610978
0846620905
0846626676
0846650499
0846661822
0846661877
0846662105
0846664227
0846664481
0846665122
0846665640
0846666660
0846666666
0846682021
0846692298
0846711803
0846719503
0846745865
0846769033
0846777776
0846778575
0846780923
0846783008
0846784869
0846785789
0846786030
0846786654
0846786716
0846794573
0846834511
0846844741
0846845419
0846846731
0846848333
0846850708
0846855289
0846861917
0846877304
0846885697
0846889089
0846903695
0846931665
0846934676
0846940628
0846948275
0846961573
0846971691
0846972706
0846982000
0846986945
0846991826
0846993620
0847016880
0847040874
0847077406
0847081244
0847084821
0847094738
0847097203
0847098692
0847100798
0847112336
0847116552
0847147640
0847157180
0847176895
0847178369
0847194092
0847209945
0847214350
0847215493
0847220894
0847224381
0847230278
0847250695
0847258623
0847261078
0847261197
0847273734
0847277456
0847294081
0847299821
0847323347
0847324367
0847324847
0847329570
0847340338
0847344677
0847377825
0847379428
0847404854
0847406242
0847424503
0847434824
0847438153
0847441008
0847441842
0847444680
0847469349
0847504051
0847510004
0847517395
0847529701
0847533634
0847535699
0847537572
0847539170
0847545202
0847548141
0847568768
0847575969
0847588035
0847589231
0847590189
0847591642
0847626770
0847635740
0847646423
0847647268
0847654321
0847656121
0847674726
0847701380
0847708267
0847713098
0847714261
0847717183
0847721749
0847723681
0847733766
0847735361
0847750942
0847773032
0847773084
0847773498
0847773580
0847777770
0847777777
0847778942
0847783363
0847793337
0847797286
0847819376
0847820896
0847821138
0847829807
0847831219
0847835229
0847835901
0847839418
0847839439
0847842087
0847849770
0847866043
0847866369
0847877013
0847890870
0847892840
0847894416
0847894794
0847898383
0847898850
0847899103
0847902530
0847910567
0847936420
0847937425
0847945894
0847963471
0847966367
0847973796
0847986608
0847992833
0847999696
0848004089
0848012626
0848049933
0848062021
0848073823
0848093909
0848103881
0848112842
0848123241
0848124196
0848146881
0848162925
0848168432
0848169437
0848204081
0848208428
0848208683
0848209260
0848210142
0848218171
0848228256
0848228593
0848244691
0848259841
0848274914
0848277544
0848279741
0848288865
0848291444
0848297774
0848301195
0848314080
0848326689
0848328219
0848328774
0848348923
0848377413
0848406102
0848406181
0848410863
0848428358
0848433402
0848435022
0848438193
0848446000
0848479359
0848510591
0848516174
0848522624
0848571301
0848574883
0848586527
0848620225
0848628260
0848692747
0848693345
0848730761
0848732786
0848738648
0848762789
0848769204
0848777134
0848798376
0848809657
0848817007
0848821200
0848822390
0848825771
0848830291
0848831725
0848834128
0848843998
0848848492
0848855355
0848863437
0848881363
0848881396
0848883061
0848883985
0848886051
0848888880
0848888888
0848895229
0848902516
0848915835
0848918308
0848919280
0848927862
0848930465
0848973618
0848979105
0848985055
0848988553
0849022240
0849027708
0849029214
0849031311
0849032832
0849055719
0849056791
0849071874
0849074660
0849092012
0849092869
0849101540
0849108399
0849113636
0849137183
0849145344
0849153905
0849166711
0849191565
0849196649
0849205189
0849218263
0849227581
0849252290
0849259868
0849263339
0849275118
0849278031
0849289227
0849291428
0849299638
0849302745
0849304896
0849321139
0849326822
0849333931
0849342233
0849343079
0849355372
0849359451
0849363016
0849387216
0849397120
0849415928
0849437542
0849440090
0849449466
0849452837
0849469962
0849476040
0849486035
0849491291
0849492739
0849496978
0849506819
0849538389
0849540232
0849550713
0849563951
0849568137
0849592347
0849604747
0849607332
0849607512
0849613354
0849620156
0849622161
0849635463
0849637078
0849651879
0849661798
0849669952
0849673493
0849676754
0849687472
0849706761
0849711606
0849714056
0849716192
0849719155
0849720912
0849724423
0849755581
0849779628
0849783665
0849805794
0849832524
0849845730
0849848496
0849851895
0849869748
0849873628
0849878239
0849882868
0849885189
0849888372
0849898436
0849901554
0849921478
0849929676
0849934639
0849935730
0849938872
0849945744
0849973081
0849985287
0849985542
0849991068
0849993040
0849994147
0849994331
0849995863
0849995907
0849998159
0849999776
0849999990
0849999999
0850000000
0850001067
0850003427
0850003518
0850004419
0850005926
0850008731
0850011969
0850018467
0850027118
0850027714
0850035307
0850035531
0850037240
0850038088
0850049234
0850063801
0850073050
0850139619
0850145826
0850150244
0850175196
0850182183
0850185972
0850190302
0850202783
0850221784
0850227848
0850235114
0850238468
0850250241
0850259570
0850259846
0850265535
0850268930
0850279486
0850284394
0850287245
0850308199
0850310654
0850318883
0850322401
0850324620
0850325935
0850336521
0850350574
0850352679
0850363324
0850370132
0850371464
0850387793
0850390646
0850396679
0850397818
0850401453
0850413443
0850414136
0850418137
0850438492
0850439249
0850444909
0850452533
0850455719
0850456428
0850478213
0850479232
0850483631
0850486687
0850487511
0850497084
0850529513
0850530614
0850531151
0850537275
0850545343
0850548343
0850564673
0850564725
0850568645
0850626425
0850633733
0850659349
0850660332
0850709958
0850719356
0850726359
0850738219
0850742202
0850770370
0850775219
0850781316
0850783827
0850787032
0850793164
0850804606
0850809944
0850812763
0850819322
0850824315
0850828003
0850837923
0850848089
0850867254
0850869847
0850872619
0850875185
0850878522
0850881641
0850898202
0850918399
0850942144
0850945742
0850974535
0850990138
0850993702
0851010539
0851012478
0851022506
0851036292
0851038721
0851058883
0851062693
0851074192
0851080980
0851084554
0851093303
0851098132
0851109905
0851110523
0851111110
0851111111
0851114606
0851115326
0851116112
0851116763
0851119090
0851121586
0851153513
0851172325
0851183829
0851205441
0851212557
0851227245
0851232618
0851234500
0851234567
0851235176
0851236197
0851237722
0851239767
0851248927
0851255507
0851262498
0851269656
0851292787
0851293968
0851299754
0851309156
0851317047
0851337112
0851350062
0851351715
0851353269
0851358113
0851358529
0851359085
0851359633
0851367107
0851390797
0851397899
0851399039
0851401103
0851409718
0851416647
0851420521
0851446528
0851452757
0851457352
0851460371
0851471758
0851476801
0851491670
0851517468
0851522479
0851527390
0851537929
0851546625
0851547637
0851567926
0851569657
0851570114
0851577418
0851629660
0851640509
0851643171
0851652862
0851656636
0851658648
0851673738
0851678110
0851685285
0851688453
0851694461
0851704371
0851718378
0851722714
0851745512
0851780088
0851787752
0851791567
0851793237
0851796933
0851800635
0851823922
0851836682
0851849460
0851851589
0851856345
0851858909
0851860087
0851873633
0851881468
0851892053
0851899018
0851909515
0851917126
0851920323
0851945454
0851946540
0851965378
0851977854
0851981760
0851990561
0851991927
0851997138
0852005705
0852008600
0852025831
0852042535
0852045357
0852051843
0852070329
0852079758
0852081885
0852082454
0852099022
0852110406
0852110920
0852121816
0852132030
0852135689
0852144790
0852164490
0852189273
0852196653
0852197423
0852210392
0852214430
0852222220
0852222222
0852224418
0852226119
0852226863
0852227787
0852228549
0852228747
0852232481
0852237832
0852245600
0852263459
0852266197
0852269891
0852278348
0852279558
0852286638
0852318762
0852342187
0852344411
0852348540
0852349079
0852349418
0852349891
0852352251
0852357754
0852365879
0852373880
0852384872
0852400180
0852424846
0852435576
0852452673
0852462009
0852463976
0852464412
0852466396
0852468759
0852488579
0852508458
0852510893
0852511713
0852512418
0852520739
0852522081
0852525093
0852528648
0852554481
0852587067
0852593015
0852616374
0852636343
0852640718
0852664437
0852674124
0852680044
0852685175
0852691105
0852701507
0852722777
0852731907
0852738702
0852743336
0852761631
0852774264
0852783823
0852792278
0852809610
0852831286
0852831780
0852834242
0852842085
0852846214
0852847215
0852853606
0852855001
0852855124
0852867781
0852872438
0852874422
0852925850
0852956736
0852958546
0852965177
0852999107
0853016280
0853030690
0853060090
0853060151
0853069807
0853070101
0853072799
0853080838
0853087714
0853093813
0853110749
0853122247
0853123162
0853124150
0853127126
0853128552
0853140140
0853150678
0853155623
0853160889
0853162060
0853168411
0853172780
0853177971
0853191348
0853203860
0853226914
0853236641
0853243844
0853244276
0853245275
0853251708
0853303163
0853307007
0853329246
0853330521
0853330761
0853333330
0853333333
0853333482
0853335456
0853336891
0853337548
0853339196
0853342731
0853379660
0853389152
0853399637
0853401218
0853403212
0853411662
0853418867
0853423218
0853427488
0853429907
0853432587
0853435313
0853435365
0853443794
0853450427
0853450430
0853451621
0853454378
0853454397
0853459650
0853472937
0853482820
0853518045
0853522662
0853524730
0853531306
0853532558
0853535824
0853553317
0853572049
0853574693
0853576736
0853578093
0853579226
0853580994
0853581350
0853585915
0853607505
0853621116
0853629252
0853650599
0853657576
0853670331
0853672270
0853686877
0853688157
0853712129
0853749753
0853751599
0853753960
0853778592
0853781114
0853809357
0853844717
0853845055
0853875133
0853885655
0853891607
0853910865
0853911683
0853914311
0853948496
0853959120
0853994609
0853998335
0854006131
0854029331
0854033341
0854034329
0854043102
0854052874
0854058407
0854064748
0854067458
0854071329
0854074297
0854078104
0854095031
0854101904
0854102352
0854116755
0854134369
0854142397
0854142789
0854143971
0854159089
0854161566
0854171063
0854174992
0854178765
0854179396
0854228121
0854228421
0854235239
0854238750
0854246054
0854252525
0854268613
0854292471
0854302683
0854331730
0854339058
0854346875
0854347358
0854360044
0854380492
0854384522
0854389554
0854432808
0854433336
0854435662
0854440282
0854440908
0854441257
0854442112
0854444440
0854444444
0854445714
0854448829
0854449039
0854449794
0854459340
0854462116
0854490873
0854512004
0854514770
0854519272
0854525914
0854553003
0854556637
0854561368
0854562943
0854567537
0854568039
0854569938
0854597460
0854618594
0854622235
0854623309
0854626901
0854627253
0854633572
0854635659
0854643321
0854659423
0854669832
0854701562
0854713031
0854722796
0854731165
0854746573
0854755650
0854761043
0854766052
0854772727
0854778808
0854780779
0854783762
0854785741
0854805680
0854811848
0854815720
0854821083
0854829559
0854831942
0854841584
0854841901
0854855688
0854858391
0854865758
0854873931
0854875516
0854876808
0854890624
0854890998
0854919313
0854921296
0854931772
0854943036
0854951570
0854951822
0854958411
0854975742
0854982164
0854987966
0855015131
0855015929
0855021406
0855027710
0855049490
0855053110
0855057102
0855062497
0855077288
0855087310
0855123775
0855130142
0855147558
0855151727
0855155715
0855161928
0855180587
0855184848
0855217008
0855218025
0855218345
0855247364
0855254039
0855266249
0855274860
0855276245
0855298476
0855301097
0855326642
0855330732
0855352057
0855366459
0855373745
0855379450
0855383023
0855416145
0855435329
0855438711
0855441120
0855465679
0855496742
0855497102
0855497666
0855505271
0855522921
0855526141
0855530631
0855534746
0855551924
0855552327
0855553544
0855555550
0855555555
0855555853
0855556561
0855565610
0855575598
0855592256
0855601710
0855609002
0855609332
0855610908
0855612300
0855616888
0855626759
0855644119
0855648945
0855653093
0855657285
0855670189
0855670711
0855672090
0855673622
0855674394
0855677891
0855698407
0855711339
0855717230
0855719570
0855723728
0855726767
0855732877
0855749769
0855763111
0855767870
0855799166
0855807016
0855819151
0855824888
0855828068
0855830925
0855838330
0855846150
0855854855
0855855395
0855860115
0855880659
0855897837
0855910061
0855910536
0855914700
0855916558
0855921232
0855925479
0855927392
0855947751
0855970193
0855976811
0855982567
0855986285
0855989810
0856029146
0856039799
0856045447
0856047441
0856058379
0856062924
0856064937
0856071737
0856076646
0856082415
0856103190
0856118627
0856129040
0856157953
0856166381
0856179584
0856192718
0856200577
0856215351
0856220795
0856238060
0856275120
0856284918
0856290411
0856291046
0856306955
0856315035
0856315416
0856324473
0856330491
0856333456
0856339113
0856346772
0856349621
0856358635
0856375101
0856376141
0856380055
0856400745
0856410266
0856412841
0856416569
0856420693
0856422109
0856429251
0856438027
0856441414
0856456151
0856463866
0856467639
0856487199
0856488655
0856501420
0856507100
0856530634
0856546166
0856560196
0856566527
0856594052
0856610319
0856622186
0856631690
0856632585
0856633211
0856643385
0856646549
0856654625
0856662147
0856662230
0856662632
0856664608
0856666660
0856666666
0856667385
0856667911
0856671645
0856711849
0856712132
0856714482
0856722284
0856742522
0856742552
0856747102
0856748900
0856756018
0856765403
0856767154
0856780214
0856784944
0856785193
0856788058
0856788677
0856791874
0856804971
0856807533
0856813644
0856813781
0856814599
0856816747
0856836604
0856842570
0856844652
0856868561
0856887224
0856896397
0856899634
0856907339
0856933829
0856960665
0856990890
0856996827
0857028516
0857034715
0857046008
0857057001
0857094349
0857094610
0857107655
0857115282
0857132142
0857139348
0857144973
0857149290
0857151752
0857176739
0857177985
0857195512
0857200413
0857211132
0857216514
0857226933
0857234416
0857243992
0857262881
0857277814
0857278130
0857283347
0857284351
0857285293
0857300960
0857326413
0857333611
0857360815
0857367401
0857371278
0857371676
0857373203
0857399774
0857400534
0857415988
0857428314
0857443626
0857444568
0857449562
0857450722
0857450789
0857454540
0857461946
0857472004
0857473259
0857486973
0857489243
0857495873
0857502382
0857511030
0857530446
0857543998
0857550849
0857554504
0857588204
0857589863
0857591380
0857644515
0857645719
0857654321
0857667551
0857682491
0857683057
0857684445
0857687231
0857708472
0857714285
0857715549
0857752353
0857752532
0857756050
0857765891
0857767556
0857770459
0857771073
0857774817
0857776623
0857777770
0857777777
0857779000
0857817629
0857829901
0857845232
0857859361
0857859961
0857865509
0857871082
0857879797
0857880173
0857883420
0857894831
0857895113
0857896356
0857897414
0857897868
0857898735
0857908869
0857913701
0857945598
0857953346
0857956749
0857958365
0857960616
0857962920
0858034699
0858035741
0858040926
0858047587
0858073325
0858073331
0858081040
0858089539
0858108209
0858129117
0858141931
0858165292
0858171218
0858179585
0858211720
0858212424
0858215340
0858216781
0858219019
0858219440
0858224541
0858234232
0858242478
0858254198
0858265268
0858273106
0858281345
0858283606
0858289030
0858295241
0858297782
0858310790
0858319626
0858340080
0858342240
0858364129
0858370398
0858379349
0858387537
0858402831
0858411547
0858418865
0858422959
0858427893
0858430968
0858432015
0858454333
0858457622
0858457666
0858459546
0858481072
0858491046
0858500175
0858501000
0858501701
0858502166
0858503217
0858537108
0858557299
0858574999
0858576606
0858588065
0858594556
0858595516
0858616643
0858635019
0858659871
0858660952
0858682401
0858692996
0858713519
0858713584
0858720698
0858727817
0858729191
0858739306
0858746853
0858760425
0858768223
0858779851
0858780659
0858793922
0858794332
0858794352
0858821755
0858821928
0858825236
0858838634
0858840004
0858852947
0858858279
0858865962
0858866355
0858875569
0858881308
0858883058
0858884273
0858887022
0858888165
0858888880
0858888888
0858889770
0858916040
0858941397
0858947763
0858948272
0858985202
0859030282
0859039687
0859040485
0859040716
0859050865
0859055132
0859055699
0859056097
0859080489
0859091529
0859095212
0859113186
0859115906
0859118708
0859118889
0859127608
0859139091
0859154333
0859167896
0859190877
0859199135
0859199577
0859230471
0859245978
0859249125
0859298812
0859312771
0859323178
0859333330
0859341504
0859365124
0859368426
0859391911
0859394191
0859409909
0859421719
0859423039
0859423742
0859424092
0859426956
0859437837
0859451400
0859457236
0859467977
0859468410
0859468511
0859472758
0859480277
0859480533
0859483973
0859487702
0859512965
0859522047
0859541518
0859557384
0859566660
0859571115
0859579615
0859590533
0859590938
0859597482
0859602643
0859611146
0859612968
0859620581
0859623885
0859625765
0859629040
0859652476
0859653470
0859657907
0859680025
0859689736
0859691018
0859703019
0859709315
0859710765
0859712867
0859715356
0859727690
0859737193
0859758532
0859761735
0859766330
0859783200
0859793318
0859809212
0859820503
0859827367
0859836895
0859871326
0859876190
0859908898
0859917026
0859917912
0859923196
0859928361
0859933791
0859938867
0859947135
0859949544
0859961859
0859988689
0859991963
0859992252
0859993676
0859995006
0859995479
0859998154
0859999617
0859999990
0859999999
0860000000
0860003336
0860003851
0860005661
0860006449
0860007873
0860008511
0860009053
0860009776
0860009788
0860010114
0860030678
0860036867
0860037952
0860046082
0860051380
0860051439
0860055671
0860063147
0860082405
0860084886
0860100692
0860111982
0860132846
0860138650
0860167351
0860172239
0860179448
0860187796
0860236640
0860247023
0860251860
0860265361
0860269365
0860285799
0860295819
0860302306
0860305407
0860305792
0860310113
0860351698
0860355435
0860364733
0860366449
0860370544
0860373016
0860374349
0860378758
0860380362
0860381547
0860384167
0860384755
0860397995
0860398119
0860404474
0860409020
0860433423
0860436138
0860438891
0860442375
0860459797
0860462815
0860469724
0860475902
0860496088
0860516671
0860537981
0860554769
0860576258
0860584284
0860585462
0860587761
0860593302
0860595293
0860654062
0860661032
0860665145
0860693522
0860754579
0860754843
0860754988
0860779646
0860793249
0860794064
0860795168
0860798286
0860825989
0860837275
0860858404
0860858475
0860862376
0860876887
0860924187
0860931597
0860939817
0860946955
0860955010
0860960568
0860967750
0860969626
0860970752
0860977206
0860995003
0861001544
0861003940
0861003952
0861018203
0861022256
0861022826
0861029280
0861069972
0861080970
0861091338
0861092277
0861093045
0861094740
0861111110
0861111111
0861111130
0861112701
0861113251
0861116106
0861116175
0861119434
0861143308
0861147405
0861149042
0861151780
0861160094
0861168800
0861171587
0861179945
0861191002
0861193985
0861197143
0861199421
0861199512
0861217476
0861229442
0861231846
0861233183
0861234332
0861234500
0861234567
0861235494
0861236068
0861238372
0861257358
0861257662
0861257823
0861261924
0861278537
0861285403
0861288280
0861297716
0861310592
0861323954
0861328608
0861329031
0861329605
0861336854
0861338131
0861347454
0861352480
0861352752
0861354397
0861355627
0861356344
0861358619
0861358646
0861361789
0861369588
0861377202
0861387772
0861397117
0861401741
0861415793
0861425826
0861427418
0861433751
0861436774
0861453647
0861458870
0861470891
0861493267
0861501363
0861511440
0861515087
0861520099
0861543768
0861546455
0861547701
0861574920
0861580559
0861584062
0861597403
0861600607
0861627879
0861638074
0861638098
0861641639
0861643658
0861655681
0861656418
0861658573
0861673002
0861677658
0861678411
0861689916
0861697015
0861703200
0861704535
0861706433
0861711841
0861717666
0861717728
0861723332
0861756170
0861778708
0861785451
0861808515
0861810867
0861827699
0861828381
0861832544
0861833753
0861848713
0861872346
0861874513
0861875248
0861881349
0861891764
0861896779
0861897900
0861906192
0861924607
0861926103
0861928725
0861934106
0861935520
0861975120
0861976456
0862007047
0862016026
0862021174
0862023403
0862024230
0862027690
0862029145
0862031728
0862039086
0862049035
0862069240
0862080757
0862082572
0862106210
0862106996
0862124504
0862126635
0862131766
0862165080
0862166050
0862167581
0862169611
0862179004
0862215392
0862216116
0862220095
0862220146
0862222000
0862222220
0862222222
0862225490
0862228103
0862253401
0862258934
0862262822
0862280362
0862280935
0862293595
0862304140
0862305172
0862310640
0862313136
0862321401
0862326754
0862341829
0862342467
0862343612
0862344742
0862349581
0862357202
0862364704
0862378759
0862388922
0862394090
0862394796
0862394996
0862400840
0862402406
0862403548
0862411729
0862420161
0862427821
0862453926
0862456265
0862459830
0862459836
0862461784
0862465380
0862467363
0862469292
0862469841
0862472950
0862482838
0862483185
0862485661
0862488695
0862526499
0862539861
0862556195
0862562535
0862562544
0862605661
0862618588
0862623212
0862626628
0862633619
0862639865
0862644791
0862649058
0862660211
0862661455
0862676663
0862686663
0862693356
0862697558
0862697948
0862711107
0862716881
0862733804
0862751335
0862772520
0862790618
0862794250
0862813289
0862822941
0862831762
0862835585
0862842707
0862847123
0862848921
0862875917
0862892247
0862898286
0862913246
0862931789
0862942321
0862945148
0862949091
0862980013
0862988803
0862995161
0862996646
0862998205
0863028965
0863029532
0863039638
0863042659
0863060828
0863066229
0863066711
0863068817
0863084620
0863084988
0863098055
0863186126
0863215620
0863253436
0863263574
0863265890
0863269175
0863273173
0863297834
0863301028
0863302445
0863313121
0863328747
0863332771
0863332793
0863333330
0863333333
0863333690
0863336095
0863336900
0863352917
0863372731
0863378993
0863380012
0863386494
0863387397
0863392115
0863403199
0863422714
0863427530
0863439566
0863446528
0863450393
0863452066
0863452845
0863454221
0863458578
0863472679
0863492567
0863504259
0863508065
0863511804
0863526769
0863549497
0863553685
0863570947
0863573025
0863575286
0863575882
0863577008
0863578346
0863580093
0863588894
0863591467
0863591931
0863593647
0863639324
0863641827
0863646649
0863651197
0863660635
0863662029
0863664875
0863673110
0863676085
0863721340
0863722875
0863743684
0863751780
0863765479
0863765929
0863772819
0863784143
0863799474
0863817053
0863829232
0863829876
0863843339
0863856165
0863879505
0863890525
0863892764
0863896007
0863919833
0863937461
0863950267
0863957244
0863967330
0863971370
0863974569
0863993419
0864039187
0864056923
0864061619
0864063964
0864081024
0864097266
0864106771
0864115999
0864129856
0864133236
0864149359
0864174929
0864176802
0864180118
0864187878
0864203008
0864212128
0864217196
0864220965
0864225878
0864288163
0864293751
0864307433
0864309024
0864315781
0864316933
0864333324
0864333514
0864348676
0864351830
0864404437
0864410809
0864422381
0864424850
0864430553
0864431895
0864435853
0864440799
0864441467
0864444109
0864444440
0864444444
0864444978
0864447069
0864447220
0864447513
0864463973
0864475993
0864478644
0864483472
0864491444
0864495672
0864500129
0864505295
0864505390
0864511915
0864530298
0864541226
0864543947
0864551640
0864561405
0864562127
0864564329
0864565840
0864567875
0864568466
0864571919
0864603597
0864605240
0864606339
0864623375
0864634292
0864636854
0864638035
0864690782
0864701640
0864702145
0864705398
0864709395
0864715356
0864759572
0864762921
0864797985
0864819175
0864820168
0864822317
0864825156
0864845288
0864856243
0864870892
0864880138
0864880274
0864889996
0864894516
0864900712
0864908508
0864920733
0864928097
0864941156
0864950653
0864959988
0864968980
0864989434
0865010757
0865017727
0865028173
0865047867
0865049636
0865068733
0865069122
0865071880
0865073080
0865073137
0865079141
0865080160
0865090362
0865121952
0865124839
0865125189
0865136753
0865143706
0865155755
0865165638
0865186099
0865193617
0865194864
0865198250
0865206350
0865217834
0865223709
0865224823
0865232994
0865234173
0865242273
0865248975
0865252439
0865261262
0865277789
0865289652
0865299306
0865319431
0865358029
0865366620
0865387529
0865397897
0865399866
0865417059
0865421529
0865423767
0865426975
0865446004
0865447167
0865447912
0865449921
0865467430
0865477160
0865483686
0865495018
0865505101
0865517422
0865530738
0865533556
0865535001
0865551186
0865553222
0865553342
0865554172
0865555550
0865555555
0865559135
0865561639
0865565145
0865576643
0865595699
0865600308
0865608644
0865614718
0865615738
0865616866
0865627203
0865628684
0865641620
0865661773
0865674483
0865674871
0865675216
0865675319
0865676747
0865679922
0865703862
0865710099
0865713046
0865722105
0865722140
0865722747
0865724030
0865755503
0865769493
0865788912
0865807733
0865828892
0865837097
0865850182
0865850821
0865861087
0865869432
0865879498
0865906271
0865917431
0865921126
0865924445
0865940745
0865949631
0865953075
0865961942
0865974696
0865976085
0865983714
0865987810
0866011273
0866028770
0866039156
0866042378
0866062886
0866064877
0866071938
0866081950
0866084485
0866125983
0866130032
0866137056
0866154114
0866161865
0866163940
0866173279
0866181709
0866186069
0866197254
0866201849
0866211231
0866231409
0866237560
0866247165
0866249014
0866252746
0866254249
0866267850
0866281864
0866297063
0866308094
0866310320
0866310408
0866321828
0866402392
0866410346
0866414944
0866423667
0866427298
0866435694
0866437650
0866444678
0866449826
0866467231
0866491416
0866496853
0866509981
0866511576
0866513537
0866515301
0866515679
0866547252
0866554491
0866582623
0866584077
0866606297
0866607862
0866627541
0866628822
0866639048
0866646241
0866661973
0866663653
0866664473
0866664723
0866665464
0866666660
0866666666
0866667641
0866670847
0866675212
0866681578
0866685259
0866694095
0866719088
0866730515
0866737852
0866753657
0866757675
0866757757
0866762032
0866766324
0866774990
0866780667
0866780835
0866786920
0866789591
0866789742
0866796318
0866801073
0866827460
0866836925
0866848725
0866851109
0866855815
0866858293
0866865339
0866870841
0866906560
0866933695
0866953208
0866959078
0866978753
0866996237
0867000238
0867013701
0867016758
0867030052
0867044980
0867049934
0867054167
0867055208
0867066710
0867078184
0867084053
0867090278
0867112975
0867129504
0867138423
0867144118
0867150260
0867155506
0867156393
0867190386
0867191653
0867208402
0867209554
0867214192
0867240233
0867283591
0867313937
0867315219
0867321152
0867326501
0867326565
0867326817
0867332132
0867347066
0867369989
0867372761
0867393721
0867397615
0867404375
0867410626
0867429199
0867435622
0867476528
0867477214
0867488953
0867490504
0867532428
0867545819
0867557946
0867568116
0867579523
0867586100
0867597978
0867600163
0867604434
0867608834
0867611938
0867612790
0867617706
0867624948
0867654321
0867655363
0867667998
0867670059
0867676995
0867682478
0867688863
0867695762
0867699678
0867749589
0867749633
0867750700
0867758261
0867773150
0867773283
0867775511
0867777770
0867777777
0867778702
0867778748
0867787324
0867791357
0867798033
0867818393
0867822053
0867833685
0867836782
0867840996
0867849490
0867852758
0867881855
0867890184
0867892083
0867894615
0867896949
0867897506
0867897819
0867904385
0867927664
0867929468
0867933515
0867959508
0867961848
0867962314
0867990660
0867993881
0867997948
0868012633
0868021162
0868022673
0868048692
0868077222
0868108382
0868118832
0868119403
0868123690
0868128913
0868138427
0868157585
0868174334
0868176612
0868177555
0868184500
0868187567
0868230832
0868233978
0868241226
0868242017
0868244912
0868248789
0868250447
0868252542
0868258484
0868259411
0868262578
0868273838
0868280081
0868321284
0868324344
0868325647
0868326446
0868332672
0868341469
0868341546
0868350003
0868366419
0868373326
0868377419
0868393821
0868397085
0868406841
0868412889
0868438108
0868459940
0868466877
0868473909
0868478724
0868479220
0868482563
0868487154
0868495965
0868514294
0868530948
0868537558
0868542989
0868545236
0868547747
0868554925
0868576145
0868580472
0868584934
0868590112
0868611706
0868614438
0868614494
0868625472
0868632840
0868633939
0868636505
0868656523
0868658197
0868664026
0868667477
0868676028
0868683158
0868686262
0868689487
0868708962
0868721696
0868723867
0868732997
0868753776
0868758618
0868770943
0868771778
0868779586
0868789246
0868802741
0868811234
0868817779
0868828931
0868846558
0868862600
0868863900
0868872038
0868880913
0868882706
0868883902
0868884980
0868886259
0868888880
0868888888
0868889534
0868901774
0868920083
0868922663
0868923519
0868924024
0868954493
0868958083
0868962554
0868966282
0868987850
0868992230
0868992414
0869003656
0869004934
0869007253
0869009658
0869032888
0869046168
0869062583
0869066895
0869071648
0869089445
0869089819
0869093645
0869105757
0869133782
0869137219
0869140568
0869152683
0869157072
0869157460
0869163911
0869170224
0869175254
0869177077
0869177847
0869184541
0869195554
0869199802
0869215497
0869247593
0869284663
0869293688
0869301728
0869304750
0869311849
0869330351
0869342180
0869353666
0869355396
0869356316
0869356453
0869360155
0869398610
0869413736
0869416690
0869434091
0869440785
0869452640
0869462726
0869471834
0869480574
0869481735
0869497165
0869504220
0869506328
0869524634
0869532950
0869557419
0869561464
0869568842
0869569366
0869581323
0869598209
0869640778
0869647709
0869648515
0869660564
0869672894
0869694752
0869725081
0869726612
0869739312
0869792793
0869801836
0869804003
0869805257
0869833131
0869837074
0869837513
0869849524
0869850582
0869851955
0869862309
0869864991
0869867972
0869869081
0869882349
0869892580
0869898705
0869906992
0869910518
0869924554
0869932974
0869938261
0869957657
0869961848
0869972964
0869982352
0869984295
0869987838
0869991588
0869991911
0869993635
0869996873
0869997138
0869997633
0869998513
0869999990
0869999999
0870000000
0870000606
0870005155
0870005578
0870006351
0870009267
0870009440
0870015010
0870020187
0870022796
0870032497
0870032629
0870036830
0870043219
0870044626
0870048811
0870068046
0870077117
0870078824
0870087459
0870102254
0870122267
0870129329
0870140863
0870146978
0870154893
0870156247
0870163059
0870168475
0870171612
0870184016
0870232773
0870242573
0870243111
0870245317
0870248925
0870252232
0870273478
0870287362
0870292905
0870293161
0870299835
0870300023
0870318170
0870319080
0870322106
0870327018
0870330195
0870330388
0870344699
0870388267
0870388300
0870396915
0870401666
0870402723
0870408508
0870420800
0870428707
0870439958
0870440276
0870449371
0870454247
0870463232
0870493420
0870496799
0870506420
0870523193
0870523571
0870523713
0870528775
0870530469
0870542665
0870549590
0870568617
0870572842
0870573523
0870580644
0870580840
0870588955
0870591443
0870601748
0870619171
0870630803
0870648281
0870649037
0870687138
0870688860
0870719321
0870726575
0870745116
0870752168
0870762595
0870770535
0870774641
0870776291
0870828957
0870848104
0870851299
0870855109
0870864550
0870866412
0870868129
0870876928
0870893642
0870914249
0870925704
0870926347
0870930944
0870934041
0870941925
0870945464
0870967619
0870970761
0870981557
0870993850
0870994209
0870995561
0871024502
0871026879
0871054457
0871055087
0871055726
0871060656
0871077010
0871078675
0871091507
0871103873
0871107128
0871111110
0871111111
0871113281
0871113952
0871116383
0871116547
0871118072
0871118263
0871119901
0871127472
0871133761
0871144821
0871156311
0871158364
0871166466
0871172144
0871174780
0871184275
0871206975
0871230971
0871234412
0871234500
0871234567
0871234706
0871235880
0871236878
0871237513
0871267802
0871278597
0871282611
0871285263
0871291156
0871292719
0871302240
0871302873
0871303558
0871315863
0871318737
0871319970
0871339013
0871350876
0871351514
0871356626
0871358372
0871359895
0871362306
0871368669
0871375752
0871376512
0871384763
0871393569
0871409929
0871419565
0871440943
0871444508
0871446764
0871456067
0871475643
0871481932
0871498987
0871499407
0871515057
0871524390
0871544681
0871548163
0871554112
0871558121
0871569286
0871596498
0871600171
0871605824
0871628716
0871639285
0871649226
0871654790
0871667871
0871672387
0871694497
0871699359
0871700237
0871706933
0871718135
0871721951
0871728988
0871742147
0871751758
0871760891
0871763570
0871763706
0871806491
0871810040
0871814483
0871821380
0871827446
0871830940
0871839790
0871841442
0871846317
0871867476
0871874708
0871877875
0871899027
0871899482
0871910137
0871915421
0871924963
0871940783
0871942580
0871950453
0871973285
0871988822
0871989230
0871992455
0871993834
0871994023
0871997131
0872013666
0872024476
0872027107
0872027816
0872028346
0872043766
0872044853
0872046140
0872055565
0872060127
0872067794
0872070817
0872087697
0872108939
0872120795
0872124038
0872136245
0872144853
0872159601
0872159845
0872168677
0872169310
0872195612
0872198960
0872206343
0872218433
0872220942
0872221301
0872221497
0872222220
0872222222
0872228315
0872229031
0872230041
0872233593
0872254284
0872255093
0872269801
0872278877
0872281119
0872291392
0872292871
0872301955
0872311364
0872319518
0872341784
0872344944
0872345528
0872346862
0872347628
0872349211
0872364209
0872375712
0872375714
0872379778
0872380367
0872385033
0872399913
0872433025
0872433909
0872439436
0872457776
0872460301
0872460471
0872464116
0872468742
0872469459
0872477952
0872479240
0872482220
0872483311
0872484879
0872496543
0872508862
0872520162
0872532054
0872547196
0872555192
0872557323
0872570574
0872571447
0872580326
0872582126
0872586997
0872598394
0872601124
0872606444
0872609702
0872616853
0872625365
0872627640
0872645343
0872653288
0872657127
0872669916
0872671618
0872672059
0872672786
0872684346
0872695248
0872700667
0872705242
0872751253
0872757342
0872763793
0872769919
0872773640
0872781846
0872784690
0872854239
0872858851
0872866788
0872903066
0872906913
0872920621
0872934174
0872951638
0872962935
0872981581
0872990831
0872991847
0873003669
0873022091
0873030192
0873047839
0873049405
0873055988
0873056108
0873063529
0873092789
0873117880
0873128035
0873140263
0873145585
0873151813
0873159686
0873162824
0873195654
0873218605
0873221969
0873244784
0873245775
0873248971
0873250300
0873256329
0873279267
0873286641
0873330416
0873333330
0873333333
0873335972
0873336863
0873337334
0873338553
0873339799
0873364406
0873364499
0873364958
0873366716
0873369485
0873386654
0873401789
0873402047
0873405619
0873408703
0873446231
0873447892
0873450547
0873452995
0873455169
0873456401
0873458971
0873461264
0873477870
0873498662
0873517368
0873526200
0873542105
0873556528
0873561086
0873572314
0873573805
0873575035
0873577857
0873579419
0873584644
0873586403
0873609583
0873622551
0873640605
0873642889
0873655524
0873661317
0873671603
0873675373
0873698709
0873701571
0873707870
0873716190
0873722353
0873736862
0873747005
0873755117
0873760296
0873764660
0873770438
0873796694
0873797853
0873816490
0873819510
0873829382
0873837426
0873895224
0873900975
0873904558
0873917933
0873920917
0873937918
0873946556
0873973706
0873978062
0873978553
0873986888
0874007153
0874028927
0874047539
0874056904
0874059291
0874070168
0874077664
0874097657
0874101904
0874145791
0874160395
0874160519
0874162476
0874182359
0874191134
0874195148
0874198181
0874198183
0874214475
0874215821
0874227431
0874229491
0874257038
0874299163
0874301725
0874307006
0874311398
0874332216
0874332776
0874353092
0874435700
0874442994
0874443092
0874443663
0874443853
0874444440
0874444444
0874446315
0874446492
0874447594
0874450319
0874450598
0874464269
0874481886
0874497435
0874504642
0874506038
0874523216
0874535580
0874543671
0874555331
0874557593
0874561214
0874563285
0874565298
0874566259
0874569634
0874603616
0874607418
0874616737
0874624627
0874625817
0874625838
0874638762
0874643590
0874650858
0874671057
0874674028
0874681649
0874692435
0874696886
0874698670
0874701571
0874706209
0874713893
0874722702
0874723682
0874726235
0874762225
0874765572
0874771782
0874801149
0874804156
0874810940
0874818559
0874824281
0874839014
0874850589
0874852509
0874856447
0874871369
0874879606
0874882707
0874884495
0874889105
0874890563
0874907298
0874908321
0874918611
0874931187
0874944168
0874989343
0875018947
0875021856
0875027455
0875040682
0875050638
0875063031
0875083949
0875089538
0875101516
0875104475
0875111756
0875113102
0875115592
0875135315
0875171372
0875200372
0875207327
0875230062
0875236703
0875250956
0875252604
0875256533
0875294589
0875303918
0875313258
0875315652
0875318862
0875332418
0875341425
0875347166
0875351741
0875353494
0875387634
0875407857
0875410412
0875419748
0875431691
0875435114
0875449601
0875454584
0875457583
0875465880
0875477938
0875487981
0875488940
0875491007
0875494762
0875524010
0875536600
0875542795
0875552110
0875552386
0875553717
0875555132
0875555550
0875555555
0875555567
0875558641
0875567945
0875573411
0875584631
0875591406
0875592541
0875603254
0875620138
0875627409
0875661374
0875672343
0875673424
0875675915
0875676151
0875677749
0875678452
0875679329
0875679789
0875681080
0875706003
0875748554
0875755759
0875766284
0875778140
0875779478
0875788911
0875818965
0875827822
0875832561
0875838147
0875848694
0875856272
0875856970
0875864992
0875874515
0875874545
0875878964
0875886357
0875893081
0875897951
0875904913
0875933340
0875963396
0875967959
0875972105
0875993037
0876004333
0876005448
0876009752
0876009897
0876023208
0876029653
0876036012
0876053193
0876059863
0876075203
0876081097
0876089245
0876093834
0876108003
0876111626
0876114894
0876129709
0876130387
0876146787
0876158759
0876167940
0876171468
0876190716
0876193060
0876203851
0876204752
0876216176
0876236399
0876236542
0876237232
0876251481
0876263316
0876265766
0876268361
0876296404
0876332074
0876332130
0876336437
0876338298
0876339016
0876354564
0876364003
0876367925
0876380171
0876385727
0876387492
0876387504
0876392447
0876394149
0876398242
0876404506
0876413931
0876420342
0876427294
0876434071
0876439562
0876461428
0876483719
0876488626
0876494797
0876503841
0876513213
0876521710
0876526765
0876545670
0876549109
0876569615
0876575643
0876583252
0876592860
0876606128
0876659181
0876661026
0876664992
0876666660
0876666666
0876668171
0876669008
0876669954
0876672413
0876682384
0876695038
0876698576
0876705571
0876712462
0876717909
0876723097
0876729909
0876732338
0876737826
0876759256
0876763549
0876781423
0876781507
0876784415
0876785445
0876785483
0876785869
0876787829
0876798278
0876820127
0876826390
0876827767
0876846254
0876852127
0876860897
0876866471
0876867444
0876919520
0876940135
0876945180
0876949088
0876954521
0876969819
0876976161
0877008394
0877011622
0877017674
0877029885
0877031503
0877033563
0877034535
0877044500
0877068754
0877070648
0877072390
0877084479
0877090362
0877113445
0877116193
0877120457
0877126767
0877145844
0877154316
0877158859
0877163148
0877163157
0877167217
0877174414
0877221213
0877226760
0877263105
0877273922
0877291360
0877343167
0877357065
0877370247
0877377025
0877379781
0877379986
0877382447
0877383550
0877383799
0877391772
0877419376
0877425389
0877427294
0877427675
0877434789
0877446237
0877452187
0877452251
0877465142
0877466825
0877467681
0877486748
0877502897
0877509997
0877534761
0877538959
0877543148
0877550188
0877556093
0877557619
0877558370
0877562099
0877573518
0877586924
0877592403
0877596075
0877599426
0877600424
0877602708
0877602736
0877609237
0877625257
0877638961
0877640605
0877654321
0877677831
0877679637
0877680415
0877680708
0877685543
0877696778
0877697165
0877700040
0877703390
0877714183
0877717845
0877721369
0877726181
0877740482
0877761142
0877761601
0877770763
0877771859
0877773738
0877775480
0877776304
0877777529
0877777770
0877777777
0877819215
0877855024
0877891192
0877892057
0877893676
0877896803
0877897233
0877900567
0877904487
0877905763
0877911240
0877912138
0877914801
0877929242
0877954305
0877958252
0877966581
0877970310
0877974151
0877979121
0877981517
0877988701
0878019012
0878020360
0878026654
0878033808
0878049328
0878075750
0878103967
0878104877
0878128255
0878131044
0878142579
0878165522
0878176603
0878178160
0878183862
0878208170
0878215367
0878217814
0878230888
0878231957
0878236687
0878252128
0878273741
0878276042
0878278114
0878289739
0878301919
0878322888
0878323774
0878326511
0878337813
0878345199
0878348154
0878355468
0878360030
0878371499
0878377151
0878382892
0878400520
0878428305
0878432608
0878434729
0878435328
0878436372
0878445461
0878452178
0878454120
0878455430
0878456573
0878461772
0878465407
0878468983
0878469518
0878486972
0878493646
0878499869
0878502004
0878519540
0878544982
0878549945
0878559200
0878563007
0878573211
0878577704
0878579911
0878592111
0878634904
0878640279
0878651513
0878680091
0878692983
0878700767
0878702423
0878708142
0878712465
0878726542
0878727282
0878732818
0878743009
0878745477
0878758767
0878763581
0878769350
0878772207
0878779575
0878789310
0878798717
0878831544
0878832192
0878836118
0878864791
0878881552
0878881602
0878883656
0878885673
0878886902
0878887012
0878887064
0878888637
0878888880
0878888888
0878947193
0878948760
0878966732
0878976956
0878978379
0878985953
0878991669
0878994098
0879004879
0879041373
0879048322
0879063160
0879063833
0879070326
0879083017
0879084865
0879086937
0879087269
0879089380
0879106695
0879121757
0879133801
0879149740
0879152641
0879157127
0879158477
0879160816
0879162358
0879176391
0879182608
0879288716
0879293569
0879302242
0879303150
0879319765
0879350837
0879353316
0879359941
0879366665
0879373563
0879397887
0879404697
0879431319
0879441132
0879442257
0879461352
0879481354
0879497593
0879500297
0879504094
0879519093
0879526189
0879527819
0879532443
0879560867
0879577222
0879582041
0879592764
0879595786
0879595804
0879604719
0879604786
0879608201
0879625460
0879632489
0879644619
0879661158
0879680224
0879692325
0879701158
0879719665
0879745213
0879762884
0879785209
0879792221
0879795155
0879798499
0879799777
0879815659
0879825957
0879830159
0879832441
0879832685
0879836650
0879840777
0879841061
0879845274
0879847058
0879851032
0879855048
0879859605
0879859636
0879859746
0879862357
0879866449
0879881760
0879886749
0879887132
0879892859
0879892871
0879916169
0879927145
0879929939
0879930136
0879942124
0879953791
0879962980
0879990687
0879991195
0879991528
0879994801
0879998304
0879999990
0879999999
0880000000
0880001892
0880002709
0880002849
0880003224
0880004934
0880005385
0880013334
0880027443
0880027689
0880036250
0880041414
0880076104
0880079729
0880095098
0880136018
0880171011
0880190442
0880199082
0880211530
0880218580
0880224217
0880224844
0880233832
0880266435
0880276033
0880279798
0880283579
0880284267
0880284739
0880288091
0880288418
0880288531
0880290176
0880311532
0880346285
0880353448
0880386614
0880386946
0880395799
0880409030
0880409067
0880410288
0880439763
0880442456
0880456223
0880460074
0880463140
0880465763
0880470518
0880475214
0880475427
0880477815
0880487439
0880490050
0880493983
0880513059
0880534261
0880540386
0880540892
0880547090
0880551067
0880558010
0880574181
0880609296
0880612067
0880612400
0880638612
0880648464
0880649124
0880649617
0880658599
0880675746
0880683923
0880685755
0880687936
0880721631
0880736894
0880740818
0880744134
0880745651
0880751960
0880768674
0880773123
0880780396
0880787415
0880798838
0880801709
0880815570
0880834458
0880842014
0880844029
0880855634
0880866386
0880867035
0880869813
0880874244
0880892820
0880897238
0880902192
0880908980
0880910339
0880911388
0880912668
0880915210
0880917204
0880933423
0880947240
0880948274
0880978156
0880982868
0881000204
0881006423
0881026001
0881027944
0881037929
0881038398
0881039323
0881040760
0881059004
0881083318
0881088198
0881091287
0881095577
0881097894
0881103457
0881107614
0881110472
0881111110
0881111111
0881116980
0881117026
0881117332
0881119135
0881119724
0881119777
0881123784
0881171985
0881182257
0881183079
0881193312
0881198710
0881201481
0881201920
0881215186
0881216674
0881217452
0881220300
0881221589
0881223210
0881230615
0881232191
0881232778
0881234500
0881234567
0881235041
0881235178
0881238282
0881238671
0881242621
0881245526
0881251858
0881278460
0881283691
0881294702
0881298090
0881299160
0881300561
0881327118
0881329602
0881330342
0881333737
0881350255
0881350629
0881352527
0881354483
0881354612
0881357303
0881359687
0881359933
0881384671
0881387994
0881388533
0881392890
0881407597
0881420129
0881422475
0881429321
0881440532
0881450647
0881461472
0881481881
0881495013
0881500721
0881501118
0881512590
0881532293
0881537144
0881537935
0881552288
0881558097
0881559677
0881611625
0881616356
0881619857
0881622050
0881623323
0881623941
0881631924
0881635105
0881639375
0881644080
0881647371
0881661634
0881673485
0881679621
0881683244
0881693340
0881702736
0881705595
0881719736
0881733828
0881735513
0881745316
0881746058
0881762426
0881763080
0881780157
0881815337
0881817248
0881832920
0881853858
0881857731
0881862189
0881872356
0881872721
0881872898
0881887353
0881893130
0881900673
0881937461
0881954389
0881985815
0882033509
0882038428
0882056186
0882060058
0882069465
0882076646
0882081552
0882090877
0882098404
0882102506
0882111284
0882112966
0882160816
0882165273
0882181730
0882194462
0882204505
0882205151
0882212684
0882220203
0882220859
0882221749
0882222220
0882222222
0882226402
0882226675
0882226928
0882249973
0882294589
0882297237
0882299278
0882314113
0882319239
0882333910
0882339406
0882344451
0882344714
0882346138
0882347645
0882348315
0882348539
0882372570
0882376075
0882385500
0882392750
0882403283
0882413002
0882414177
0882419293
0882460553
0882462421
0882465135
0882468490
0882469185
0882478717
0882482706
0882502575
0882532409
0882532996
0882558799
0882582068
0882582384
0882637649
0882637678
0882645065
0882649691
0882680607
0882682487
0882688872
0882695008
0882698375
0882705065
0882751121
0882768943
0882778947
0882788216
0882813894
0882820016
0882822895
0882827652
0882845128
0882846645
0882847121
0882852308
0882855287
0882861964
0882863569
0882867849
0882881843
0882881915
0882884854
0882886232
0882890866
0882907878
0882908032
0882922435
0882923928
0882928710
0882929937
0882934900
0882938885
0882942430
0882943938
0882969971
0883002542
0883052182
0883057969
0883058024
0883061415
0883070954
0883075855
0883081317
0883092007
0883109586
0883130724
0883133882
0883138374
0883141571
0883147456
0883170357
0883176678
0883183031
0883200877
0883207842
0883210286
0883223959
0883227091
0883235688
0883265033
0883267795
0883288068
0883292477
0883320847
0883321587
0883323796
0883330462
0883331336
0883333275
0883333330
0883333333
0883333605
0883333896
0883336735
0883339715
0883351756
0883355078
0883367630
0883381013
0883389741
0883408746
0883409559
0883454396
0883455150
0883456487
0883458968
0883458980
0883463727
0883473129
0883474310
0883493305
0883498253
0883500970
0883513662
0883514628
0883514697
0883516685
0883524797
0883525445
0883529667
0883535113
0883545897
0883554696
0883561601
0883563560
0883570239
0883571161
0883571164
0883575746
0883578939
0883579971
0883592776
0883597167
0883598381
0883605292
0883607974
0883629710
0883639426
0883655782
0883667212
0883681613
0883684414
0883699290
0883713612
0883716835
0883723902
0883737873
0883740631
0883741918
0883762796
0883768626
0883798323
0883800442
0883805227
0883807504
0883807936
0883814476
0883836305
0883850536
0883858151
0883875871
0883876815
0883886360
0883893667
0883924623
0883926152
0883926407
0883934940
0883937298
0883941805
0883950736
0883977036
0883979484
0883991237
0884024576
0884026082
0884036024
0884047709
0884052429
0884054125
0884068908
0884075086
0884078971
0884084732
0884087337
0884094109
0884094216
0884118259
0884120872
0884136727
0884165195
0884180880
0884200598
0884214833
0884241228
0884247612
0884266723
0884268344
0884279963
0884280602
0884284250
0884294917
0884308422
0884309521
0884349636
0884352734
0884365065
0884369264
0884371882
0884375289
0884394385
0884414128
0884430697
0884443894
0884444440
0884444444
0884447094
0884449246
0884449731
0884449772
0884451674
0884457811
0884467711
0884478751
0884512906
0884524062
0884529264
0884529527
0884542192
0884542867
0884544553
0884545041
0884551211
0884560125
0884561206
0884563036
0884565782
0884566179
0884567192
0884570377
0884571562
0884576646
0884585656
0884589823
0884591403
0884605416
0884646151
0884656314
0884660955
0884661602
0884663923
0884679747
0884690771
0884695879
0884709112
0884719819
0884722106
0884725097
0884726472
0884728464
0884734827
0884736078
0884740390
0884743554
0884745652
0884750200
0884756090
0884758000
0884760617
0884766464
0884769053
0884775155
0884782162
0884802763
0884808631
0884811705
0884826678
0884850149
0884874266
0884892164
0884893669
0884929660
0884936698
0884980192
0884984628
0885025605
0885027710
0885047817
0885060249
0885072655
0885075815
0885083261
0885114510
0885138081
0885144508
0885152786
0885157033
0885160771
0885173610
0885193850
0885202625
0885221047
0885224153
0885241355
0885263689
0885269985
0885272720
0885285362
0885286284
0885286698
0885292841
0885294533
0885305412
0885310283
0885349681
0885360737
0885368991
0885391341
0885391352
0885397749
0885398333
0885421373
0885446626
0885456198
0885466397
0885466820
0885467657
0885468523
0885468832
0885475694
0885488504
0885497161
0885500252
0885512571
0885521099
0885522391
0885530617
0885533231
0885539095
0885552231
0885555550
0885555555
0885556622
0885557603
0885558594
0885559139
0885559320
0885587715
0885587972
0885590354
0885596465
0885611352
0885621856
0885633142
0885642205
0885662794
0885667262
0885672895
0885674292
0885675416
0885676550
0885677708
0885678486
0885679045
0885692004
0885696064
0885733623
0885747875
0885765401
0885765848
0885792709
0885798236
0885803298
0885823956
0885832361
0885844661
0885858743
0885878974
0885882586
0885883362
0885902699
0885932659
0885941679
0885943027
0885949479
0885963429
0885974014
0885984692
0885985274
0886043285
0886049033
0886064261
0886082510
0886092897
0886097546
0886099245
0886108448
0886112978
0886114232
0886119504
0886122298
0886125991
0886179571
0886182704
0886249770
0886253030
0886262593
0886267988
0886278579
0886291425
0886292563
0886301869
0886302922
0886303330
0886315255
0886318676
0886325237
0886329512
0886351012
0886358095
0886372996
0886392224
0886401277
0886403078
0886417830
0886425560
0886436570
0886446856
0886447674
0886452283
0886454790
0886461979
0886464047
0886480251
0886481450
0886483558
0886484309
0886488773
0886502482
0886526950
0886570465
0886577378
0886584900
0886614791
0886631070
0886639248
0886642343
0886651105
0886660916
0886663274
0886666660
0886666666
0886666754
0886667267
0886667541
0886689161
0886690120
0886694065
0886709099
0886714910
0886719318
0886719563
0886732900
0886739589
0886741440
0886742641
0886742889
0886757710
0886758910
0886773240
0886780082
0886780108
0886781552
0886784895
0886785441
0886788699
0886807705
0886812973
0886820553
0886857025
0886875788
0886884278
0886890183
0886897023
0886899176
0886912019
0886913927
0886931612
0886937382
0886953135
0886953762
0886963766
0886969612
0886996431
0887042578
0887060612
0887066545
0887069877
0887071243
0887094057
0887102262
0887104552
0887119556
0887137219
0887139437
0887144660
0887153864
0887166229
0887174167
0887174282
0887176207
0887176630
0887176734
0887194980
0887196033
0887200046
0887204120
0887205091
0887218952
0887228665
0887261653
0887283704
0887287814
0887291555
0887293008
0887318093
0887321228
0887324241
0887326503
0887330705
0887343165
0887343304
0887344037
0887371766
0887384951
0887393971
0887418709
0887419814
0887427117
0887446010
0887451490
0887488239
0887488345
0887505300
0887506692
0887521046
0887525960
0887528486
0887536829
0887538718
0887540201
0887543371
0887575490
0887602793
0887610595
0887615970
0887621111
0887640100
0887640291
0887640330
0887654321
0887655139
0887684269
0887686511
0887711887
0887736534
0887749226
0887755585
0887765995
0887767541
0887772664
0887773086
0887777145
0887777146
0887777770
0887777777
0887778805
0887781208
0887784151
0887797562
0887799621
0887803431
0887808641
0887821672
0887825114
0887827789
0887835605
0887841164
0887844215
0887852163
0887861890
0887873362
0887891084
0887892763
0887893332
0887893794
0887894045
0887896229
0887896481
0887919524
0887920589
0887925436
0887926568
0887930278
0887939297
0887940080
0887947372
0887970779
0888004294
0888006650
0888007530
0888010073
0888011673
0888013440
0888069377
0888074259
0888076492
0888085961
0888100206
0888113528
0888119931
0888129668
0888143921
0888170902
0888172729
0888175423
0888183955
0888195303
0888203718
0888225815
0888231432
0888246779
0888258872
0888284399
0888284684
0888291956
0888299727
0888304545
0888320981
0888336785
0888358278
0888358530
0888373723
0888390268
0888414831
0888434499
0888435792
0888451437
0888473807
0888475868
0888476198
0888487718
0888488194
0888496538
0888530546
0888532076
0888547335
0888559308
0888560721
0888566908
0888575672
0888583732
0888585771
0888586823
0888588955
0888590208
0888593591
0888605669
0888639231
0888645720
0888652462
0888672228
0888678665
0888683187
0888697779
0888727210
0888733553
0888745024
0888747765
0888754879
0888759553
0888792491
0888806213
0888812475
0888815369
0888818318
0888832666
0888842286
0888845174
0888856426
0888858956
0888865052
0888873712
0888881466
0888884614
0888885051
0888885467
0888888880
0888888888
0888889868
0888890273
0888898390
0888899640
0888899779
0888907805
0888936790
0888942568
0888988269
0889009300
0889012170
0889019242
0889028807
0889037388
0889039166
0889040710
0889042330
0889074627
0889087385
0889093280
0889096521
0889101329
0889112896
0889123668
0889163052
0889165195
0889167277
0889173988
0889180896
0889201842
0889203270
0889203621
0889206827
0889242927
0889250402
0889275373
0889277355
0889292440
0889293096
0889294060
0889304695
0889312752
0889317154
0889319692
0889320686
0889333870
0889333982
0889346428
0889364608
0889364648
0889374894
0889376769
0889378838
0889380679
0889392185
0889397296
0889405216
0889407475
0889411433
0889419356
0889424686
0889445471
0889447536
0889453702
0889479357
0889491872
0889493036
0889493439
0889554528
0889559330
0889563180
0889580563
0889581721
0889585107
0889585649
0889604736
0889608445
0889611458
0889611997
0889636380
0889639947
0889641488
0889646965
0889651569
0889652698
0889656572
0889657873
0889667041
0889689215
0889690066
0889700782
0889725733
0889730264
0889737570
0889741268
0889749511
0889756328
0889757359
0889760905
0889777604
0889778280
0889784159
0889787883
0889834138
0889845617
0889860297
0889867549
0889870883
0889872233
0889892777
0889906728
0889913541
0889933630
0889942285
0889956315
0889957380
0889957744
0889963008
0889970657
0889973055
0889977243
0889988112
0889990791
0889991419
0889991437
0889991699
0889993525
0889993682
0889999520
0889999990
0889999999
0890000000
0890000922
0890002452
0890004100
0890005602
0890007924
0890011233
0890033534
0890038247
0890059538
0890069877
0890077449
0890094939
0890101081
0890113220
0890126870
0890135288
0890145935
0890146698
0890182541
0890186881
0890190022
0890191077
0890200329
0890202094
0890206991
0890211798
0890215302
0890238310
0890238842
0890240919
0890243361
0890243386
0890243785
0890248062
0890263211
0890272605
0890275717
0890276735
0890283353
0890285563
0890292450
0890292878
0890293354
0890294019
0890313905
0890318053
0890318841
0890350099
0890373396
0890377930
0890392541
0890405515
0890411588
0890440340
0890444701
0890461265
0890466967
0890472467
0890478569
0890479366
0890487893
0890489798
0890501128
0890515483
0890532117
0890536339
0890558785
0890567417
0890578806
0890586845
0890590251
0890598167
0890602622
0890631595
0890632917
0890637888
0890642985
0890646952
0890648629
0890664559
0890703462
0890709626
0890720181
0890722012
0890728043
0890740657
0890749373
0890751307
0890759250
0890764750
0890765118
0890767568
0890786289
0890797382
0890805022
0890808424
0890816130
0890823212
0890852999
0890891949
0890903768
0890912871
0890917693
0890921342
0890945334
0890957169
0890975919
0890979721
0890985552
0890993961
0891013960
0891014865
0891015986
0891018005
0891018013
0891031878
0891082778
0891088254
0891089189
0891111110
0891111111
0891112015
0891114911
0891116953
0891117297
0891118763
0891127156
0891131915
0891150833
0891151219
0891155782
0891164227
0891170283
0891181300
0891191015
0891207280
0891226496
0891230736
0891234500
0891234567
0891235160
0891236120
0891239447
0891239978
0891240544
0891245786
0891258632
0891269040
0891274966
0891276445
0891276883
0891279888
0891289931
0891292257
0891294340
0891298808
0891310669
0891320098
0891334946
0891351567
0891352040
0891352421
0891353246
0891354493
0891355819
0891356842
0891368325
0891382483
0891437402
0891440493
0891446993
0891457070
0891467907
0891478881
0891487783
0891492688
0891495146
0891503651
0891526289
0891526981
0891528036
0891536879
0891575754
0891576667
0891598038
0891627427
0891639860
0891644587
0891646239
0891647912
0891648018
0891651596
0891663453
0891710831
0891721434
0891727178
0891734357
0891747554
0891751171
0891754528
0891756376
0891778765
0891795092
0891797293
0891801103
0891808511
0891811280
0891819483
0891820395
0891822712
0891823413
0891823578
0891839271
0891845673
0891852813
0891867685
0891873706
0891878177
0891879325
0891895631
0891903987
0891906058
0891911944
0891921991
0891923047
0891923602
0891926982
0891930959
0891935284
0891949465
0891951997
0891955009
0891985339
0891985402
0891999126
0892033729
0892042551
0892049352
0892050016
0892068468
0892101977
0892109004
0892112493
0892134849
0892148496
0892151495
0892152918
0892154435
0892163814
0892163944
0892170124
0892184529
0892210894
0892214164
0892214589
0892215098
0892222220
0892222222
0892222349
0892225295
0892225985
0892226374
0892228713
0892228782
0892229045
0892231988
0892234128
0892245395
0892249325
0892255998
0892263534
0892266750
0892268785
0892275991
0892278248
0892289041
0892320176
0892332231
0892332967
0892333250
0892336474
0892343207
0892343618
0892343831
0892347522
0892348028
0892349552
0892382082
0892391822
0892392679
0892400973
0892416635
0892426594
0892430764
0892432885
0892435261
0892446681
0892450716
0892460535
0892464144
0892464345
0892464443
0892464471
0892464671
0892465156
0892465743
0892471615
0892483159
0892522734
0892523095
0892526864
0892533230
0892536075
0892547617
0892553204
0892562110
0892562455
0892568480
0892584770
0892587211
0892601863
0892605566
0892610186
0892617334
0892623223
0892625343
0892628777
0892640598
0892645175
0892649658
0892660750
0892664825
0892688983
0892703261
0892704599
0892708147
0892710501
0892720664
0892722890
0892735577
0892755724
0892758768
0892776987
0892778265
0892782797
0892794679
0892810918
0892815414
0892817737
0892851972
0892858269
0892859443
0892860321
0892864425
0892871260
0892878771
0892917521
0892922623
0892967956
0892972878
0892992771
0892994069
0893004651
0893035320
0893044246
0893046424
0893064251
0893065777
0893066305
0893082270
0893087515
0893090530
0893095283
0893112372
0893114047
0893133017
0893153669
0893167302
0893170242
0893177437
0893182100
0893215628
0893223974
0893241547
0893245530
0893246293
0893255008
0893257624
0893261103
0893262948
0893277013
0893285486
0893291478
0893305411
0893308584
0893309192
0893317069
0893318248
0893320997
0893324221
0893330224
0893333076
0893333330
0893333333
0893335373
0893336027
0893338216
0893338902
0893338921
0893374228
0893382369
0893394501
0893396851
0893401753
0893408704
0893419053
0893419657
0893438070
0893445719
0893451725
0893454851
0893455390
0893455453
0893455777
0893459709
0893462016
0893467406
0893474608
0893507321
0893512934
0893536982
0893549317
0893555997
0893564093
0893571070
0893571121
0893572561
0893575322
0893577237
0893578251
0893585461
0893587706
0893588269
0893591176
0893596530
0893598947
0893610210
0893631971
0893639229
0893641317
0893655683
0893666820
0893667059
0893670735
0893674237
0893684003
0893688117
0893701000
0893711455
0893713637
0893717317
0893728214
0893752068
0893768730
0893771427
0893804616
0893810846
0893822482
0893827537
0893842856
0893847992
0893852021
0893874905
0893889844
0893894366
0893894692
0893924092
0893926927
0893935578
0893941700
0893941704
0893945164
0893950618
0893964348
0893974372
0893974776
0893978148
0893988113
0894003151
0894010968
0894026896
0894039761
0894064404
0894065406
0894065456
0894074800
0894075346
0894077324
0894093875
0894113684
0894142310
0894173272
0894177876
0894179635
0894191429
0894194373
0894200107
0894201479
0894204818
0894207834
0894210771
0894213474
0894213943
0894226315
0894238669
0894256893
0894269239
0894272654
0894275494
0894284799
0894304082
0894313557
0894326718
0894343420
0894362790
0894363408
0894368833
0894390459
0894393767
0894398433
0894405584
0894408995
0894438663
0894441056
0894442758
0894444440
0894444444
0894445529
0894446487
0894447985
0894448644
0894449050
0894460282
0894467247
0894509037
0894511314
0894522072
0894522111
0894527322
0894553811
0894560064
0894562697
0894562921
0894563712
0894566671
0894569366
0894579679
0894579740
0894597947
0894602293
0894602321
0894608527
0894619147
0894643999
0894667833
0894671441
0894671957
0894678552
0894714336
0894720684
0894724378
0894725941
0894727211
0894759138
0894760155
0894772106
0894773755
0894791383
0894816255
0894837229
0894841974
0894845126
0894845875
0894852144
0894866435
0894876822
0894888336
0894898141
0894909414
0894912209
0894913996
0894917411
0894921714
0894922479
0894936222
0894939527
0894947576
0894966632
0894970117
0894974356
0894982919
0894985476
0895006925
0895011062
0895019290
0895024076
0895028609
0895041456
0895057374
0895068856
0895073525
0895075630
0895098807
0895100309
0895101950
0895103591
0895128279
0895130843
0895146293
0895170282
0895171292
0895179713
0895192706
0895198372
0895212201
0895221953
0895228857
0895233658
0895244859
0895291475
0895291677
0895294605
0895296865
0895303803
0895310444
0895311555
0895328398
0895329732
0895330206
0895335869
0895341685
0895343255
0895353653
0895355652
0895359798
0895362168
0895365290
0895375795
0895415841
0895421134
0895422697
0895427555
0895465473
0895468648
0895477670
0895480553
0895484655
0895512866
0895520129
0895524512
0895543999
0895550007
0895555550
0895555555
0895557550
0895557581
0895558211
0895558370
0895558567
0895558774
0895583956
0895584946
0895606602
0895612485
0895627993
0895630384
0895635806
0895658471
0895662396
0895673960
0895674084
0895676113
0895678969
0895679483
0895689621
0895693852
0895705196
0895707435
0895722508
0895727502
0895728743
0895741900
0895770990
0895783293
0895801159
0895807669
0895808637
0895812284
0895857075
0895925273
0895946450
0895952416
0895960415
0895962068
0895982154
0895986805
0895991072
0895998876
0896009804
0896051208
0896062620
0896069734
0896081068
0896082476
0896105758
0896128865
0896131353
0896137732
0896147573
0896147827
0896149118
0896153136
0896156404
0896200293
0896211087
0896213217
0896214620
0896217825
0896240532
0896241663
0896260637
0896292023
0896305598
0896325527
0896344023
0896373990
0896378645
0896380029
0896402985
0896413448
0896419338
0896438616
0896453219
0896454971
0896483185
0896530544
0896540738
0896542869
0896565528
0896567492
0896573668
0896633617
0896649695
0896655925
0896660119
0896660729
0896665268
0896665399
0896666660
0896666666
0896668379
0896669451
0896672819
0896675538
0896685772
0896692047
0896699179
0896731168
0896745289
0896765597
0896770547
0896772882
0896780428
0896780760
0896783942
0896784437
0896785516
0896785912
0896828236
0896830583
0896832207
0896847500
0896848889
0896855788
0896870409
0896873916
0896902219
0896905570
0896906275
0896908017
0896912359
0896915068
0896934425
0896934440
0896940547
0896949210
0896950066
0896960052
0896988570
0896992651
0896998146
0896998661
0897005673
0897012712
0897028787
0897031175
0897032149
0897035490
0897044189
0897050025
0897060518
0897061542
0897071845
0897075590
0897102126
0897104280
0897106155
0897109198
0897129184
0897134888
0897138178
0897145388
0897147131
0897152711
0897157051
0897163233
0897172374
0897194360
0897204527
0897204697
0897211765
0897212454
0897234052
0897247779
0897262602
0897266398
0897284547
0897287224
0897303269
0897316741
0897362008
0897367219
0897374227
0897384924
0897392286
0897399271
0897399800
0897403399
0897469020
0897473300
0897477600
0897490425
0897493329
0897507113
0897531218
0897549770
0897554373
0897557039
0897560784
0897563166
0897586563
0897595544
0897614610
0897615769
0897632093
0897639997
0897654321
0897660629
0897666620
0897671334
0897679290
0897681362
0897682587
0897691629
0897699842
0897704233
0897736318
0897737308
0897745056
0897750460
0897770852
0897772773
0897774669
0897774783
0897776216
0897776817
0897777770
0897777777
0897810051
0897829335
0897833645
0897844183
0897878602
0897884570
0897888892
0897891382
0897891626
0897892309
0897893049
0897893215
0897903475
0897904977
0897907170
0897912532
0897930313
0897939205
0897953129
0897956574
0897958124
0897982397
0898000997
0898002832
0898031914
0898040230
0898041253
0898062248
0898070693
0898071858
0898077679
0898084289
0898101961
0898106997
0898125732
0898142650
0898149302
0898149526
0898153981
0898161135
0898164471
0898170890
0898188873
0898199085
0898208799
0898215556
0898231094
0898234780
0898237325
0898242427
0898243160
0898261506
0898264104
0898283456
0898284994
0898300689
0898309446
0898311041
0898320335
0898352785
0898368955
0898385259
0898388131
0898390548
0898397062
0898429071
0898436590
0898464366
0898465071
0898467527
0898488877
0898490022
0898509717
0898531087
0898546415
0898552056
0898555019
0898559356
0898562960
0898584204
0898585315
0898599022
0898599084
0898601672
0898609397
0898684935
0898694470
0898716791
0898723091
0898734457
0898740062
0898741949
0898743864
0898747819
0898758020
0898759019
0898774337
0898792026
0898827563
0898833467
0898842464
0898864416
0898869961
0898876204
0898882934
0898883860
0898884491
0898885293
0898886274
0898888880
0898888888
0898889133
0898889830
0898892469
0898892861
0898911602
0898920326
0898926103
0898936974
0898941996
0898955033
0898957413
0898969890
0898974882
0898991524
0898997601
0899011856
0899053974
0899073368
0899089378
0899091803
0899105213
0899110723
0899114419
0899115610
0899120202
0899122307
0899126710
0899128454
0899130519
0899132865
0899155880
0899161084
0899163817
0899166832
0899176172
0899196652
0899202711
0899202863
0899205376
0899231533
0899241064
0899243593
0899254368
0899262561
0899281975
0899294281
0899320147
0899332828
0899341217
0899345220
0899353157
0899367019
0899395019
0899402566
0899402706
0899404561
0899423842
0899424054
0899425283
0899431012
0899436543
0899439232
0899454572
0899461722
0899469815
0899523988
0899539236
0899545847
0899549934
0899560007
0899570232
0899577078
0899589895
0899600158
0899600538
0899648591
0899651808
0899658930
0899663255
0899679233
0899689303
0899705516
0899706271
0899767327
0899784292
0899793552
0899795787
0899799093
0899808110
0899812885
0899820843
0899827835
0899831043
0899832263
0899841193
0899842376
0899855820
0899860681
0899864297
0899876033
0899895548
0899896237
0899897060
0899910506
0899922731
0899926030
0899934805
0899942187
0899942404
0899951698
0899969149
0899971901
0899979264
0899990636
0899991033
0899991574
0899992177
0899992290
0899993898
0899997776
0899999990
0899999999
0900000000
0900003849
0900007288
0900007748
0900008277
0900008883
0900012508
0900043590
0900050163
0900067314
0900067834
0900069898
0900070282
0900077729
0900080698
0900085158
0900088485
0900089095
0900104884
0900124503
0900128308
0900143700
0900148198
0900151443
0900152553
0900155386
0900193348
0900209860
0900210699
0900216846
0900225187
0900230595
0900250701
0900259834
0900270239
0900284114
0900284628
0900292217
0900300435
0900314564
0900317557
0900318949
0900330538
0900334270
0900358402
0900364890
0900368626
0900379977
0900389589
0900398916
0900403833
0900405933
0900406711
0900420358
0900420902
0900432985
0900435671
0900449124
0900455775
0900471081
0900477897
0900484707
0900488034
0900503039
0900511783
0900520570
0900520733
0900523230
0900537133
0900550227
0900581301
0900606080
0900630293
0900637950
0900640395
0900642539
0900674136
0900692996
0900703247
0900719182
0900739509
0900741605
0900756735
0900760652
0900764380
0900769904
0900777915
0900781749
0900798816
0900800037
0900803804
0900807565
0900840085
0900869785
0900887182
0900894614
0900904764
0900925360
0900927435
0900938034
0900942969
0900945081
0900959221
0900970434
0900974004
0901017430
0901032756
0901045528
0901053942
0901069048
0901095615
0901107560
0901110135
0901110572
0901111110
0901111111
0901113434
0901115997
0901116280
0901116510
0901120524
0901127475
0901148803
0901160299
0901172297
0901173155
0901196695
0901205676
0901209958
0901230897
0901232283
0901234500
0901234567
0901236955
0901237827
0901238239
0901238643
0901239557
0901254059
0901258295
0901259745
0901260931
0901261085
0901282676
0901291267
0901309089
0901327824
0901336095
0901340291
0901350156
0901351143
0901352798
0901353269
0901354679
0901356127
0901359477
0901362141
0901365347
0901369395
0901375016
0901375827
0901407777
0901419726
0901420866
0901424305
0901436851
0901443333
0901448990
0901471681
0901477925
0901478116
0901480058
0901483572
0901485968
0901486495
0901487805
0901500359
0901506883
0901506955
0901510602
0901516420
0901516683
0901555570
0901558189
0901565910
0901566315
0901583441
0901587586
0901604898
0901611286
0901625381
0901638117
0901645683
0901672764
0901707295
0901711352
0901715835
0901719312
0901731638
0901746569
0901748710
0901751502
0901756317
0901757219
0901766015
0901775694
0901780549
0901801173
0901803913
0901809691
0901814274
0901827236
0901844802
0901850033
0901853741
0901854902
0901864551
0901896574
0901930814
0901941649
0901964171
0901973866
0902030523
0902036063
0902057686
0902069656
0902070803
0902086696
0902101641
0902117346
0902132527
0902140349
0902142681
0902143421
0902174504
0902186484
0902188666
0902190743
0902195501
0902201185
0902203817
0902220688
0902220718
0902221093
0902222220
0902222222
0902222359
0902224652
0902226367
0902236127
0902242422
0902258759
0902260810
0902261845
0902267586
0902269210
0902279144
0902299110
0902307699
0902313303
0902326241
0902337918
0902340261
0902342241
0902344416
0902345831
0902348082
0902349432
0902362456
0902365252
0902369485
0902376406
0902377715
0902381919
0902395403
0902401392
0902406982
0902407852
0902437463
0902439034
0902445314
0902453854
0902456316
0902460119
0902464774
0902465834
0902466607
0902468238
0902469791
0902470038
0902476467
0902483644
0902487869
0902489722
0902537006
0902542730
0902543018
0902557911
0902560257
0902565357
0902566493
0902567512
0902572003
0902572945
0902576704
0902583653
0902597710
0902631250
0902636209
0902649306
0902651818
0902665052
0902701071
0902703352
0902705334
0902705737
0902715610
0902725588
0902735545
0902737390
0902744966
0902745715
0902753578
0902761527
0902763124
0902766705
0902792582
0902794602
0902798965
0902813350
0902814562
0902828898
0902844314
0902857808
0902877578
0902905139
0902906932
0902917624
0902929314
0902936712
0902954456
0902955715
0902966147
0902969952
0902996824
0903006747
0903007127
0903014790
0903023445
0903024157
0903024464
0903029410
0903029452
0903038688
0903042120
0903044332
0903049782
0903053599
0903064546
0903072747
0903075968
0903080179
0903083964
0903084403
0903092396
0903102059
0903108073
0903108580
0903110274
0903117847
0903127623
0903166320
0903200755
0903202235
0903202402
0903204971
0903222473
0903232994
0903235098
0903239704
0903292795
0903296151
0903297566
0903320117
0903323825
0903325496
0903330098
0903330377
0903330439
0903333330
0903333333
0903334624
0903335743
0903335775
0903349433
0903350508
0903359580
0903376820
0903377251
0903386544
0903389282
0903398555
0903443620
0903451487
0903452008
0903456666
0903457297
0903457681
0903459212
0903461442
0903465732
0903466257
0903491564
0903497104
0903507889
0903511861
0903518410
0903521147
0903537685
0903546131
0903548827
0903570094
0903570614
0903571798
0903574585
0903576105
0903577006
0903582764
0903583514
0903588969
0903596785
0903602405
0903620410
0903639783
0903645028
0903648952
0903653084
0903667916
0903672221
0903684760
0903690788
0903691723
0903698752
0903702226
0903709459
0903711391
0903717759
0903717800
0903724460
0903727797
0903730887
0903732000
0903733218
0903735674
0903736138
0903749209
0903759533
0903767799
0903779287
0903791587
0903792338
0903799071
0903812956
0903817059
0903822683
0903833144
0903839652
0903853193
0903873342
0903875590
0903897605
0903908956
0903909793
0903914634
0903916452
0903921211
0903927860
0903934776
0903938212
0903945767
0903955389
0903958823
0903970100
0903976856
0903979128
0903983002
0903988813
0903989930
0903992531
0904014063
0904024619
0904056548
0904061452
0904062776
0904063553
0904065107
0904074486
0904095875
0904105199
0904105449
0904108633
0904124594
0904138086
0904138337
0904160852
0904164348
0904184634
0904198181
0904227027
0904229465
0904233523
0904237268
0904263591
0904279266
0904287611
0904292957
0904298641
0904299735
0904307187
0904308871
0904316482
0904348532
0904349142
0904361180
0904361525
0904373871
0904380379
0904383433
0904397068
0904411338
0904420723
0904434332
0904434674
0904441501
0904444440
0904444444
0904445862
0904445912
0904446794
0904447607
0904448549
0904449096
0904451260
0904456670
0904475191
0904479669
0904488247
0904512964
0904521554
0904556240
0904563740
0904563870
0904564405
0904565310
0904565494
0904566052
0904567001
0904579826
0904592812
0904598157
0904601893
0904603646
0904605924
0904607880
0904629337
0904634759
0904638232
0904641965
0904670055
0904679859
0904696522
0904696899
0904704576
0904706249
0904713100
0904732119
0904742720
0904750685
0904764857
0904773398
0904782953
0904788547
0904797658
0904818509
0904833222
0904833453
0904840714
0904850351
0904850920
0904854502
0904862930
0904864998
0904887680
0904889948
0904898692
0904921570
0904921631
0904929574
0904930471
0904948521
0904953122
0904954377
0904957446
0904961120
0904968057
0904971210
0904982503
0904992708
0904997317
0905004412
0905017019
0905053719
0905071618
0905082559
0905086947
0905107439
0905121359
0905131678
0905133895
0905135507
0905145030
0905161635
0905171623
0905175579
0905189680
0905192827
0905198351
0905199708
0905203143
0905207142
0905208479
0905219336
0905234492
0905236739
0905237707
0905244375
0905251184
0905251739
0905283316
0905309678
0905368827
0905370705
0905395230
0905398632
0905417484
0905454738
0905460134
0905460793
0905470651
0905474801
0905474960
0905518474
0905519813
0905524294
0905532152
0905535430
0905550783
0905552960
0905553047
0905555550
0905555555
0905555913
0905556151
0905556884
0905557284
0905580234
0905593193
0905599824
0905601430
0905608273
0905619577
0905628635
0905642081
0905657721
0905662152
0905670726
0905671357
0905674281
0905674390
0905676301
0905699918
0905702220
0905722304
0905728171
0905733519
0905733638
0905735837
0905737844
0905792681
0905795375
0905822401
0905829422
0905833180
0905837832
0905854387
0905872329
0905882051
0905882112
0905884180
0905893121
0905895839
0905900024
0905917606
0905925129
0905937569
0905939992
0905988074
0906028604
0906034863
0906051448
0906055089
0906056446
0906077615
0906091819
0906094840
0906099393
0906105521
0906116231
0906117568
0906124038
0906137690
0906139005
0906146783
0906147303
0906169414
0906183214
0906204147
0906214668
0906218798
0906221557
0906236241
0906258520
0906266199
0906270002
0906270141
0906270946
0906272080
0906272922
0906298067
0906302264
0906323092
0906338652
0906346641
0906360683
0906361084
0906397118
0906400975
0906428424
0906435410
0906436285
0906444255
0906457439
0906470868
0906476405
0906479697
0906494154
0906506184
0906510461
0906515903
0906518578
0906521496
0906536869
0906575646
0906583226
0906587858
0906597012
0906611071
0906621833
0906638631
0906660676
0906661077
0906661966
0906662216
0906663805
0906664321
0906666507
0906666660
0906666666
0906669394
0906675545
0906690723
0906693015
0906704370
0906728556
0906734566
0906746330
0906767067
0906767786
0906782275
0906782820
0906783709
0906784032
0906787592
0906789466
0906792689
0906794056
0906807366
0906827570
0906831052
0906846814
0906852256
0906880949
0906881925
0906882167
0906925055
0906931520
0906935567
0906943835
0906951352
0906973077
0906980883
0906994823
0907000091
0907011793
0907019033
0907057915
0907080087
0907086983
0907099155
0907109619
0907113196
0907141547
0907145563
0907156548
0907156726
0907169947
0907188388
0907190061
0907192893
0907233295
0907241596
0907242662
0907249664
0907251373
0907252610
0907273625
0907279673
0907283954
0907291146
0907297380
0907301892
0907307886
0907314261
0907332990
0907347579
0907348718
0907356328
0907374592
0907377518
0907404487
0907409867
0907421459
0907507315
0907512431
0907540198
0907548068
0907548904
0907561763
0907591834
0907594253
0907611218
0907615671
0907621598
0907622109
0907626303
0907630144
0907639676
0907646165
0907654321
0907656672
0907664048
0907674767
0907680045
0907713024
0907722262
0907735458
0907748634
0907771070
0907771719
0907773415
0907775767
0907775795
0907776607
0907777742
0907777770
0907777777
0907778902
0907788198
0907788394
0907789875
0907795351
0907797654
0907816100
0907816680
0907818258
0907824050
0907855146
0907866708
0907870654
0907874113
0907882364
0907890263
0907890381
0907890919
0907896873
0907898015
0907898401
0907921100
0907928074
0907928934
0907946252
0907949841
0907954571
0907954635
0907958139
0907961283
0907963674
0907968604
0907977499
0907997716
0907999412
0908014378
0908024717
0908042307
0908053078
0908055936
0908066817
0908076814
0908081957
0908090991
0908101040
0908114583
0908116014
0908141053
0908147886
0908159736
0908160695
0908169945
0908185152
0908193687
0908200501
0908213096
0908221862
0908226326
0908242635
0908255999
0908266656
0908278734
0908285994
0908328933
0908330281
0908333902
0908339375
0908354553
0908363864
0908379214
0908381073
0908406552
0908411909
0908412686
0908414497
0908425623
0908432000
0908450909
0908452504
0908455488
0908461607
0908486934
0908494680
0908495146
0908504814
0908514750
0908545460
0908558082
0908558672
0908562450
0908567707
0908567790
0908571905
0908581651
0908604283
0908612263
0908663218
0908686464
0908711453
0908724217
0908731055
0908749511
0908764558
0908766654
0908768026
0908770343
0908772109
0908799792
0908802689
0908830082
0908842730
0908856061
0908866329
0908881596
0908885648
0908887037
0908887236
0908888880
0908888888
0908889787
0908890562
0908898297
0908899272
0908924128
0908929265
0908940072
0908944884
0908948490
0908955502
0908955862
0908956364
0908958374
0908966447
0908981704
0908986336
0908999064
0909003225
0909012031
0909013601
0909016161
0909020870
0909021278
0909022213
0909042463
0909042570
0909046447
0909050654
0909059735
0909066031
0909082036
0909101780
0909123172
0909129479
0909131291
0909135708
0909143599
0909150305
0909151518
0909155396
0909173713
0909181570
0909185746
0909187412
0909197362
0909207680
0909208893
0909222060
0909239005
0909241713
0909288308
0909290502
0909295032
0909300174
0909305666
0909333735
0909366207
0909374902
0909384285
0909393542
0909407629
0909427302
0909429935
0909441011
0909444554
0909479533
0909489465
0909544147
0909546404
0909556083
0909573888
0909610212
0909616095
0909623938
0909638833
0909646499
0909656443
0909684000
0909705690
0909707858
0909713819
0909744929
0909758403
0909770568
0909800133
0909819728
0909820852
0909833206
0909836302
0909841685
0909842911
0909845706
0909850795
0909862356
0909864620
0909890878
0909892527
0909896742
0909903443
0909932132
0909943326
0909951333
0909952848
0909953414
0909954409
0909964266
0909966194
0909978838
0909983767
0909990266
0909995329
0909996231
0909996254
0909997787
0909997915
0909999990
0909999999
0910000000
0910002180
0910003028
0910006625
0910007272
0910007860
0910017689
0910025631
0910028733
0910032050
0910046747
0910071189
0910071369
0910081928
0910086380
0910089890
0910090118
0910090321
0910100130
0910114557
0910117403
0910133934
0910141220
0910155626
0910167898
0910169195
0910187148
0910210301
0910212964
0910219599
0910221952
0910228667
0910232659
0910241226
0910252758
0910253977
0910267676
0910290226
0910316665
0910346292
0910347348
0910349176
0910361793
0910367300
0910373736
0910394378
0910395272
0910396670
0910396966
0910400320
0910406481
0910416547
0910422052
0910434987
0910438058
0910439535
0910468336
0910468793
0910478737
0910484922
0910487482
0910495479
0910524657
0910528742
0910530716
0910537404
0910557488
0910562620
0910572921
0910580429
0910605437
0910612644
0910629098
0910629204
0910633849
0910639950
0910651117
0910657643
0910658864
0910664505
0910666162
0910670311
0910686013
0910702225
0910706155
0910716399
0910724019
0910728631
0910732100
0910736465
0910751105
0910766705
0910775456
0910777692
0910781112
0910785397
0910825232
0910834093
0910855201
0910859983
0910866315
0910868808
0910874437
0910893002
0910906330
0910931505
0910940701
0910947275
0910985248
0910998184
0911008267
0911018346
0911047535
0911061295
0911066726
0911067830
0911087152
0911090949
0911102676
0911111110
0911111111
0911111977
0911113239
0911113402
0911114120
0911114188
0911117691
0911119115
0911131014
0911150166
0911150402
0911155077
0911166510
0911178157
0911179621
0911186976
0911200209
0911206640
0911220372
0911234127
0911234500
0911234567
0911234937
0911235032
0911237518
0911239250
0911239992
0911243536
0911243809
0911271613
0911276431
0911277641
0911288631
0911291099
0911306631
0911314642
0911321664
0911337909
0911350256
0911352576
0911355797
0911356089
0911356198
0911364418
0911367774
0911373273
0911376249
0911385882
0911406780
0911417524
0911446429
0911451251
0911456216
0911467670
0911483394
0911519391
0911531214
0911559739
0911560230
0911571357
0911579185
0911649231
0911658541
0911660198
0911665848
0911691026
0911703937
0911710983
0911712099
0911719039
0911728571
0911738379
0911743810
0911749740
0911764948
0911778921
0911781938
0911800990
0911807470
0911812283
0911813747
0911814093
0911858718
0911862442
0911863352
0911866365
0911887058
0911902125
0911909798
0911939502
0911945779
0911955280
0911979637
0911992843
0912019209
0912035552
0912054468
0912055157
0912061344
0912061714
0912065302
0912081059
0912092193
0912096751
0912100126
0912108581
0912114242
0912122715
0912134019
0912150838
0912160962
0912171633
0912214691
0912217469
0912221053
0912221660
0912221904
0912222220
0912222222
0912222256
0912225343
0912246164
0912253518
0912254524
0912259776
0912261249
0912261690
0912272994
0912294090
0912296421
0912314251
0912320687
0912332293
0912341365
0912343352
0912345557
0912347219
0912348222
0912356412
0912381528
0912385382
0912402528
0912407738
0912418377
0912423192
0912460149
0912461098
0912467395
0912468770
0912469451
0912475244
0912481239
0912483151
0912489816
0912502843
0912504716
0912517290
0912554195
0912572490
0912575340
0912579657
0912607039
0912636997
0912638917
0912644312
0912656189
0912668786
0912698001
0912711308
0912722634
0912726445
0912728069
0912728151
0912737631
0912771851
0912787259
0912788605
0912813438
0912815082
0912821544
0912823493
0912824875
0912826166
0912838112
0912839015
0912858092
0912888662
0912896755
0912905928
0912910351
0912918866
0912919733
0912923453
0912925028
0912935651
0912970477
0912979732
0912986055
0912986427
0913018731
0913023481
0913058831
0913068388
0913073606
0913086393
0913093950
0913108463
0913114156
0913118293
0913120226
0913143010
0913164485
0913175004
0913184030
0913199939
0913207736
0913226743
0913247346
0913250357
0913256530
0913267125
0913267175
0913278138
0913288941
0913291415
0913309594
0913314889
0913316562
0913328063
0913330615
0913330918
0913333330
0913333333
0913335546
0913337889
0913339056
0913369487
0913370506
0913382791
0913383248
0913391012
0913394888
0913409642
0913441376
0913444923
0913453784
0913454089
0913456140
0913456630
0913457064
0913458580
0913465207
0913469643
0913472238
0913481189
0913495536
0913504571
0913519524
0913571129
0913571977
0913574525
0913575099
0913577529
0913579862
0913594666
0913603929
0913604659
0913605198
0913606898
0913617930
0913625792
0913633068
0913635213
0913636801
0913653389
0913659324
0913674058
0913682136
0913700510
0913724255
0913724784
0913726322
0913735346
0913737596
0913755257
0913775639
0913777458
0913787155
0913800643
0913813615
0913815515
0913821254
0913830197
0913833598
0913865589
0913869343
0913876899
0913899295
0913902268
0913911762
0913935682
0913957857
0913961602
0913974798
0913989505
0913996124
0914002373
0914003784
0914021177
0914022237
0914024129
0914024638
0914026279
0914034299
0914039420
0914044280
0914045353
0914051118
0914051906
0914061148
0914105872
0914119451
0914131618
0914138262
0914150319
0914185484
0914194801
0914227519
0914228521
0914262768
0914269762
0914279079
0914281465
0914287359
0914293628
0914295289
0914314158
0914317921
0914329119
0914352159
0914369233
0914370316
0914421706
0914422720
0914440008
0914441059
0914444440
0914444444
0914445987
0914446632
0914446875
0914449820
0914451702
0914481886
0914483058
0914493944
0914506780
0914544188
0914544447
0914550180
0914560731
0914561137
0914561677
0914562274
0914562471
0914562607
0914563537
0914565426
0914567498
0914567605
0914584491
0914585490
0914591589
0914606886
0914616930
0914644414
0914650923
0914658711
0914665018
0914736525
0914742986
0914745587
0914748135
0914750706
0914757834
0914762126
0914762640
0914782444
0914785690
0914790238
0914800422
0914802786
0914818406
0914824004
0914847201
0914849605
0914856405
0914866654
0914873786
0914883092
0914899277
0914900486
0914911979
0914913221
0914915124
0914921191
0914927319
0914941940
0914947044
0914974070
0914976617
0914981718
0914985159
0914986967
0914988478
0915004014
0915012465
0915016157
0915043129
0915048977
0915056963
0915065945
0915073760
0915083245
0915090983
0915092330
0915112789
0915133169
0915133532
0915146208
0915180198
0915192584
0915198948
0915201847
0915223641
0915224271
0915224772
0915231000
0915268341
0915269560
0915271347
0915272040
0915301200
0915314186
0915328138
0915340557
0915350721
0915354284
0915361620
0915362759
0915363866
0915366923
0915382139
0915411648
0915413062
0915431909
0915438831
0915449440
0915464825
0915473969
0915478459
0915486181
0915516109
0915519863
0915530795
0915536034
0915543556
0915552022
0915552368
0915554911
0915555550
0915555555
0915556429
0915557014
0915557936
0915559090
0915559541
0915559710
0915568290
0915570528
0915572560
0915574356
0915581882
0915599448
0915604538
0915605310
0915617516
0915617722
0915659627
0915663496
0915668607
0915672943
0915674344
0915674528
0915678873
0915679783
0915682788
0915687704
0915690875
0915697296
0915703442
0915705546
0915715764
0915726542
0915731809
0915743733
0915748726
0915750994
0915757073
0915758625
0915760516
0915766699
0915773268
0915777843
0915800434
0915800712
0915814093
0915828053
0915843692
0915843834
0915843971
0915855551
0915881457
0915889452
0915903417
0915958394
0915960962
0915976956
0915986328
0916020047
0916034892
0916036041
0916057793
0916059640
0916071705
0916121286
0916121648
0916130736
0916133275
0916147175
0916149693
0916171921
0916172964
0916176539
0916190625
0916210131
0916229641
0916241763
0916245116
0916261961
0916273769
0916273860
0916273898
0916282410
0916288085
0916293795
0916296981
0916299822
0916320493
0916330831
0916349686
0916355408
0916374462
0916378021
0916384334
0916399747
0916412659
0916427111
0916428638
0916432295
0916442422
0916445735
0916455530
0916467379
0916490991
0916496336
0916523222
0916546222
0916555766
0916559829
0916582430
0916594704
0916599859
0916601776
0916610976
0916611342
0916613917
0916625592
0916633713
0916645216
0916657031
0916661180
0916664163
0916666093
0916666660
0916666666
0916667592
0916667996
0916669632
0916697607
0916718465
0916720575
0916723674
0916724301
0916731741
0916733079
0916734737
0916736878
0916744534
0916749077
0916762498
0916775397
0916781142
0916784535
0916786550
0916787940
0916788433
0916790827
0916793794
0916807733
0916819822
0916842083
0916848065
0916848787
0916851245
0916852050
0916853643
0916854247
0916860580
0916869278
0916878162
0916882162
0916884985
0916932979
0916937503
0916939261
0916951860
0916965795
0916975248
0916980934
0916986095
0916997453
0917009824
0917014950
0917023783
0917031672
0917037134
0917054675
0917056986
0917072050
0917074110
0917075839
0917076489
0917086792
0917090278
0917119378
0917119606
0917123877
0917136828
0917137155
0917146339
0917151673
0917154432
0917162000
0917162109
0917167600
0917178799
0917182348
0917184017
0917190521
0917190980
0917199491
0917217077
0917218613
0917220496
0917224214
0917227178
0917231922
0917285599
0917290453
0917291276
0917314757
0917315321
0917319048
0917320811
0917324732
0917337270
0917343706
0917355249
0917364890
0917374187
0917384935
0917390594
0917402919
0917412196
0917426199
0917427015
0917434011
0917434130
0917434171
0917434790
0917447687
0917447853
0917449853
0917465612
0917474249
0917476950
0917524772
0917525252
0917539745
0917553511
0917559822
0917564913
0917575730
0917580611
0917589020
0917592327
0917595531
0917627850
0917637736
0917653045
0917654321
0917657038
0917658953
0917662543
0917665239
0917668065
0917669512
0917674444
0917678580
0917694863
0917708334
0917717940
0917729871
0917736515
0917736749
0917756713
0917761037
0917763815
0917770202
0917771890
0917772048
0917773233
0917774450
0917777770
0917777777
0917782063
0917788630
0917792476
0917796235
0917796687
0917799767
0917804264
0917823506
0917840776
0917849985
0917851645
0917862632
0917868583
0917870722
0917880045
0917885938
0917888519
0917890527
0917890754
0917897540
0917897725
0917897779
0917898483
0917899371
0917908779
0917912371
0917929468
0917933148
0917933563
0917964730
0917987067
0917989955
0917990885
0917992131
0917993854
0917998764
0918030540
0918067982
0918073323
0918075264
0918086657
0918100858
0918115854
0918121776
0918127449
0918139236
0918141807
0918143124
0918161028
0918187238
0918195790
0918196849
0918215608
0918219565
0918221487
0918223053
0918236561
0918240395
0918242801
0918251622
0918269401
0918281326
0918294109
0918294726
0918321558
0918323323
0918330226
0918338294
0918353941
0918370537
0918382907
0918388190
0918397815
0918398312
0918437861
0918442800
0918446596
0918447588
0918473107
0918478090
0918479384
0918497376
0918498687
0918499224
0918500406
0918514479
0918517408
0918552229
0918557622
0918581941
0918597755
0918617782
0918619891
0918622098
0918632422
0918649195
0918660381
0918671265
0918671341
0918687951
0918705434
0918708088
0918713305
0918718224
0918722629
0918768028
0918770278
0918780999
0918788126
0918807851
0918830659
0918836010
0918844574
0918845206
0918853395
0918857353
0918861162
0918871648
0918883056
0918884501
0918886208
0918887465
0918888880
0918888888
0918889444
0918893499
0918913932
0918928752
0918938685
0918957911
0918964435
0918967894
0918975972
0918977635
0918979642
0918983784
0918988483
0919001754
0919021249
0919026010
0919053676
0919068861
0919076054
0919079528
0919080006
0919081287
0919094369
0919114758
0919117495
0919120547
0919131194
0919149716
0919154814
0919174072
0919178490
0919191796
0919215867
0919227597
0919234320
0919236972
0919241104
0919253252
0919258911
0919276643
0919302691
0919305045
0919308890
0919315673
0919327168
0919350749
0919361976
0919365341
0919365835
0919377168
0919377421
0919381129
0919386620
0919393184
0919394624
0919405184
0919422958
0919426771
0919454863
0919455142
0919455484
0919481934
0919486147
0919490185
0919495188
0919500010
0919510416
0919517738
0919517812
0919530682
0919541552
0919546626
0919549399
0919550397
0919569274
0919580420
0919593687
0919601554
0919602260
0919624198
0919644649
0919649483
0919655982
0919662113
0919677933
0919678051
0919678540
0919686080
0919690713
0919693361
0919715291
0919716176
0919727433
0919728051
0919732828
0919748577
0919749484
0919749956
0919769373
0919771266
0919779211
0919779489
0919781162
0919789339
0919811361
0919817408
0919818811
0919825071
0919849180
0919854099
0919865162
0919871635
0919872951
0919875458
0919894545
0919899153
0919912143
0919921441
0919924744
0919935919
0919937060
0919942148
0919954322
0919980144
0919983714
0919991809
0919994466
0919995181
0919997624
0919997708
0919999990
0919999999
0920000000
0920000594
0920001120
0920003101
0920003409
0920004498
0920013597
0920014991
0920025866
0920033630
0920033838
0920038609
0920053231
0920065175
0920071467
0920105537
0920150364
0920153921
0920156774
0920157126
0920159218
0920170146
0920172844
0920175583
0920181674
0920191572
0920198252
0920201630
0920206020
0920213024
0920216730
0920218126
0920221707
0920222792
0920226168
0920229869
0920232187
0920238780
0920241727
0920255690
0920256441
0920258827
0920264001
0920274040
0920279911
0920302374
0920331849
0920342163
0920350486
0920383550
0920411794
0920415830
0920425291
0920427778
0920446478
0920451622
0920514183
0920515351
0920521643
0920528005
0920542880
0920547100
0920551409
0920552660
0920568355
0920570432
0920583663
0920595382
0920624242
0920629828
0920633408
0920639447
0920640747
0920649211
0920650659
0920661877
0920662890
0920682801
0920717530
0920720957
0920722093
0920722859
0920723343
0920755998
0920778243
0920795661
0920809793
0920811273
0920811429
0920827336
0920827369
0920848629
0920854495
0920861294
0920862550
0920868480
0920876581
0920897616
0920916516
0920931982
0920932047
0920938690
0920939844
0920951431
0921002846
0921017066
0921037801
0921056010
0921060296
0921062755
0921064771
0921066333
0921066357
0921068068
0921072526
0921076908
0921104212
0921106337
0921111110
0921111111
0921113837
0921114547
0921117304
0921119373
0921119930
0921137771
0921162513
0921187802
0921192099
0921202735
0921202791
0921223323
0921232375
0921232680
0921233122
0921233945
0921234500
0921234567
0921235793
0921236367
0921236700
0921238648
0921261620
0921262627
0921270154
0921271940
0921273232
0921276203
0921308025
0921322482
0921324523
0921325617
0921326769
0921329423
0921330917
0921345694
0921347457
0921350587
0921354880
0921358066
0921358103
0921358302
0921361707
0921365543
0921374645
0921378462
0921382665
0921405304
0921405483
0921407568
0921421532
0921435868
0921437438
0921440325
0921444215
0921449575
0921457390
0921477055
0921477919
0921496870
0921501241
0921502468
0921508541
0921537836
0921541232
0921541438
0921559511
0921575216
0921592608
0921597881
0921602300
0921632200
0921633513
0921638559
0921671509
0921674084
0921697243
0921698440
0921707516
0921710423
0921711823
0921713017
0921716252
0921725827
0921732490
0921743115
0921759919
0921769773
0921777379
0921782381
0921786517
0921795772
0921797736
0921803374
0921813837
0921819928
0921839365
0921854276
0921867969
0921870398
0921873205
0921880122
0921920498
0921957803
0921964606
0921973695
0921978528
0921980592
0921991324
0921996138
0922044235
0922055905
0922060852
0922065121
0922075801
0922085124
0922092370
0922092472
0922120749
0922121221
0922143835
0922146769
0922156836
0922157363
0922162350
0922183453
0922191230
0922208655
0922208839
0922213553
0922213577
0922213712
0922214858
0922220028
0922221578
0922222220
0922222222
0922222507
0922222812
0922223517
0922223542
0922225533
0922225612
0922227615
0922228820
0922241401
0922251082
0922257833
0922266074
0922270487
0922277812
0922286746
0922292746
0922303285
0922330255
0922330292
0922330619
0922344045
0922344553
0922348162
0922348195
0922349139
0922357090
0922362547
0922367410
0922369628
0922378839
0922381609
0922398207
0922403016
0922420416
0922421527
0922421544
0922442923
0922445417
0922460679
0922464009
0922466349
0922467153
0922468085
0922473760
0922484102
0922491667
0922502255
0922553687
0922559059
0922574973
0922591904
0922593247
0922599414
0922608884
0922612489
0922613053
0922622274
0922622721
0922623630
0922624108
0922625622
0922639065
0922656239
0922681613
0922687431
0922691403
0922698241
0922716603
0922719787
0922740872
0922744620
0922757020
0922757598
0922767606
0922767981
0922775945
0922787222
0922793799
0922812945
0922813793
0922822573
0922829386
0922834024
0922837469
0922844873
0922852545
0922862927
0922871421
0922871960
0922888284
0922889275
0922895597
0922896109
0922901882
0922942029
0922946582
0922963939
0922967290
0922968522
0922972846
0923000054
0923001179
0923006563
0923018209
0923023806
0923039567
0923052319
0923063573
0923070094
0923085478
0923108800
0923110126
0923145295
0923151406
0923180272
0923190153
0923191666
0923200577
0923223597
0923237869
0923256229
0923276313
0923288470
0923294467
0923300504
0923304150
0923315364
0923320985
0923330090
0923330767
0923331149
0923333330
0923333333
0923338275
0923339451
0923339729
0923339845
0923341926
0923343200
0923343849
0923356571
0923357708
0923366823
0923367882
0923405817
0923415904
0923441228
0923450712
0923453367
0923454939
0923455782
0923457578
0923459077
0923463341
0923463795
0923475075
0923478548
0923482557
0923496797
0923498813
0923507509
0923510533
0923522772
0923523071
0923562080
0923573679
0923574746
0923577086
0923577929
0923579492
0923615693
0923618375
0923624903
0923644123
0923655215
0923670828
0923679605
0923683979
0923684342
0923686379
0923700613
0923702519
0923708396
0923719561
0923726673
0923733455
0923740202
0923751651
0923758406
0923761469
0923767491
0923768478
0923771736
0923789968
0923807343
0923810534
0923811452
0923819786
0923827543
0923835080
0923837225
0923852117
0923855530
0923855717
0923856501
0923861073
0923870404
0923885658
0923903135
0923915435
0923918222
0923936541
0923950128
0923950389
0923951876
0923958495
0923965083
0923970725
0923975456
0923999924
0924006768
0924039369
0924046867
0924060571
0924066224
0924081265
0924086221
0924087766
0924090373
0924095102
0924107707
0924109244
0924110097
0924119543
0924121550
0924122193
0924133901
0924138657
0924142645
0924145880
0924157029
0924167074
0924184184
0924190273
0924194438
0924201077
0924213046
0924216635
0924238274
0924251940
0924253579
0924259720
0924264954
0924268348
0924273246
0924280337
0924286148
0924304989
0924336235
0924353822
0924356400
0924361380
0924383821
0924395236
0924401491
0924417963
0924434886
0924443233
0924444440
0924444444
0924445098
0924447089
0924448914
0924449531
0924451134
0924460172
0924463943
0924469412
0924472018
0924482010
0924488321
0924513038
0924515465
0924525319
0924530786
0924533757
0924542066
0924548791
0924553085
0924563300
0924564590
0924565660
0924567170
0924569454
0924598939
0924610604
0924631190
0924645216
0924645699
0924647135
0924654189
0924657783
0924664441
0924666056
0924673319
0924692397
0924716942
0924720202
0924736159
0924739954
0924761399
0924781210
0924794949
0924805740
0924850036
0924884073
0924886495
0924891256
0924898950
0924902296
0924924465
0924938403
0924966543
0924969786
0924977195
0924994541
0924998952
0925019798
0925020916
0925022550
0925024500
0925027250
0925035289
0925040802
0925045950
0925052584
0925058266
0925075822
0925089883
0925092055
0925094671
0925112721
0925122256
0925130051
0925141565
0925147910
0925155372
0925167657
0925168298
0925172240
0925194157
0925208860
0925215769
0925238881
0925246834
0925264085
0925266508
0925269632
0925274512
0925281663
0925284815
0925287263
0925287267
0925288207
0925292295
0925307671
0925320292
0925323301
0925336561
0925353760
0925356074
0925357573
0925360311
0925364990
0925442602
0925446768
0925453237
0925479328
0925485874
0925489183
0925490311
0925526879
0925552726
0925555010
0925555202
0925555550
0925555555
0925555583
0925557050
0925557058
0925569967
0925605833
0925607528
0925619353
0925630653
0925641576
0925645022
0925660951
0925671322
0925675244
0925677460
0925677877
0925678627
0925679182
0925693395
0925693610
0925694228
0925695285
0925698535
0925699337
0925699601
0925703692
0925711224
0925712667
0925742612
0925753986
0925759789
0925767563
0925809398
0925829899
0925848797
0925861312
0925897547
0925904281
0925907353
0925910377
0925939633
0925948353
0925953066
0925953416
0925965769
0925982863
0925983604
0925988877
0925990808
0925994479
0925997879
0926000488
0926009787
0926024925
0926028395
0926038818
0926052455
0926055481
0926068320
0926077987
0926095136
0926096543
0926101806
0926109858
0926116797
0926121668
0926123913
0926125125
0926169278
0926181356
0926195421
0926203524
0926205683
0926209081
0926214701
0926216013
0926217680
0926227701
0926246392
0926258135
0926258640
0926267252
0926271128
0926282440
0926288439
0926294519
0926298226
0926316620
0926335219
0926335571
0926345820
0926362917
0926367939
0926382603
0926385912
0926411668
0926422095
0926422636
0926426913
0926435474
0926440935
0926455478
0926455583
0926459562
0926465210
0926469391
0926476533
0926482839
0926510616
0926513776
0926518661
0926527489
0926549517
0926551501
0926556766
0926561990
0926578581
0926581196
0926588754
0926588970
0926653731
0926661370
0926662319
0926664353
0926665831
0926666660
0926666666
0926667324
0926668417
0926673628
0926724245
0926736448
0926762166
0926777512
0926782330
0926782354
0926786699
0926787075
0926787753
0926788421
0926792137
0926805123
0926805413
0926808823
0926819175
0926820233
0926820783
0926821756
0926825379
0926826831
0926835431
0926843880
0926852170
0926868859
0926875425
0926877570
0926887523
0926890125
0926890674
0926892799
0926895761
0926910571
0926917807
0926925844
0926934315
0926934411
0926952553
0926959479
0926960910
0926961149
0926975002
0926978014
0926981913
0926981919
0926983896
0926993744
0927002817
0927008428
0927013791
0927020634
0927024365
0927024426
0927035599
0927037119
0927039427
0927039992
0927056048
0927085380
0927102613
0927112356
0927112498
0927114131
0927115215
0927134809
0927141288
0927142336
0927157315
0927157407
0927169146
0927170330
0927182306
0927184099
0927189152
0927193205
0927209652
0927211276
0927228575
0927257027
0927259884
0927285092
0927288719
0927294015
0927329002
0927333756
0927343171
0927352610
0927377872
0927378607
0927422317
0927422967
0927433490
0927446795
0927449922
0927486733
0927488618
0927514794
0927515582
0927534462
0927577877
0927580415
0927594568
0927601703
0927601794
0927606222
0927609197
0927618434
0927625891
0927631637
0927652391
0927654321
0927688493
0927693476
0927705098
0927707774
0927713506
0927721671
0927745192
0927766639
0927772223
0927774404
0927774845
0927774922
0927776465
0927777770
0927777777
0927777849
0927778620
0927787157
0927793458
0927801969
0927810484
0927816303
0927835809
0927836815
0927838533
0927851161
0927890856
0927891008
0927897296
0927898725
0927899873
0927905127
0927923929
0927930345
0927931607
0927937538
0927949671
0927961558
0927969762
0927972469
0927993156
0927994072
0928041565
0928058794
0928060308
0928075037
0928077324
0928085913
0928108656
0928111060
0928151025
0928191151
0928193618
0928237682
0928242304
0928248626
0928252885
0928256301
0928273763
0928277361
0928280258
0928297149
0928318662
0928318849
0928325266
0928337604
0928349504
0928350026
0928351773
0928356040
0928391433
0928403387
0928416809
0928426569
0928451903
0928464540
0928467000
0928472652
0928496740
0928500425
0928508662
0928515552
0928517973
0928518711
0928546792
0928547346
0928572404
0928583300
0928592634
0928592776
0928615853
0928622861
0928634240
0928647965
0928659243
0928664238
0928673200
0928674477
0928675255
0928685796
0928720741
0928743507
0928766563
0928769309
0928769676
0928787605
0928796221
0928812360
0928819292
0928852419
0928865894
0928865918
0928866199
0928869199
0928878015
0928880278
0928881093
0928885793
0928886989
0928888880
0928888888
0928889196
0928889806
0928891588
0928908638
0928916817
0928917636
0928928625
0928937317
0928947484
0928953123
0928953240
0928954718
0928967616
0928983565
0928986938
0928992904
0929002271
0929019052
0929037858
0929038083
0929044000
0929048232
0929082325
0929087341
0929092232
0929101901
0929118293
0929130756
0929132829
0929136093
0929139771
0929163830
0929174867
0929190175
0929190884
0929192261
0929235636
0929248208
0929256840
0929258631
0929264358
0929269859
0929271813
0929272281
0929273575
0929290665
0929296404
0929331851
0929342353
0929342566
0929356023
0929357908
0929370306
0929385059
0929396454
0929415675
0929427098
0929439974
0929494891
0929497434
0929497763
0929498665
0929515694
0929515754
0929519412
0929527664
0929528054
0929532307
0929548267
0929549190
0929556895
0929575256
0929597250
0929599942
0929602793
0929602991
0929604029
0929604264
0929617771
0929622389
0929622426
0929640955
0929650387
0929662653
0929685909
0929694917
0929716941
0929717019
0929730380
0929783420
0929790958
0929806765
0929817082
0929826758
0929830426
0929834382
0929847450
0929858507
0929861587
0929867032
0929874158
0929898142
0929905296
0929908341
0929916233
0929942646
0929943866
0929979990
0929980125
0929980573
0929990268
0929993290
0929993293
0929994104
0929997781
0929998921
0929999990
0929999999
0930000000
0930004934
0930005191
0930005600
0930006092
0930009070
0930015876
0930033273
0930035699
0930066503
0930082320
0930083066
0930086496
0930091315
0930107464
0930118661
0930140976
0930141807
0930150455
0930168827
0930183936
0930204982
0930230788
0930239506
0930241059
0930241514
0930242588
0930250710
0930266049
0930273491
0930283010
0930293005
0930293339
0930316617
0930319650
0930324109
0930347115
0930378064
0930394187
0930394747
0930415163
0930418059
0930427071
0930439431
0930444044
0930456398
0930457346
0930459754
0930464141
0930489555
0930492606
0930499247
0930511566
0930537151
0930549221
0930568345
0930579992
0930581505
0930586435
0930600499
0930632390
0930657680
0930709610
0930710531
0930732164
0930747462
0930768460
0930784166
0930792277
0930811007
0930813553
0930814970
0930822658
0930833017
0930845071
0930869638
0930875803
0930885528
0930886187
0930889123
0930908471
0930929938
0930930354
0930932423
0930949359
0930954060
0930987430
0930989980
0931018205
0931024854
0931029203
0931045193
0931046481
0931061829
0931066179
0931080006
0931106855
0931110376
0931110601
0931111110
0931111111
0931111857
0931112775
0931114021
0931117216
0931123352
0931127571
0931128136
0931146708
0931158552
0931165022
0931165798
0931167690
0931169307
0931194651
0931197332
0931199454
0931203534
0931215013
0931230381
0931231756
0931232717
0931234018
0931234199
0931234500
0931234567
0931235436
0931235694
0931236507
0931237717
0931243457
0931244934
0931249620
0931258261
0931272761
0931276619
0931278653
0931285121
0931295738
0931308976
0931336374
0931339213
0931343226
0931350074
0931352513
0931352587
0931354561
0931355861
0931358532
0931365601
0931373133
0931393013
0931394190
0931396219
0931400896
0931410324
0931417376
0931422861
0931453574
0931455885
0931457055
0931464200
0931466951
0931470231
0931483467
0931487322
0931511661
0931522528
0931523552
0931537692
0931545859
0931559334
0931561932
0931562908
0931565369
0931570410
0931580210
0931588254
0931588737
0931612226
0931614639
0931625329
0931628354
0931645616
0931663123
0931666451
0931669587
0931669708
0931691116
0931703359
0931708790
0931734523
0931738426
0931771383
0931774476
0931776096
0931776367
0931790483
0931797783
0931798054
0931799494
0931815305
0931829078
0931840928
0931844376
0931858548
0931859696
0931867652
0931883028
0931907728
0931913355
0931914388
0931915828
0931931318
0931957737
0931962483
0931963790
0931967987
0931969660
0931977074
0932001632
0932007541
0932014339
0932015953
0932019459
0932028811
0932031912
0932040167
0932060049
0932067598
0932078991
0932092965
0932095710
0932101430
0932102252
0932102567
0932107724
0932112236
0932116139
0932122277
0932123778
0932125658
0932143502
0932157839
0932159563
0932159725
0932177373
0932201540
0932207288
0932211312
0932220410
0932221893
0932222220
0932222222
0932222769
0932223302
0932229078
0932233838
0932244745
0932253659
0932254764
0932257144
0932257685
0932260168
0932264341
0932286531
0932301120
0932306355
0932310231
0932310621
0932314605
0932316691
0932320122
0932332787
0932336139
0932340672
0932347191
0932347445
0932347962
0932348421
0932348975
0932349278
0932349717
0932367312
0932367498
0932378320
0932380772
0932393893
0932395835
0932416431
0932440143
0932442008
0932456934
0932464683
0932465874
0932465999
0932466927
0932468072
0932473625
0932478473
0932483418
0932492884
0932503647
0932521518
0932524229
0932536836
0932544019
0932552207
0932552506
0932555620
0932557290
0932558902
0932571897
0932578681
0932586738
0932599450
0932602825
0932607655
0932668433
0932676201
0932678193
0932680340
0932682356
0932685811
0932689614
0932708437
0932726379
0932737681
0932753406
0932765790
0932770184
0932775746
0932795060
0932796772
0932801946
0932812674
0932821566
0932827111
0932862345
0932878918
0932879451
0932879634
0932909015
0932910990
0932912491
0932914649
0932923363
0932931198
0932931249
0932951161
0932953546
0932981951
0932992459
0932996002
0933004094
0933005722
0933038002
0933046478
0933071610
0933088403
0933107109
0933109429
0933146706
0933163385
0933185813
0933189731
0933211177
0933278060
0933282424
0933284429
0933293197
0933295128
0933306657
0933321554
0933323554
0933330249
0933331328
0933333330
0933333333
0933334172
0933334432
0933335885
0933337161
0933339344
0933368689
0933369272
0933384500
0933388366
0933402558
0933415529
0933417636
0933421882
0933431125
0933437705
0933452212
0933452449
0933455396
0933455848
0933458068
0933458648
0933468453
0933482107
0933486178
0933490053
0933492202
0933492997
0933493702
0933493751
0933493783
0933534934
0933547502
0933549264
0933560308
0933563677
0933570912
0933574553
0933576671
0933576728
0933576781
0933582925
0933583605
0933609908
0933623912
0933625531
0933627552
0933634882
0933648518
0933655166
0933661854
0933666321
0933676177
0933679618
0933680114
0933696119
0933706538
0933724319
0933732436
0933745326
0933747050
0933757067
0933763041
0933774446
0933821231
0933822061
0933827019
0933838990
0933843610
0933849682
0933878571
0933885119
0933887051
0933890335
0933895072
0933900596
0933914478
0933925231
0933934909
0933955349
0933971095
0933977087
0933985131
0933985909
0933991256
0934000420
0934006783
0934030503
0934050419
0934065929
0934067486
0934077457
0934087756
0934090599
0934095103
0934103081
0934161520
0934183148
0934197000
0934209209
0934217779
0934219501
0934235336
0934251964
0934254152
0934256588
0934273733
0934293432
0934345313
0934358093
0934359859
0934374123
0934380747
0934382885
0934395216
0934397834
0934408595
0934415781
0934416199
0934419710
0934421387
0934424604
0934444440
0934444444
0934444458
0934446372
0934448073
0934448507
0934449511
0934468532
0934510379
0934520741
0934541932
0934555912
0934561601
0934562709
0934564101
0934564338
0934566681
0934572619
0934572848
0934576863
0934579044
0934592101
0934606605
0934616460
0934620516
0934650477
0934651805
0934655086
0934687273
0934697940
0934700236
0934723394
0934725644
0934729563
0934730972
0934748287
0934760477
0934776612
0934778956
0934801656
0934813095
0934827058
0934832932
0934850936
0934867156
0934870886
0934873367
0934875803
0934881358
0934896821
0934902171
0934913564
0934922852
0934927640
0934929820
0934940534
0934952306
0934953548
0934965438
0934965462
0934972721
0934973418
0934986230
0934988858
0935000029
0935014570
0935035612
0935043730
0935055155
0935066432
0935085099
0935102322
0935110849
0935113300
0935125706
0935128249
0935132348
0935139137
0935141677
0935142346
0935143400
0935168124
0935170659
0935199929
0935206626
0935208883
0935210715
0935214990
0935233229
0935243309
0935249206
0935255399
0935260414
0935267713
0935271773
0935274567
0935279578
0935279623
0935285309
0935329092
0935340494
0935349340
0935351311
0935353526
0935369290
0935379979
0935420704
0935437438
0935444864
0935446656
0935453947
0935462348
0935479801
0935480089
0935495233
0935500560
0935511035
0935530120
0935553693
0935554115
0935555550
0935555555
0935556661
0935557176
0935558280
0935559565
0935575326
0935594525
0935604812
0935627898
0935635794
0935639248
0935672299
0935674388
0935676348
0935677567
0935678298
0935685579
0935711725
0935724367
0935740587
0935746934
0935755097
0935787053
0935795719
0935812215
0935812593
0935840799
0935849311
0935855046
0935865442
0935868808
0935881973
0935903391
0935904535
0935904891
0935924676
0935937799
0935939438
0935947712
0935959866
0935970142
0935976938
0936004119
0936006612
0936021184
0936023329
0936024686
0936028412
0936034313
0936034642
0936034735
0936037712
0936039356
0936047048
0936052217
0936060961
0936068840
0936069377
0936077288
0936113079
0936126138
0936128516
0936133741
0936154237
0936155310
0936164034
0936167417
0936184146
0936195370
0936200968
0936205153
0936210705
0936218110
0936218140
0936218709
0936220977
0936245314
0936278798
0936289909
0936290488
0936300666
0936329861
0936349078
0936363884
0936382447
0936416372
0936432396
0936436105
0936496780
0936500891
0936509621
0936516410
0936517050
0936533600
0936536231
0936543948
0936555394
0936563150
0936563899
0936583306
0936584162
0936584713
0936614202
0936620016
0936628822
0936629440
0936638487
0936651014
0936652439
0936659743
0936662355
0936664233
0936665196
0936666660
0936666666
0936667192
0936667752
0936668590
0936673128
0936684532
0936701794
0936727330
0936739394
0936740381
0936756149
0936783466
0936783510
0936785019
0936785739
0936787403
0936833085
0936839509
0936856976
0936894558
0936898112
0936899027
0936901430
0936928515
0936943822
0936971611
0937003227
0937004539
0937007412
0937013327
0937021789
0937026337
0937030383
0937060413
0937071138
0937078804
0937085779
0937093159
0937098467
0937104269
0937117485
0937120926
0937134322
0937134871
0937136424
0937141417
0937155123
0937159365
0937172727
0937175562
0937192519
0937199074
0937199434
0937199857
0937214507
0937230930
0937248392
0937252937
0937266894
0937271531
0937286587
0937292611
0937294706
0937305131
0937322127
0937323793
0937325474
0937329303
0937333944
0937337777
0937366398
0937374344
0937391694
0937409930
0937418759
0937421948
0937428620
0937440510
0937449766
0937453133
0937462110
0937497987
0937507670
0937544195
0937556523
0937567937
0937582083
0937584116
0937595195
0937605240
0937614737
0937645501
0937649060
0937649617
0937649680
0937654321
0937665911
0937677760
0937683373
0937694671
0937698158
0937700539
0937710467
0937711068
0937712121
0937722638
0937731960
0937735128
0937741876
0937744086
0937744562
0937754028
0937755175
0937759161
0937764602
0937767126
0937770263
0937770993
0937771934
0937777055
0937777770
0937777777
0937778523
0937778938
0937783338
0937789225
0937795484
0937796188
0937798103
0937802502
0937807105
0937814717
0937823807
0937827696
0937836251
0937836874
0937860371
0937860545
0937862444
0937863901
0937881040
0937882267
0937883324
0937892557
0937892776
0937893516
0937893988
0937898804
0937913316
0937918044
0937924591
0937932682
0937940123
0937941998
0937945879
0937946284
0937968063
0937980161
0937983585
0937986842
0937989334
0937999050
0938006647
0938008489
0938017632
0938018699
0938030548
0938051133
0938060548
0938072481
0938073878
0938083290
0938085257
0938090401
0938095084
0938109421
0938109952
0938121554
0938124481
0938143646
0938151683
0938157315
0938163925
0938169101
0938169898
0938173561
0938175695
0938187902
0938206295
0938218567
0938227267
0938235436
0938251874
0938266001
0938275889
0938289112
0938291373
0938329291
0938331642
0938332985
0938338751
0938351225
0938354829
0938367905
0938376526
0938379754
0938393900
0938403293
0938416284
0938416324
0938428078
0938439253
0938439918
0938441042
0938447776
0938448035
0938463756
0938467491
0938468128
0938484215
0938492516
0938505850
0938508169
0938529743
0938551348
0938555941
0938568276
0938580656
0938590915
0938603221
0938608409
0938613449
0938648400
0938651529
0938667928
0938672310
0938683130
0938699038
0938717580
0938723451
0938723513
0938724938
0938727725
0938736999
0938737634
0938756739
0938770441
0938771103
0938787450
0938804802
0938819504
0938841963
0938843213
0938846194
0938853373
0938880125
0938880169
0938883344
0938883850
0938884896
0938886315
0938887653
0938888880
0938888888
0938892165
0938918784
0938924491
0938927899
0938934210
0938942903
0938946629
0938947122
0938964298
0938969917
0938996606
0938998374
0939006702
0939012958
0939014203
0939029521
0939084046
0939086759
0939092062
0939097320
0939105618
0939112812
0939131999
0939144857
0939157547
0939173643
0939176247
0939181333
0939189136
0939201487
0939202200
0939202544
0939207351
0939208505
0939215079
0939229604
0939231828
0939235125
0939237596
0939252894
0939258939
0939278904
0939280676
0939295466
0939299198
0939301582
0939302096
0939309225
0939365702
0939365785
0939367293
0939414482
0939420891
0939430277
0939433831
0939435860
0939443724
0939447298
0939454230
0939487128
0939490468
0939492671
0939509751
0939527456
0939527940
0939533560
0939534049
0939542182
0939549592
0939551308
0939553856
0939570847
0939592812
0939618991
0939632793
0939634262
0939638765
0939644589
0939646417
0939650009
0939668143
0939693737
0939704108
0939705767
0939710407
0939715790
0939716957
0939721252
0939729627
0939742576
0939755228
0939755705
0939782102
0939789662
0939821158
0939822046
0939822179
0939830998
0939848154
0939848737
0939856907
0939862004
0939887648
0939892779
0939903412
0939906478
0939913599
0939915512
0939926674
0939930673
0939943208
0939956134
0939956555
0939972578
0939979881
0939986942
0939992752
0939998032
0939998362
0939998652
0939998940
0939999990
0939999999
0940000000
0940000627
0940001522
0940001725
0940002132
0940004758
0940004894
0940005801
0940006481
0940007231
0940013449
0940014838
0940015624
0940019901
0940046539
0940049130
0940056137
0940056187
0940069937
0940072819
0940088926
0940099659
0940125349
0940128475
0940129429
0940137954
0940147138
0940149689
0940173839
0940185068
0940185802
0940189895
0940204234
0940208933
0940216595
0940236323
0940242524
0940250630
0940255645
0940267554
0940281662
0940305441
0940316342
0940333198
0940336496
0940355547
0940361997
0940371621
0940380059
0940385221
0940386432
0940388608
0940404320
0940405259
0940417912
0940423508
0940435583
0940438861
0940447636
0940461166
0940502977
0940515214
0940552800
0940567125
0940570166
0940572512
0940580038
0940608828
0940610485
0940612375
0940625397
0940634382
0940682295
0940694485
0940714981
0940728693
0940735516
0940754884
0940761594
0940797362
0940798794
0940803678
0940824936
0940830492
0940873864
0940881034
0940885714
0940888259
0940890903
0940895824
0940914356
0940919951
0940925581
0940935035
0940939992
0940942441
0940951003
0940971138
0940971153
0940998094
0940999876
0940999942
0941000455
0941002452
0941003183
0941011371
0941012165
0941016000
0941027514
0941085299
0941093714
0941100790
0941110195
0941111110
0941111111
0941112882
0941114202
0941115643
0941117343
0941122077
0941143255
0941155445
0941160506
0941192649
0941204356
0941206355
0941210678
0941215511
0941222477
0941222637
0941228546
0941229259
0941230239
0941230840
0941231493
0941233616
0941234500
0941234567
0941234616
0941236634
0941245652
0941254753
0941259240
0941271570
0941278076
0941278490
0941280713
0941291337
0941314232
0941324990
0941328390
0941332321
0941339903
0941341259
0941341297
0941351383
0941352692
0941354370
0941357311
0941357650
0941359430
0941362321
0941369995
0941374069
0941379765
0941411497
0941413285
0941419236
0941461770
0941461779
0941465350
0941468434
0941476178
0941485185
0941487382
0941490785
0941492884
0941494933
0941497387
0941515181
0941518546
0941520806
0941523036
0941532781
0941537025
0941542811
0941562114
0941569641
0941582148
0941598867
0941606992
0941610960
0941619570
0941626120
0941626803
0941626921
0941629294
0941637136
0941637441
0941661849
0941664467
0941665002
0941682285
0941717658
0941737323
0941765476
0941775538
0941811015
0941821039
0941833434
0941839888
0941843366
0941850031
0941854323
0941854376
0941876488
0941901655
0941903014
0941906243
0941911058
0941921250
0941923583
0941924719
0941935413
0941938416
0941949720
0941977742
0941981932
0941991830
0941996480
0942001194
0942009965
0942018551
0942029022
0942034554
0942045244
0942051833
0942056167
0942076447
0942079869
0942095850
0942096519
0942109755
0942116620
0942122160
0942142722
0942145240
0942149265
0942150704
0942157060
0942195647
0942201992
0942221347
0942221650
0942222055
0942222220
0942222222
0942225208
0942225755
0942229022
0942236857
0942245076
0942272974
0942279731
0942281321
0942308371
0942319869
0942329763
0942335215
0942336369
0942338471
0942344071
0942345464
0942347086
0942347637
0942348196
0942349230
0942349613
0942349816
0942353731
0942355049
0942367580
0942370266
0942382310
0942391716
0942414848
0942418336
0942420397
0942426361
0942429531
0942431256
0942442717
0942462389
0942464223
0942466022
0942467977
0942468318
0942470790
0942472630
0942473101
0942481137
0942507267
0942514877
0942515607
0942533503
0942538122
0942555663
0942558760
0942559496
0942560000
0942563624
0942573945
0942575037
0942602904
0942605189
0942606217
0942620915
0942634135
0942641207
0942668185
0942685581
0942711167
0942713871
0942725429
0942738090
0942745422
0942762668
0942766279
0942775987
0942790113
0942802001
0942812976
0942837385
0942844273
0942849849
0942857805
0942871015
0942880325
0942909738
0942916975
0942935672
0942944027
0942946265
0942947541
0942949345
0942967809
0942969132
0942987241
0943002259
0943023522
0943024884
0943036688
0943047865
0943064065
0943071947
0943076715
0943089178
0943112716
0943130035
0943130278
0943133098
0943144924
0943147489
0943153295
0943157706
0943162408
0943169504
0943172105
0943173042
0943182921
0943187331
0943213374
0943227276
0943228058
0943231596
0943234815
0943291056
0943302376
0943321444
0943323263
0943330327
0943331682
0943333330
0943333333
0943334815
0943335300
0943335575
0943338767
0943349602
0943353917
0943356673
0943364382
0943408199
0943451418
0943451931
0943452246
0943455187
0943456520
0943456885
0943457305
0943473327
0943473832
0943501054
0943509143
0943534482
0943544962
0943554778
0943564504
0943570458
0943572359
0943573266
0943573459
0943577720
0943577949
0943603691
0943613257
0943630127
0943651711
0943658642
0943659724
0943660443
0943668053
0943694440
0943700154
0943738781
0943753054
0943762100
0943762491
0943774463
0943776012
0943777680
0943779509
0943780141
0943791166
0943805349
0943807716
0943808501
0943829988
0943835760
0943842542
0943862940
0943872775
0943889947
0943898104
0943899429
0943903273
0943917574
0943926568
0943932450
0943934558
0943944955
0943949850
0943963962
0943968772
0943984378
0943989635
0943999315
0944007417
0944055703
0944063560
0944081088
0944101147
0944112618
0944117909
0944130060
0944141056
0944157901
0944161903
0944168360
0944172534
0944175726
0944188870
0944212002
0944214318
0944225875
0944226843
0944251986
0944255860
0944269160
0944271226
0944271937
0944290133
0944292378
0944316622
0944319475
0944332527
0944332553
0944339029
0944357862
0944366355
0944367475
0944401456
0944404284
0944431903
0944436240
0944443440
0944444440
0944444444
0944445709
0944445981
0944446787
0944448046
0944455815
0944478801
0944506657
0944510122
0944519010
0944534805
0944545390
0944555205
0944555607
0944560672
0944563448
0944564249
0944564506
0944564662
0944581612
0944583675
0944588542
0944608860
0944609061
0944622318
0944623407
0944626500
0944650915
0944657936
0944669955
0944678550
0944684826
0944689558
0944694310
0944698966
0944733873
0944736394
0944745187
0944747952
0944748859
0944753534
0944766740
0944772119
0944779290
0944781075
0944784912
0944786165
0944787532
0944789590
0944793020
0944806157
0944825328
0944826792
0944828281
0944831228
0944853407
0944855412
0944860222
0944865705
0944876374
0944897282
0944909026
0944913512
0944916806
0944918535
0944930441
0944930690
0944931042
0944934070
0944975721
0944997342
0945005673
0945009322
0945012697
0945015035
0945018835
0945019207
0945030014
0945065960
0945076976
0945078405
0945080105
0945093743
0945102837
0945108169
0945110073
0945112195
0945130310
0945137933
0945139383
0945141476
0945156848
0945165875
0945171334
0945173027
0945173230
0945188589
0945191464
0945206591
0945222444
0945224978
0945270709
0945289122
0945300225
0945305012
0945341912
0945349521
0945350079
0945351061
0945368636
0945372154
0945385312
0945387834
0945388706
0945422373
0945428065
0945433891
0945445745
0945465686
0945467270
0945468122
0945480610
0945500156
0945503811
0945516800
0945519710
0945524486
0945524904
0945531818
0945547147
0945553632
0945553977
0945555550
0945555555
0945555637
0945556936
0945557523
0945560364
0945565107
0945565659
0945595001
0945596260
0945637475
0945656764
0945670958
0945671271
0945673046
0945673797
0945675960
0945678917
0945686193
0945688890
0945688897
0945700878
0945701702
0945707494
0945711424
0945726634
0945739479
0945751738
0945751980
0945752620
0945755763
0945761492
0945763527
0945765203
0945774689
0945777593
0945783036
0945786931
0945792209
0945792547
0945792642
0945795566
0945796503
0945805886
0945810835
0945818500
0945844218
0945858978
0945865570
0945869032
0945878208
0945887322
0945890730
0945897968
0945919764
0945932175
0945952643
0945957538
0945963432
0945964405
0945969049
0945993929
0945994046
0946026955
0946062012
0946062320
0946065994
0946073042
0946086433
0946094533
0946112827
0946118105
0946123005
0946134751
0946144132
0946147007
0946163631
0946169894
0946173330
0946180004
0946189273
0946200008
0946207501
0946230624
0946237769
0946238501
0946243353
0946278961
0946282561
0946284177
0946285192
0946285835
0946290669
0946302870
0946327079
0946329354
0946332496
0946342587
0946343488
0946361359
0946378890
0946387464
0946392810
0946395193
0946417494
0946472717
0946480357
0946499666
0946529601
0946534401
0946536626
0946545028
0946572478
0946579752
0946582397
0946590497
0946628942
0946661147
0946661272
0946666369
0946666573
0946666660
0946666666
0946667883
0946687074
0946691817
0946693944
0946702124
0946702499
0946704555
0946716958
0946723070
0946724971
0946749175
0946751392
0946763631
0946767915
0946768472
0946779972
0946781474
0946782154
0946783542
0946785334
0946786083
0946788344
0946791318
0946793404
0946798714
0946808335
0946810184
0946817375
0946819836
0946821910
0946838753
0946844614
0946865473
0946879802
0946912278
0946924580
0946929392
0946930795
0946934346
0946949245
0946952387
0946964311
0946992719
0947002040
0947007435
0947012521
0947026803
0947035543
0947043567
0947045575
0947068183
0947070542
0947073421
0947080368
0947083298
0947084491
0947084834
0947092776
0947093293
0947105882
0947123776
0947148002
0947151721
0947153444
0947175157
0947183855
0947186543
0947186744
0947193795
0947205239
0947206668
0947213883
0947237917
0947239909
0947247727
0947251063
0947260485
0947261022
0947264027
0947264429
0947281897
0947284763
0947308140
0947325329
0947333989
0947342072
0947349158
0947371805
0947377137
0947403837
0947404885
0947409126
0947423051
0947437332
0947440565
0947444879
0947463412
0947466886
0947474988
0947482715
0947486834
0947487602
0947493576
0947494862
0947496900
0947505146
0947543087
0947547368
0947556176
0947556577
0947557898
0947560698
0947563350
0947570859
0947573819
0947604665
0947615192
0947615900
0947620878
0947631960
0947638466
0947654321
0947663516
0947664081
0947667679
0947671419
0947681390
0947681548
0947685589
0947686612
0947688177
0947695734
0947740827
0947741362
0947761875
0947772449
0947774823
0947775833
0947777770
0947777777
0947779278
0947779652
0947781571
0947784430
0947791291
0947801256
0947801710
0947851364
0947865904
0947870723
0947881064
0947888508
0947892542
0947892612
0947893422
0947895166
0947898330
0947899938
0947925173
0947930407
0947942015
0947947995
0947961346
0947972833
0947976493
0947991468
0947997655
0947999639
0948005507
0948025583
0948035604
0948044625
0948046330
0948054671
0948057311
0948062319
0948067622
0948070636
0948084037
0948086695
0948091028
0948098643
0948105328
0948110103
0948110446
0948115264
0948132275
0948135772
0948150588
0948150881
0948154890
0948165329
0948172882
0948187825
0948200035
0948216593
0948237290
0948266579
0948287047
0948291258
0948300433
0948305415
0948312484
0948331681
0948346249
0948359263
0948369961
0948371678
0948373216
0948379082
0948392036
0948404640
0948458470
0948465655
0948474471
0948495729
0948505254
0948508379
0948511573
0948548596
0948570947
0948574795
0948575617
0948580113
0948585773
0948589402
0948661100
0948661850
0948701949
0948702564
0948715962
0948754793
0948757815
0948773671
0948787069
0948792269
0948819423
0948821845
0948824186
0948826655
0948848989
0948853367
0948858916
0948859906
0948870972
0948881624
0948882017
0948883393
0948888880
0948888888
0948889048
0948889499
0948898132
0948921734
0948926695
0948931247
0948933764
0948940704
0948962326
0948968612
0948980015
0948981216
0948981666
0948987081
0948997449
0949000440
0949005870
0949032257
0949051795
0949052919
0949055670
0949092178
0949108806
0949126274
0949128579
0949133416
0949142485
0949149991
0949152022
0949164048
0949173095
0949178893
0949188766
0949203234
0949206268
0949232375
0949240518
0949248212
0949253479
0949255529
0949269845
0949334444
0949335789
0949346053
0949363514
0949369517
0949373074
0949386991
0949404851
0949412530
0949416830
0949418687
0949421293
0949422461
0949424615
0949428752
0949434204
0949445761
0949458750
0949471253
0949474089
0949475848
0949484173
0949493489
0949516599
0949530195
0949532817
0949535725
0949540247
0949547832
0949554073
0949554929
0949557440
0949584831
0949584991
0949590441
0949600808
0949631442
0949634626
0949640736
0949652079
0949676894
0949679624
0949686688
0949705652
0949712462
0949717476
0949720608
0949738342
0949757178
0949759935
0949763454
0949764895
0949780245
0949798017
0949812439
0949815817
0949826643
0949830278
0949835176
0949845288
0949845960
0949859376
0949871966
0949878002
0949906009
0949928748
0949934642
0949935627
0949945172
0949968725
0949969808
0949986084
0949990565
0949994077
0949994688
0949995893
0949997624
0949999990
0949999999
0950000000
0950000665
0950001038
0950002427
0950003762
0950005842
0950006476
0950010520
0950032616
0950045461
0950050795
0950053033
0950057207
0950058572
0950061324
0950062940
0950067284
0950117981
0950118532
0950145681
0950160895
0950166868
0950196339
0950212320
0950218926
0950222470
0950242889
0950255202
0950256919
0950260203
0950274209
0950310114
0950317841
0950328459
0950330237
0950346702
0950354222
0950365239
0950385531
0950402322
0950404424
0950410994
0950413718
0950414993
0950423390
0950441411
0950443079
0950451328
0950464553
0950468726
0950470473
0950471049
0950471827
0950499630
0950516610
0950519801
0950521282
0950523709
0950524990
0950541241
0950555279
0950556908
0950575886
0950613091
0950634153
0950636753
0950639392
0950669159
0950676196
0950685408
0950687218
0950720715
0950744856
0950756362
0950774965
0950786500
0950815683
0950818718
0950836711
0950838132
0950839353
0950845514
0950846462
0950846625
0950858533
0950866060
0950884840
0950889290
0950895583
0950906981
0950908930
0950927347
0950936941
0950957014
0950957515
0950966061
0950972049
0950973731
0950976062
0950979987
0951015820
0951032288
0951043720
0951065462
0951072193
0951072567
0951082787
0951095957
0951098385
0951106782
0951110613
0951111110
0951111111
0951111235
0951111691
0951114240
0951115097
0951115359
0951122944
0951127963
0951143731
0951163653
0951169495
0951173662
0951179937
0951180854
0951188008
0951211394
0951219864
0951221452
0951229333
0951230643
0951231015
0951231475
0951232755
0951234354
0951234500
0951234567
0951235019
0951236718
0951247621
0951253392
0951264999
0951265798
0951275088
0951280257
0951288483
0951315101
0951322337
0951324675
0951324823
0951327746
0951330705
0951345426
0951351421
0951352032
0951352493
0951353863
0951359741
0951361928
0951371134
0951374503
0951382997
0951387903
0951391000
0951392672
0951400382
0951410943
0951416861
0951417965
0951429840
0951434379
0951437649
0951441062
0951445630
0951451763
0951457095
0951482308
0951487672
0951510574
0951523390
0951525353
0951528505
0951551903
0951556525
0951560358
0951560684
0951567278
0951582472
0951601437
0951620643
0951626067
0951629101
0951629218
0951639620
0951642013
0951646163
0951648838
0951661835
0951680215
0951683966
0951703850
0951703950
0951720521
0951729242
0951731553
0951736402
0951760630
0951766386
0951771958
0951777610
0951783305
0951804684
0951807491
0951808817
0951825562
0951840574
0951860899
0951879537
0951883747
0951889608
0951900116
0951904785
0951905376
0951928470
0951956512
0951966198
0951967673
0951971415
0951976048
0951983330
0952001418
0952004837
0952005948
0952037298
0952038628
0952046363
0952050779
0952062814
0952069877
0952079070
0952081986
0952085486
0952094060
0952121530
0952124173
0952125832
0952126627
0952136772
0952137939
0952151774
0952157774
0952182583
0952193695
0952198046
0952210828
0952211409
0952221923
0952222220
0952222222
0952222654
0952222919
0952224482
0952224626
0952224777
0952228036
0952228240
0952228872
0952237476
0952279309
0952284347
0952301145
0952306644
0952313518
0952321134
0952326562
0952328101
0952332956
0952340787
0952341273
0952346558
0952349277
0952349695
0952357338
0952359128
0952366250
0952373530
0952382956
0952382995
0952426790
0952431253
0952447373
0952453667
0952459962
0952461777
0952461926
0952463889
0952464091
0952466238
0952467469
0952469050
0952470058
0952481280
0952482866
0952489700
0952501947
0952526105
0952544165
0952559514
0952565575
0952610567
0952629255
0952634688
0952646954
0952649994
0952651714
0952652955
0952674284
0952703038
0952720287
0952725335
0952752824
0952767868
0952777500
0952781690
0952795443
0952800639
0952801704
0952817022
0952838178
0952852172
0952857697
0952858768
0952868406
0952879529
0952922965
0952924933
0952929860
0952931140
0952931276
0952932444
0952939846
0952942712
0952950955
0952964735
0952998162
0953005130
0953020880
0953056047
0953067262
0953069930
0953077608
0953085231
0953086454
0953091596
0953095347
0953097927
0953106407
0953118839
0953124829
0953126052
0953130799
0953135742
0953141292
0953190888
0953200422
0953206238
0953213939
0953240349
0953265992
0953270030
0953270738
0953292694
0953296060
0953308217
0953315212
0953316536
0953329224
0953331097
0953332073
0953333247
0953333330
0953333333
0953334920
0953335313
0953336178
0953338738
0953346133
0953356276
0953361331
0953380281
0953391867
0953397519
0953434716
0953451617
0953454171
0953457677
0953458107
0953459076
0953459227
0953479954
0953514036
0953528545
0953531860
0953535604
0953538840
0953559835
0953559996
0953570945
0953571305
0953573695
0953575697
0953577479
0953578519
0953581697
0953591434
0953608240
0953633514
0953634338
0953638256
0953652115
0953672166
0953679782
0953682849
0953694826
0953705738
0953706824
0953712070
0953719026
0953724501
0953725768
0953728104
0953728153
0953732667
0953754468
0953757457
0953760711
0953761021
0953766986
0953769546
0953784328
0953784584
0953791079
0953792986
0953801448
0953804546
0953827364
0953830744
0953834959
0953836067
0953845304
0953881488
0953883118
0953900585
0953907833
0953918050
0953942503
0953960639
0953964116
0953965523
0953983490
0953986323
0953994712
0954000139
0954002995
0954003436
0954034098
0954035436
0954037716
0954047855
0954048782
0954052790
0954056046
0954065191
0954085976
0954104145
0954106682
0954117017
0954126886
0954134577
0954139271
0954141693
0954147198
0954151886
0954177850
0954177925
0954191044
0954191202
0954202056
0954205529
0954209683
0954211426
0954214330
0954229294
0954265800
0954269490
0954270423
0954287988
0954289758
0954296277
0954354540
0954355825
0954367043
0954368370
0954382447
0954407353
0954413362
0954417103
0954441954
0954444440
0954444444
0954446095
0954447657
0954449079
0954449558
0954449663
0954465117
0954479697
0954481810
0954488221
0954502598
0954515167
0954535179
0954556855
0954564172
0954565300
0954566639
0954568023
0954569044
0954572086
0954572317
0954574954
0954601695
0954606093
0954629748
0954631851
0954634146
0954655380
0954664694
0954669501
0954672019
0954673185
0954673207
0954683114
0954685606
0954698581
0954698865
0954708945
0954736532
0954753393
0954762733
0954762789
0954767370
0954781429
0954786566
0954789519
0954825662
0954826198
0954827814
0954840774
0954860301
0954860401
0954866499
0954868358
0954878599
0954884279
0954887129
0954910558
0954911257
0954921451
0954954727
0954954734
0954955728
0955003658
0955005500
0955015352
0955016139
0955016349
0955016527
0955039332
0955052140
0955064300
0955076868
0955102758
0955107074
0955113226
0955124475
0955125210
0955128929
0955129416
0955143912
0955147762
0955158760
0955160107
0955185200
0955187768
0955189603
0955194129
0955197466
0955218544
0955227758
0955264674
0955265472
0955278225
0955297192
0955307874
0955313859
0955316878
0955338268
0955341165
0955362373
0955386768
0955399871
0955406689
0955418957
0955422597
0955437025
0955438048
0955440284
0955446393
0955471409
0955492714
0955500798
0955501455
0955506255
0955550928
0955555086
0955555550
0955555555
0955555707
0955555942
0955557986
0955558366
0955580510
0955580819
0955601203
0955615034
0955615388
0955618391
0955631203
0955632986
0955651143
0955660981
0955662172
0955670455
0955671071
0955673194
0955674344
0955674590
0955674603
0955684846
0955716705
0955724832
0955735411
0955737754
0955748508
0955764757
0955772236
0955778509
0955784815
0955797517
0955798203
0955803276
0955817527
0955818853
0955825016
0955826932
0955844101
0955856829
0955869051
0955871966
0955889346
0955902962
0955906577
0955919945
0955933636
0955937701
0955948685
0955949684
0955960125
0955991599
0955996271
0956001903
0956008733
0956043646
0956046997
0956061262
0956081312
0956085246
0956091501
0956101544
0956108707
0956113548
0956134081
0956137598
0956152986
0956184534
0956188732
0956193782
0956194956
0956202870
0956203290
0956215335
0956218799
0956219599
0956230803
0956232493
0956251407
0956254488
0956262745
0956262948
0956273086
0956301611
0956328697
0956335172
0956336821
0956340030
0956340454
0956359582
0956369679
0956382334
0956395521
0956405067
0956411895
0956427795
0956431325
0956431724
0956454423
0956464013
0956469620
0956497688
0956505496
0956513553
0956521429
0956544499
0956547337
0956594317
0956603446
0956606421
0956610776
0956636641
0956641220
0956660492
0956662687
0956665770
0956666660
0956666666
0956668820
0956669992
0956679333
0956697912
0956708339
0956711757
0956712972
0956723379
0956735799
0956739012
0956741415
0956752285
0956776976
0956780714
0956784072
0956786150
0956787066
0956788291
0956793316
0956795343
0956814965
0956815735
0956827382
0956835125
0956852177
0956859725
0956862677
0956882022
0956916453
0956943206
0956961705
0956967101
0956969495
0956981024
0956984365
0956985126
0956992694
0956998808
0956999803
0957005954
0957038518
0957053077
0957053106
0957083592
0957084606
0957088872
0957109712
0957109784
0957128155
0957179322
0957194399
0957203542
0957209647
0957220082
0957222404
0957238005
0957265385
0957274849
0957279871
0957296161
0957303111
0957303154
0957313791
0957319135
0957321294
0957349156
0957360527
0957366411
0957375690
0957391639
0957407168
0957411311
0957438782
0957468338
0957470415
0957472917
0957487533
0957498293
0957524936
0957527734
0957533827
0957547696
0957559867
0957562168
0957576513
0957598838
0957604466
0957608933
0957614445
0957635314
0957650797
0957652641
0957654321
0957669948
0957673534
0957676217
0957692366
0957699954
0957703879
0957707361
0957714096
0957722111
0957729734
0957730845
0957740674
0957752940
0957756674
0957768838
0957772557
0957772676
0957774492
0957775117
0957777770
0957777777
0957779549
0957779721
0957781662
0957791093
0957807973
0957814873
0957825261
0957853099
0957857670
0957858518
0957860465
0957863239
0957864029
0957883736
0957891618
0957894054
0957894909
0957896294
0957897438
0957899488
0957908146
0957913996
0957916461
0957921043
0957937576
0957938733
0957938870
0957939712
0957943944
0957962215
0957977618
0957985942
0957989765
0957998846
0958000952
0958006334
0958009540
0958014030
0958030176
0958045573
0958054899
0958071914
0958095802
0958156670
0958158744
0958163445
0958169875
0958170182
0958183952
0958189877
0958190700
0958213005
0958218942
0958221427
0958222622
0958231204
0958233073
0958235417
0958245178
0958251582
0958255902
0958268723
0958284525
0958307036
0958319388
0958333011
0958346031
0958355960
0958357866
0958376197
0958388361
0958401880
0958413585
0958414191
0958416364
0958418376
0958423233
0958424146
0958432906
0958449496
0958453273
0958462653
0958465824
0958470491
0958481278
0958482096
0958487683
0958489587
0958496130
0958500762
0958512931
0958534890
0958560860
0958568627
0958570948
0958589814
0958590173
0958604452
0958629470
0958630621
0958637652
0958637748
0958638853
0958648016
0958649119
0958652286
0958652436
0958678492
0958679033
0958680186
0958685712
0958691466
0958694307
0958697362
0958697429
0958742074
0958743631
0958754294
0958759548
0958764198
0958765395
0958785151
0958793865
0958796118
0958822858
0958826312
0958849351
0958849592
0958856959
0958877052
0958879409
0958881250
0958882733
0958884285
0958885639
0958886854
0958888259
0958888880
0958888888
0958888998
0958889815
0958891996
0958901308
0958919338
0958924048
0958929355
0958986455
0959005117
0959020322
0959025187
0959067825
0959077791
0959078236
0959088150
0959104800
0959108371
0959111960
0959122723
0959126428
0959130378
0959134713
0959135839
0959145078
0959150135
0959155537
0959169671
0959171232
0959177940
0959189291
0959194406
0959211432
0959214462
0959219611
0959224012
0959224157
0959236894
0959248144
0959248352
0959253183
0959257046
0959257452
0959262458
0959263177
0959270069
0959277565
0959297628
0959304730
0959317371
0959324709
0959326286
0959329952
0959347921
0959351145
0959368941
0959387319
0959389647
0959401238
0959421703
0959452447
0959452969
0959457405
0959460513
0959470662
0959471070
0959473215
0959486716
0959487017
0959493982
0959512499
0959513704
0959531846
0959536970
0959567979
0959577459
0959590569
0959598834
0959607225
0959609404
0959621628
0959642219
0959643740
0959649170
0959659067
0959664844
0959673107
0959683864
0959692596
0959696008
0959704192
0959706381
0959713037
0959723341
0959746129
0959763269
0959766373
0959791007
0959793286
0959795551
0959799435
0959832931
0959840788
0959845316
0959857434
0959900099
0959910847
0959920525
0959921843
0959927267
0959949117
0959965520
0959971590
0959973313
0959981230
0959984416
0959990725
0959991001
0959996583
0959998640
0959999658
0959999990
0959999999
0960000000
0960001127
0960002978
0960004685
0960007748
0960008845
0960009345
0960009528
0960014660
0960022058
0960071217
0960074165
0960075787
0960076439
0960083478
0960105900
0960110497
0960112508
0960118392
0960121245
0960139032
0960150654
0960156620
0960159517
0960164789
0960172319
0960172736
0960203069
0960216307
0960239596
0960244365
0960247559
0960260967
0960261932
0960283997
0960301619
0960305872
0960324194
0960331028
0960346473
0960359559
0960366086
0960401790
0960405720
0960418993
0960426597
0960446391
0960467252
0960469476
0960469597
0960479099
0960492095
0960495025
0960499892
0960513694
0960524766
0960530685
0960554338
0960556311
0960577166
0960605942
0960637886
0960654368
0960663888
0960695503
0960734243
0960743230
0960749607
0960752172
0960757335
0960766490
0960769989
0960773836
0960785215
0960790805
0960799168
0960846201
0960848584
0960869665
0960883469
0960888156
0960904715
0960911036
0960949732
0960957938
0960959244
0960966196
0960966747
0960973509
0960977709
0960981063
0960985600
0960998418
0960998569
0961012737
0961013691
0961042498
0961047038
0961066782
0961068757
0961075314
0961080271
0961080787
0961081964
0961101922
0961109352
0961111110
0961111111
0961111999
0961112737
0961113400
0961113533
0961113585
0961117028
0961118397
0961124833
0961127205
0961135431
0961144217
0961155913
0961160059
0961188629
0961196917
0961213238
0961222092
0961224548
0961233498
0961233985
0961234500
0961234567
0961238351
0961239751
0961239921
0961264456
0961264896
0961268006
0961277073
0961292097
0961317749
0961320635
0961323069
0961350449
0961351239
0961351581
0961354774
0961355024
0961356493
0961358077
0961358095
0961358478
0961362671
0961371677
0961389640
0961412403
0961427999
0961431910
0961433155
0961437943
0961479224
0961496675
0961499992
0961501031
0961509516
0961520802
0961522671
0961530480
0961537845
0961546354
0961568822
0961574960
0961586956
0961599133
0961608074
0961611369
0961621516
0961624267
0961636121
0961644538
0961647145
0961650943
0961658210
0961658504
0961667686
0961669204
0961669773
0961681918
0961688209
0961704707
0961707811
0961722607
0961724600
0961731296
0961751123
0961757953
0961765952
0961766082
0961767961
0961775561
0961778127
0961781397
0961785697
0961804879
0961809677
0961816296
0961825477
0961834537
0961852438
0961860399
0961863525
0961878000
0961882536
0961888112
0961911740
0961926376
0961926742
0961968634
0961972298
0961980102
0961999794
0962010412
0962020321
0962022316
0962039240
0962070360
0962072219
0962085710
0962106211
0962116704
0962127208
0962133341
0962134273
0962142519
0962152844
0962163744
0962186617
0962195567
0962198865
0962199173
0962202686
0962204345
0962209142
0962219574
0962221105
0962221581
0962222220
0962222222
0962223013
0962223056
0962229206
0962241459
0962241841
0962249586
0962254607
0962255329
0962283302
0962300725
0962305067
0962307975
0962331299
0962337966
0962343643
0962344324
0962346379
0962346489
0962348300
0962349270
0962370274
0962371878
0962385121
0962395276
0962409746
0962414892
0962426720
0962427328
0962428105
0962432602
0962449781
0962462310
0962462738
0962463492
0962464475
0962467834
0962489484
0962509567
0962512567
0962533751
0962573142
0962579921
0962582514
0962593587
0962616429
0962628649
0962660805
0962660898
0962663493
0962667350
0962674100
0962676434
0962684072
0962723214
0962729085
0962746367
0962748828
0962752398
0962754424
0962757329
0962757707
0962760788
0962761802
0962763132
0962766349
0962767931
0962788473
0962793260
0962801725
0962813910
0962843164
0962843892
0962844835
0962856269
0962873665
0962883244
0962900112
0962900284
0962902223
0962926681
0962945298
0962953161
0962956823
0962959081
0962988072
0963015795
0963021714
0963039527
0963050061
0963052998
0963086682
0963096937
0963130346
0963134386
0963141254
0963169547
0963174057
0963179898
0963187807
0963191968
0963212295
0963218590
0963223687
0963229826
0963242372
0963243432
0963271811
0963284596
0963289719
0963291668
0963304674
0963309032
0963310524
0963333080
0963333330
0963333333
0963333371
0963334584
0963335144
0963335294
0963336996
0963338549
0963350149
0963361135
0963408847
0963429681
0963437746
0963451253
0963451364
0963454016
0963454996
0963455044
0963455590
0963458328
0963475631
0963482061
0963488096
0963489130
0963489337
0963505686
0963523307
0963535613
0963553617
0963575915
0963578556
0963579504
0963579691
0963579973
0963581773
0963589527
0963589623
0963595488
0963605158
0963621821
0963629913
0963635871
0963662582
0963668689
0963672668
0963683777
0963689810
0963700327
0963700668
0963702668
0963708607
0963724429
0963729710
0963734159
0963743221
0963776545
0963777147
0963778154
0963779521
0963786741
0963805360
0963812926
0963813131
0963835783
0963836064
0963841687
0963848334
0963853899
0963861711
0963877795
0963878521
0963879620
0963888300
0963890263
0963897833
0963900503
0963912413
0963915198
0963916546
0963963705
0963967757
0963976880
0963985009
0963997200
0964025157
0964032229
0964037684
0964052473
0964067229
0964091565
0964092911
0964094706
0964104663
0964110251
0964114077
0964115332
0964117005
0964124296
0964124459
0964126359
0964132888
0964143325
0964163896
0964187857
0964204583
0964211924
0964226023
0964235259
0964236366
0964263317
0964267576
0964281965
0964310971
0964329575
0964343122
0964344958
0964349684
0964386938
0964411182
0964421460
0964427477
0964436384
0964441774
0964443160
0964444440
0964444444
0964446417
0964448104
0964449012
0964449221
0964464979
0964478053
0964488483
0964495905
0964498126
0964505044
0964507310
0964508074
0964511924
0964514398
0964527106
0964551130
0964553784
0964553786
0964560001
0964561863
0964562277
0964565736
0964567071
0964568023
0964579247
0964591186
0964606297
0964608995
0964618512
0964626327
0964627426
0964633210
0964637304
0964660339
0964675336
0964697486
0964702445
0964721051
0964754525
0964768363
0964770331
0964784266
0964784633
0964786895
0964798951
0964810001
0964810125
0964821607
0964835193
0964843711
0964848015
0964849039
0964859675
0964859843
0964882275
0964885083
0964887110
0964897734
0964921954
0964931007
0964945707
0964952296
0964953320
0964957933
0964958117
0964962648
0964963584
0964973479
0964978173
0964990049
0965006465
0965011976
0965019159
0965021364
0965024445
0965037087
0965052207
0965064876
0965079750
0965094375
0965102497
0965103033
0965117518
0965138312
0965141655
0965148249
0965167710
0965178700
0965185492
0965189236
0965195581
0965209253
0965214594
0965222766
0965223570
0965226171
0965227020
0965236402
0965249620
0965260062
0965269184
0965275407
0965281364
0965284977
0965287653
0965288512
0965301510
0965335106
0965338036
0965346715
0965351355
0965358973
0965367543
0965375966
0965380137
0965382709
0965392661
0965413021
0965413238
0965416089
0965455764
0965462614
0965465045
0965475967
0965482374
0965503504
0965511849
0965512770
0965542768
0965545365
0965550793
0965551660
0965552134
0965552353
0965552789
0965553136
0965555550
0965555555
0965555781
0965561957
0965564564
0965594231
0965597092
0965598061
0965619445
0965646459
0965654550
0965662948
0965666911
0965671741
0965672532
0965673740
0965673794
0965676812
0965684300
0965699495
0965708149
0965709677
0965726773
0965740977
0965748639
0965760560
0965766024
0965766185
0965767922
0965774351
0965774814
0965775542
0965776654
0965803765
0965810342
0965821448
0965822276
0965822709
0965827855
0965828564
0965836042
0965860333
0965862192
0965872923
0965884892
0965892693
0965897002
0965899241
0965914600
0965930730
0965975480
0965988271
0965992157
0966003598
0966010823
0966017054
0966027963
0966030446
0966053726
0966081237
0966113586
0966113841
0966118383
0966124370
0966125959
0966141726
0966196075
0966202244
0966215158
0966217154
0966228556
0966248444
0966256116
0966258783
0966287653
0966290906
0966304424
0966318984
0966319162
0966321588
0966323705
0966341275
0966358729
0966367231
0966393744
0966399330
0966422384
0966428358
0966446713
0966448264
0966469276
0966474559
0966488426
0966490928
0966494196
0966498740
0966499184
0966503370
0966538578
0966550594
0966566449
0966571282
0966580888
0966581739
0966597586
0966613109
0966628724
0966630755
0966654041
0966657213
0966659525
0966664226
0966664393
0966666660
0966666666
0966667695
0966668183
0966669634
0966671500
0966681993
0966682129
0966694616
0966695886
0966730026
0966748207
0966762062
0966762659
0966775771
0966777064
0966780657
0966782182
0966785596
0966786807
0966789336
0966789490
0966794674
0966813503
0966815273
0966817652
0966831012
0966831340
0966836149
0966844381
0966846972
0966849925
0966850035
0966852420
0966863155
0966865272
0966890714
0966893063
0966904890
0966920143
0966930514
0966937224
0966949390
0966961953
0966970697
0966972284
0966983343
0966995328
0966998145
0967018557
0967023350
0967029932
0967038429
0967078301
0967082477
0967086667
0967096436
0967107035
0967109235
0967114561
0967115753
0967122107
0967146617
0967170845
0967194155
0967194867
0967211262
0967222079
0967226073
0967231622
0967244042
0967250747
0967264496
0967266037
0967283368
0967299615
0967300134
0967300372
0967306034
0967310295
0967323900
0967384088
0967390907
0967411678
0967445095
0967456473
0967469584
0967485865
0967496938
0967511961
0967514572
0967522178
0967529544
0967539780
0967556332
0967573651
0967574174
0967575494
0967583825
0967602626
0967610757
0967623313
0967638453
0967639617
0967654321
0967658713
0967673215
0967676644
0967681997
0967683720
0967708057
0967716595
0967734421
0967735000
0967752038
0967762430
0967764626
0967766671
0967770062
0967772619
0967772922
0967774700
0967774970
0967776954
0967777770
0967777777
0967780186
0967788558
0967795892
0967800733
0967804272
0967814953
0967816307
0967816829
0967820295
0967820822
0967824921
0967842476
0967845592
0967873622
0967876335
0967890037
0967895635
0967895954
0967896604
0967898788
0967903995
0967904409
0967908203
0967923770
0967929532
0967931720
0967941020
0967945101
0967952824
0967955629
0967956684
0967963472
0967966989
0967971104
0967984700
0967991301
0967997470
0967999950
0968012056
0968043137
0968066711
0968095939
0968122513
0968129523
0968131890
0968149602
0968159314
0968160589
0968170641
0968175019
0968179642
0968188891
0968189613
0968194137
0968216895
0968231975
0968238268
0968240585
0968249763
0968254171
0968277665
0968280792
0968282550
0968301914
0968314591
0968317661
0968349010
0968355486
0968362622
0968368414
0968371005
0968390298
0968394685
0968422049
0968440027
0968442380
0968455882
0968502519
0968506800
0968511660
0968513832
0968520186
0968529943
0968537463
0968549466
0968558151
0968563578
0968582013
0968595334
0968609882
0968623634
0968654896
0968660170
0968671824
0968695062
0968703683
0968709832
0968740010
0968744481
0968745869
0968747839
0968748978
0968773159
0968803075
0968806055
0968820800
0968826776
0968846924
0968848545
0968852289
0968854713
0968858313
0968866228
0968879628
0968880006
0968880427
0968882155
0968882792
0968883522
0968884639
0968888880
0968888888
0968894804
0968898683
0968935642
0968936091
0968940160
0968950685
0968961164
0968962085
0968965953
0968972927
0968976144
0968982666
0969002315
0969004033
0969013748
0969018476
0969021782
0969023429
0969049425
0969069715
0969075515
0969076592
0969080427
0969092845
0969092974
0969096068
0969107127
0969114344
0969118599
0969123800
0969126802
0969145065
0969163606
0969168613
0969174014
0969186242
0969195520
0969221852
0969246440
0969254331
0969261510
0969264573
0969283732
0969292317
0969296743
0969297281
0969304100
0969306067
0969306481
0969322529
0969330633
0969331647
0969345318
0969348788
0969376095
0969390693
0969395000
0969399355
0969408730
0969412117
0969431835
0969436768
0969452878
0969458424
0969463615
0969465867
0969489486
0969508263
0969518704
0969528127
0969529079
0969536676
0969541721
0969552921
0969563356
0969568692
0969578167
0969583566
0969588396
0969605924
0969609154
0969617656
0969618164
0969618240
0969620518
0969628650
0969647356
0969655399
0969656395
0969663534
0969670396
0969683062
0969684270
0969689358
0969689578
0969689668
0969699342
0969699910
0969702954
0969706186
0969707245
0969714513
0969756978
0969764162
0969777048
0969779250
0969789588
0969803637
0969811421
0969823432
0969824635
0969833491
0969836836
0969836935
0969860001
0969883754
0969884897
0969886886
0969891170
0969891732
0969913441
0969914032
0969919497
0969922820
0969941834
0969945364
0969946722
0969948111
0969952102
0969953549
0969964134
0969969008
0969990820
0969992017
0969992726
0969997458
0969999784
0969999990
0969999999
0970000000
0970001975
0970002920
0970003152
0970005130
0970006485
0970008058
0970013055
0970015626
0970016029
0970035051
0970035441
0970057803
0970065932
0970067508
0970069380
0970070898
0970087129
0970088702
0970089259
0970111537
0970139275
0970142952
0970151848
0970153869
0970190991
0970197176
0970198709
0970203169
0970229614
0970231508
0970233715
0970238013
0970253587
0970265721
0970282928
0970299911
0970300172
0970313867
0970321051
0970324552
0970324908
0970327596
0970328624
0970333942
0970344079
0970356606
0970357787
0970368605
0970374637
0970383695
0970390598
0970408485
0970437701
0970444921
0970478644
0970482383
0970502510
0970507380
0970520134
0970522621
0970527910
0970529597
0970532341
0970536169
0970549471
0970560208
0970560338
0970570318
0970588039
0970593734
0970613729
0970615651
0970618327
0970621547
0970629066
0970629822
0970643958
0970664875
0970676118
0970685822
0970694077
0970695984
0970697067
0970711634
0970726872
0970729063
0970734386
0970765526
0970770029
0970770758
0970778146
0970791809
0970793770
0970806188
0970808161
0970823296
0970829943
0970839421
0970864827
0970865132
0970865345
0970878935
0970887916
0970900495
0970902002
0970918990
0970935040
0970938106
0970942588
0970944573
0970945442
0970950036
0970952133
0970987897
0970988997
0970991057
0970996377
0971010732
0971019818
0971036686
0971037107
0971048162
0971051118
0971056175
0971072155
0971091572
0971094749
0971098546
0971111110
0971111111
0971111894
0971112654
0971114085
0971116041
0971119499
0971153365
0971174920
0971184281
0971194142
0971230215
0971230733
0971234500
0971234567
0971235513
0971236152
0971236760
0971272160
0971286338
0971286652
0971306684
0971336372
0971350665
0971353746
0971354981
0971355860
0971357252
0971358301
0971359884
0971365087
0971367028
0971409685
0971434809
0971436125
0971449345
0971452809
0971462249
0971462620
0971471032
0971473587
0971481733
0971491978
0971507792
0971524442
0971530414
0971530732
0971554334
0971555598
0971559246
0971562145
0971568739
0971571687
0971572672
0971580705
0971589700
0971605528
0971617033
0971617294
0971626077
0971627794
0971634942
0971647440
0971657656
0971662665
0971682798
0971684278
0971716617
0971717478
0971735878
0971740656
0971756798
0971776333
0971790890
0971795281
0971814939
0971817166
0971832968
0971833505
0971859466
0971872558
0971875676
0971892033
0971930563
0971952815
0971957441
0971985037
0972001520
0972013004
0972013984
0972024344
0972040678
0972054147
0972057917
0972072945
0972083029
0972103458
0972114791
0972119055
0972130799
0972149163
0972154336
0972159761
0972163501
0972167049
0972210890
0972221250
0972222220
0972222222
0972225919
0972226505
0972228210
0972228578
0972229088
0972229515
0972272944
0972278868
0972281224
0972286232
0972292955
0972297893
0972303573
0972307670
0972315602
0972328890
0972329250
0972340269
0972340877
0972342497
0972347731
0972348836
0972351263
0972358235
0972364434
0972387289
0972395275
0972417537
0972424511
0972426462
0972426706
0972432326
0972460160
0972462935
0972463414
0972465752
0972466609
0972468329
0972468875
0972480846
0972486713
0972506660
0972513864
0972523755
0972541900
0972545575
0972549770
0972579142
0972586937
0972609020
0972609105
0972611712
0972638143
0972644085
0972655466
0972666365
0972702897
0972705835
0972708295
0972739312
0972775874
0972794756
0972796104
0972799434
0972811217
0972817810
0972843439
0972882214
0972884278
0972888397
0972931553
0972945256
0972969357
0972979298
0972985283
0972987801
0972998823
0972999935
0973002976
0973005527
0973005554
0973009082
0973010746
0973014889
0973032790
0973052512
0973053833
0973067186
0973074227
0973078905
0973087098
0973088731
0973091573
0973111130
0973130693
0973140190
0973167631
0973173200
0973182252
0973184272
0973196770
0973203537
0973210533
0973220938
0973230085
0973260791
0973263514
0973281215
0973297238
0973299194
0973330193
0973331244
0973331492
0973332406
0973332726
0973333330
0973333333
0973339661
0973348059
0973359893
0973389551
0973398390
0973400455
0973401103
0973412936
0973416092
0973429184
0973447121
0973451676
0973455258
0973458315
0973459064
0973459256
0973460027
0973470135
0973474518
0973479210
0973487721
0973491577
0973507903
0973516646
0973518592
0973535556
0973543181
0973545398
0973549714
0973564631
0973570775
0973570853
0973575816
0973577232
0973578995
0973580535
0973584204
0973587000
0973591908
0973598276
0973598791
0973600098
0973623945
0973626921
0973652189
0973656547
0973666332
0973667447
0973676297
0973689715
0973708714
0973720052
0973722768
0973733210
0973734248
0973740868
0973744778
0973772125
0973777100
0973780825
0973782825
0973789305
0973791513
0973804862
0973805534
0973811161
0973816345
0973835164
0973843399
0973844984
0973865671
0973866365
0973879635
0973892036
0973895113
0973917281
0973919096
0973920129
0973928781
0973934739
0973935529
0973940186
0973956832
0973956885
0973970939
0973973241
0973975695
0973977052
0973984894
0974020164
0974027001
0974031556
0974033929
0974039836
0974045244
0974048948
0974049229
0974050255
0974051165
0974072652
0974099195
0974102083
0974106092
0974126889
0974127322
0974143014
0974145163
0974150256
0974159703
0974181914
0974192981
0974209209
0974212624
0974215418
0974217125
0974231204
0974238091
0974241094
0974259567
0974273445
0974274731
0974282716
0974322058
0974332708
0974336769
0974346900
0974349807
0974350360
0974358554
0974374491
0974382295
0974391567
0974403659
0974404749
0974425458
0974425904
0974427427
0974427643
0974428388
0974441324
0974442031
0974444440
0974444444
0974444511
0974445970
0974449201
0974463601
0974469495
0974472571
0974478187
0974479937
0974483383
0974523151
0974532323
0974547116
0974553557
0974562784
0974563367
0974565045
0974566526
0974566773
0974568852
0974576453
0974583351
0974593817
0974605707
0974620312
0974623848
0974627033
0974631292
0974634488
0974638328
0974652122
0974658112
0974673671
0974679894
0974680103
0974701647
0974743297
0974745426
0974746572
0974747847
0974759739
0974762710
0974771828
0974773220
0974781326
0974782404
0974807542
0974816859
0974819401
0974835164
0974836516
0974837689
0974842669
0974861873
0974864767
0974866908
0974877436
0974881091
0974890551
0974902882
0974917638
0974917700
0974929449
0974936851
0974949679
0974950193
0974961766
0974967723
0974972379
0974990219
0975001368
0975007872
0975009226
0975010465
0975017180
0975053649
0975060357
0975080410
0975088348
0975092183
0975099486
0975126893
0975127733
0975139236
0975175987
0975176588
0975193459
0975204210
0975235769
0975238361
0975239891
0975240004
0975240526
0975242865
0975249773
0975254725
0975267886
0975275067
0975275639
0975278244
0975316007
0975317820
0975320964
0975322040
0975344106
0975358411
0975360996
0975362947
0975382334
0975406266
0975412367
0975417421
0975422605
0975423233
0975437109
0975461179
0975461528
0975473512
0975476975
0975488375
0975496068
0975497159
0975498157
0975523457
0975537878
0975549579
0975552028
0975552820
0975553048
0975553771
0975554030
0975554435
0975555149
0975555440
0975555550
0975555555
0975572922
0975573312
0975577873
0975581649
0975584864
0975593428
0975597109
0975598668
0975601082
0975607092
0975616479
0975623511
0975624433
0975627374
0975631157
0975638715
0975642971
0975643974
0975654903
0975657726
0975658518
0975663923
0975671846
0975674752
0975675588
0975676600
0975678769
0975681463
0975690362
0975703972
0975706828
0975711847
0975714509
0975717683
0975721864
0975726295
0975728692
0975737539
0975741839
0975746295
0975757219
0975763414
0975768505
0975778864
0975782155
0975795379
0975802765
0975812476
0975830047
0975852550
0975857075
0975878678
0975889601
0975891006
0975907504
0975909376
0975922659
0975925096
0975943653
0975946239
0975946790
0975947504
0975958286
0975984348
0975989167
0975996882
0976004889
0976005003
0976031460
0976037489
0976051002
0976053195
0976063718
0976075565
0976082696
0976083917
0976092609
0976092732
0976137872
0976161846
0976192024
0976212794
0976226293
0976236247
0976236294
0976244310
0976249334
0976258291
0976265872
0976266847
0976278186
0976278748
0976281298
0976295652
0976295657
0976310031
0976322772
0976347482
0976349261
0976360721
0976367525
0976387449
0976413969
0976420403
0976434500
0976450494
0976456521
0976492414
0976496342
0976503763
0976511318
0976518468
0976527722
0976544742
0976557256
0976558538
0976566905
0976574530
0976591230
0976592704
0976597942
0976617562
0976635090
0976639440
0976653296
0976656289
0976661760
0976661946
0976665839
0976666660
0976666666
0976667723
0976669753
0976675662
0976695790
0976715239
0976716908
0976732751
0976772013
0976779781
0976780624
0976781090
0976782124
0976786145
0976786154
0976788464
0976789654
0976815077
0976827321
0976855874
0976856337
0976856815
0976857673
0976858477
0976862358
0976866277
0976886182
0976909204
0976920303
0976923391
0976933089
0976935407
0976942385
0976945923
0976952804
0976973677
0976995228
0976995753
0976997318
0977006289
0977007479
0977026095
0977027680
0977038206
0977058043
0977062318
0977066294
0977080924
0977084333
0977085938
0977087109
0977091455
0977119977
0977144493
0977153307
0977154506
0977163472
0977174755
0977187324
0977190168
0977227406
0977236600
0977244806
0977247341
0977247914
0977252109
0977256207
0977258118
0977269102
0977270779
0977288325
0977297899
0977303755
0977321508
0977333608
0977352773
0977362228
0977362550
0977377871
0977384914
0977387658
0977399814
0977408115
0977409151
0977415194
0977442228
0977455670
0977461491
0977463606
0977470531
0977476702
0977489126
0977496615
0977511367
0977529740
0977535455
0977544268
0977548825
0977552272
0977569431
0977580065
0977598455
0977651121
0977654321
0977655233
0977661137
0977664472
0977681030
0977684082
0977689652
0977690676
0977701203
0977703290
0977716499
0977725550
0977739598
0977744470
0977746224
0977755187
0977757778
0977773693
0977775821
0977777260
0977777770
0977777777
0977778275
0977779467
0977780242
0977781451
0977781616
0977789419
0977802666
0977804529
0977824980
0977835000
0977836241
0977851185
0977864953
0977870655
0977872983
0977884769
0977890077
0977890278
0977890944
0977892744
0977897394
0977898090
0977923804
0977927020
0977959761
0977962330
0977971642
0977973085
0977999103
0978004126
0978019086
0978033878
0978060974
0978062306
0978074195
0978078490
0978080454
0978090777
0978093060
0978103904
0978110274
0978120331
0978124494
0978131178
0978143261
0978151710
0978161513
0978174897
0978185097
0978199534
0978202370
0978224560
0978243749
0978254671
0978326615
0978333426
0978335698
0978340602
0978343962
0978373365
0978380512
0978389906
0978404600
0978407747
0978420020
0978429602
0978430146
0978431862
0978450453
0978451524
0978490843
0978509892
0978521135
0978540372
0978546698
0978548923
0978549703
0978565780
0978574956
0978578200
0978579144
0978592860
0978596165
0978613485
0978631157
0978651180
0978657619
0978662553
0978665402
0978665913
0978696242
0978697243
0978705757
0978711970
0978731993
0978739074
0978751082
0978753021
0978766265
0978768819
0978770981
0978793191
0978796134
0978821179
0978853005
0978853398
0978859012
0978878371
0978880541
0978880701
0978880972
0978885739
0978886659
0978887731
0978888836
0978888880
0978888888
0978889854
0978892223
0978909004
0978918476
0978930236
0978937406
0978963889
0978968668
0978978360
0978979614
0978996444
0979000134
0979009825
0979026479
0979048881
0979050159
0979062400
0979071215
0979126142
0979150414
0979152660
0979152962
0979159944
0979168911
0979191870
0979217781
0979229272
0979248372
0979249111
0979262407
0979277406
0979280887
0979282360
0979284610
0979287683
0979305564
0979332628
0979340378
0979345151
0979345733
0979349978
0979354826
0979358970
0979361007
0979362043
0979362717
0979393658
0979414512
0979418214
0979443650
0979447323
0979463200
0979466638
0979485312
0979491706
0979496712
0979500825
0979501032
0979508840
0979521859
0979525245
0979526949
0979541172
0979547932
0979550448
0979553414
0979564316
0979566451
0979573728
0979576385
0979601204
0979608530
0979624042
0979641549
0979644772
0979645991
0979668399
0979672153
0979686600
0979704576
0979711999
0979713040
0979713518
0979718190
0979722627
0979744266
0979745814
0979754192
0979760793
0979771614
0979787062
0979787673
0979791634
0979796122
0979819235
0979827164
0979828610
0979830486
0979836775
0979838148
0979857483
0979876421
0979888320
0979900588
0979918668
0979922128
0979934484
0979936102
0979958206
0979974228
0979992562
0979995320
0979996806
0979997042
0979999321
0979999990
0979999999
0980000000
0980000430
0980007719
0980007943
0980008822
0980009771
0980010208
0980032242
0980033030
0980042393
0980046687
0980048576
0980049600
0980055393
0980104689
0980137183
0980182013
0980186653
0980226238
0980226711
0980229934
0980232275
0980233350
0980240196
0980249039
0980273155
0980276050
0980286326
0980305146
0980312164
0980322652
0980330343
0980333359
0980348124
0980352501
0980356066
0980356757
0980367176
0980372319
0980384538
0980387007
0980389521
0980392758
0980393775
0980396680
0980408026
0980428189
0980438134
0980439310
0980460479
0980466461
0980466991
0980468313
0980474540
0980477996
0980478419
0980478829
0980484397
0980487022
0980514672
0980531215
0980542001
0980556297
0980582554
0980591132
0980594676
0980596472
0980618758
0980620728
0980626560
0980628806
0980640801
0980650547
0980659276
0980679047
0980686323
0980686436
0980701648
0980709086
0980732100
0980732279
0980747817
0980750619
0980756678
0980762471
0980765795
0980766326
0980768771
0980772513
0980778172
0980785195
0980791013
0980800546
0980806755
0980814636
0980821461
0980844941
0980851883
0980853789
0980873509
0980875558
0980878981
0980881069
0980889957
0980916529
0980927385
0980937639
0980957158
0980967541
0980987157
0980995171
0981004657
0981014649
0981019992
0981030820
0981055902
0981057433
0981061815
0981062065
0981069328
0981070842
0981078296
0981081716
0981082334
0981085995
0981089468
0981094619
0981109299
0981111110
0981111111
0981113427
0981113647
0981114811
0981114864
0981119796
0981133036
0981164239
0981179109
0981179610
0981186422
0981198230
0981208586
0981218326
0981228641
0981231399
0981232589
0981232990
0981234033
0981234500
0981234567
0981235954
0981237310
0981247378
0981249680
0981252435
0981259001
0981284096
0981295982
0981298551
0981308274
0981312143
0981316709
0981325233
0981354735
0981354806
0981357277
0981359341
0981359514
0981359746
0981361483
0981363705
0981371039
0981381894
0981387960
0981389639
0981401933
0981405002
0981414582
0981415773
0981439103
0981448617
0981453039
0981459840
0981460765
0981508874
0981515106
0981523538
0981563393
0981565250
0981570730
0981570900
0981582341
0981597746
0981605561
0981639749
0981645239
0981651661
0981666288
0981680737
0981700699
0981723773
0981724191
0981730913
0981750467
0981771027
0981788197
0981814884
0981825339
0981827539
0981839061
0981845085
0981850231
0981871371
0981872231
0981884713
0981885060
0981896190
0981919590
0981922317
0981923852
0981932434
0981936714
0981942420
0981944454
0981950042
0981976512
0981977146
0981995245
0982002661
0982004032
0982005433
0982028353
0982029243
0982031022
0982041808
0982070942
0982072770
0982075896
0982080479
0982082571
0982105037
0982106263
0982107802
0982108707
0982123230
0982124991
0982125240
0982152645
0982157495
0982162299
0982169716
0982190164
0982191121
0982207848
0982221035
0982221720
0982222220
0982222222
0982223051
0982223190
0982224350
0982225041
0982226177
0982235803
0982247531
0982252492
0982254165
0982257164
0982257607
0982267909
0982285101
0982290245
0982298111
0982308854
0982319897
0982340122
0982343167
0982344058
0982345297
0982346377
0982347335
0982352621
0982352881
0982366227
0982385970
0982394868
0982398987
0982406672
0982418825
0982431646
0982447082
0982447202
0982450371
0982462690
0982464550
0982465286
0982465291
0982467399
0982473335
0982479084
0982480293
0982480401
0982513096
0982514759
0982528574
0982547750
0982551956
0982553704
0982553914
0982571897
0982572700
0982573052
0982592725
0982595581
0982597761
0982598247
0982606462
0982612005
0982614742
0982628983
0982667396
0982682542
0982692189
0982707416
0982715602
0982739869
0982742822
0982748155
0982782190
0982789457
0982796683
0982808226
0982811677
0982835960
0982848431
0982858221
0982879496
0982901129
0982901319
0982904169
0982907393
0982907704
0982915156
0982937306
0982950136
0982956621
0982977538
0982977918
0982985746
0982991418
0983013542
0983015806
0983016290
0983019221
0983020200
0983020878
0983023278
0983034317
0983078489
0983087793
0983122700
0983129177
0983129865
0983141233
0983144894
0983171837
0983174316
0983180027
0983203462
0983218978
0983221884
0983232639
0983240193
0983242873
0983249250
0983255929
0983310202
0983320229
0983332144
0983332564
0983332851
0983333330
0983333333
0983336314
0983336504
0983337042
0983348599
0983352289
0983358307
0983358915
0983366159
0983368521
0983373411
0983380407
0983393585
0983396589
0983398367
0983398686
0983421829
0983422135
0983423151
0983429205
0983432084
0983434158
0983436783
0983445235
0983450233
0983450632
0983451446
0983453893
0983455929
0983457280
0983461198
0983469994
0983481572
0983486734
0983519268
0983520629
0983530143
0983541918
0983543317
0983546225
0983555042
0983556404
0983563287
0983570168
0983570543
0983570554
0983571865
0983574809
0983576693
0983577127
0983586349
0983587330
0983590319
0983605407
0983610563
0983616844
0983618490
0983632447
0983664967
0983670634
0983701771
0983714295
0983728586
0983739141
0983743934
0983747992
0983755326
0983756704
0983768190
0983771869
0983771974
0983772257
0983778849
0983782967
0983786593
0983801556
0983807178
0983825731
0983828910
0983861995
0983876561
0983878660
0983881962
0983905371
0983907185
0983918801
0983925967
0983926470
0983927568
0983933776
0983934577
0983936272
0983941010
0983961676
0983968726
0983971901
0983972899
0983979294
0983980394
0983983353
0983998062
0984024355
0984036387
0984058875
0984064919
0984084369
0984123408
0984136862
0984143814
0984177181
0984185009
0984208569
0984215703
0984228402
0984231219
0984261780
0984330048
0984341736
0984357806
0984358163
0984373742
0984375866
0984394914
0984395259
0984408126
0984414826
0984440575
0984440913
0984444440
0984444444
0984444515
0984444810
0984444833
0984445103
0984461163
0984472055
0984475417
0984482970
0984504990
0984519514
0984519634
0984520975
0984523047
0984524084
0984543316
0984553585
0984560918
0984563304
0984563958
0984564300
0984565940
0984567321
0984568580
0984572723
0984584148
0984598245
0984599992
0984648889
0984652320
0984652644
0984657112
0984674295
0984692234
0984699022
0984701503
0984727760
0984756247
0984757884
0984763544
0984772901
0984773751
0984775676
0984789746
0984793803
0984803438
0984815850
0984820535
0984832481
0984832606
0984836294
0984848724
0984848971
0984852980
0984865834
0984883916
0984898260
0984905026
0984922480
0984941956
0984953794
0984959773
0984977114
0984983850
0984987248
0984988709
0984991774
0984992618
0984994190
0984996219
0985000822
0985009952
0985011122
0985022908
0985070940
0985079858
0985088883
0985096992
0985113361
0985115830
0985118281
0985128007
0985132210
0985166247
0985168739
0985214866
0985218822
0985221166
0985253262
0985253793
0985253965
0985260615
0985271436
0985279896
0985286341
0985290445
0985297054
0985302307
0985313980
0985339133
0985350437
0985370365
0985380714
0985388126
0985392239
0985395683
0985403817
0985444321
0985456671
0985465233
0985479895
0985495314
0985509233
0985526026
0985530429
0985534274
0985545804
0985551860
0985554008
0985555550
0985555555
0985556774
0985556808
0985557025
0985557110
0985559737
0985591349
0985591900
0985595779
0985609627
0985610538
0985625813
0985644961
0985666248
0985672947
0985676384
0985677833
0985678595
0985679656
0985681587
0985723242
0985740620
0985776031
0985780235
0985781979
0985782089
0985808765
0985832662
0985839655
0985840418
0985842137
0985850043
0985859920
0985866205
0985880718
0985881713
0985881939
0985886595
0985889532
0985899912
0985919971
0985933815
0985934553
0985961358
0985963529
0985981727
0985989670
0985992428
0986001374
0986004883
0986007813
0986010142
0986026167
0986039508
0986048463
0986051511
0986062656
0986066172
0986079969
0986093367
0986110524
0986134970
0986143671
0986167990
0986171371
0986179037
0986208625
0986211128
0986225841
0986240180
0986253260
0986254103
0986263141
0986280671
0986283886
0986294658
0986297514
0986301179
0986307469
0986316966
0986327184
0986337113
0986340343
0986341187
0986345418
0986373720
0986377114
0986380751
0986386252
0986402490
0986418413
0986418533
0986424493
0986434327
0986453868
0986481131
0986494974
0986498927
0986509476
0986519152
0986547491
0986549771
0986580453
0986587569
0986588021
0986605994
0986609137
0986612854
0986624233
0986630898
0986642911
0986643831
0986652259
0986661030
0986661257
0986661756
0986663715
0986666660
0986666666
0986667304
0986667631
0986693335
0986696505
0986736244
0986740665
0986754902
0986760216
0986772788
0986780232
0986781161
0986781304
0986785809
0986788972
0986796805
0986813415
0986828929
0986832421
0986862732
0986882879
0986885061
0986888112
0986899295
0986900829
0986903179
0986908703
0986909051
0986914391
0986931939
0986932242
0986945444
0986950614
0986951306
0986967503
0986969371
0986971192
0986977957
0986978848
0986994777
0987011222
0987016077
0987033162
0987039892
0987043663
0987044795
0987086759
0987092472
0987104691
0987119162
0987144750
0987156051
0987160735
0987179207
0987184757
0987187473
0987199810
0987203372
0987213978
0987223894
0987226616
0987227804
0987239136
0987241246
0987250892
0987259380
0987272774
0987277713
0987314943
0987317786
0987341133
0987343536
0987352208
0987353175
0987357993
0987366619
0987381031
0987381471
0987386364
0987390862
0987399708
0987413262
0987426187
0987430522
0987442772
0987449128
0987455891
0987461792
0987467010
0987467073
0987468993
0987472813
0987482921
0987487120
0987489210
0987492642
0987503038
0987516480
0987537227
0987538489
0987553418
0987555116
0987557283
0987557678
0987559911
0987560126
0987580648
0987590032
0987590878
0987608022
0987608328
0987622740
0987654321
0987663940
0987673947
0987675271
0987677401
0987685364
0987691619
0987693335
0987695753
0987699748
0987703891
0987721252
0987723018
0987725718
0987731431
0987741125
0987758447
0987763017
0987770494
0987771667
0987774182
0987777195
0987777583
0987777770
0987777777
0987785759
0987808916
0987814391
0987822425
0987822661
0987824641
0987829893
0987831735
0987832872
0987834222
0987837981
0987850095
0987859775
0987882036
0987888554
0987888567
0987892588
0987894970
0987896397
0987897734
0987897906
0987898087
0987899940
0987906903
0987910172
0987911376
0987917453
0987919932
0987925164
0987929495
0987962173
0987978754
0987995768
0987997418
0988006320
0988011242
0988012032
0988013391
0988013864
0988018744
0988028604
0988030167
0988032374
0988039382
0988047696
0988062589
0988073930
0988074642
0988077859
0988087790
0988096196
0988118667
0988128642
0988134266
0988139918
0988147903
0988162168
0988162890
0988195158
0988197126
0988197936
0988199779
0988203966
0988212534
0988220028
0988222249
0988223920
0988233068
0988237187
0988237987
0988238722
0988245556
0988257069
0988261060
0988261627
0988284564
0988293155
0988295563
0988306215
0988314962
0988325284
0988328705
0988339371
0988341874
0988347566
0988377494
0988391984
0988399057
0988399333
0988405759
0988426201
0988447032
0988456480
0988464427
0988478580
0988484417
0988507975
0988521480
0988522599
0988526560
0988530413
0988531146
0988550892
0988562890
0988598047
0988598051
0988628392
0988641506
0988663473
0988669981
0988676644
0988680787
0988689320
0988703435
0988709782
0988714978
0988727532
0988730676
0988745879
0988754317
0988787058
0988803047
0988828963
0988829032
0988854362
0988876386
0988882884
0988882920
0988883845
0988887358
0988888880
0988888888
0988889753
0988889793
0988905052
0988928099
0988935683
0988947090
0988949410
0988956280
0988964473
0988967032
0988989599
0988994266
0989021268
0989024682
0989039465
0989046337
0989060927
0989061687
0989062927
0989063949
0989076003
0989135145
0989140008
0989141120
0989149993
0989167059
0989173679
0989180150
0989181157
0989192608
0989196683
0989207170
0989213978
0989220614
0989235366
0989249509
0989260394
0989281530
0989291979
0989296862
0989299077
0989328409
0989332231
0989341438
0989345494
0989352532
0989376650
0989379539
0989383516
0989391665
0989394210
0989412081
0989423544
0989434650
0989440913
0989441597
0989447774
0989470867
0989476454
0989479925
0989480643
0989480727
0989498973
0989499846
0989501753
0989511475
0989511930
0989578074
0989591813
0989599665
0989633424
0989641367
0989644930
0989666504
0989673986
0989691169
0989691740
0989737182
0989752980
0989787068
0989789206
0989814824
0989815304
0989822135
0989830121
0989837879
0989850575
0989851533
0989875538
0989886224
0989891233
0989929997
0989945586
0989954492
0989967381
0989976569
0989981572
0989990121
0989990287
0989994162
0989994670
0989997170
0989999990
0989999999
0990000000
0990001308
0990001783
0990003960
0990006743
0990009823
0990017058
0990040832
0990052338
0990052487
0990053734
0990065449
0990086860
0990091859
0990094214
0990095218
0990103443
0990119142
0990124817
0990125368
0990127414
0990137808
0990140102
0990151896
0990155849
0990169175
0990179966
0990182325
0990192652
0990192719
0990197507
0990200722
0990205706
0990207601
0990224238
0990253749
0990263270
0990278407
0990314133
0990314326
0990317273
0990324560
0990326143
0990329046
0990341771
0990353454
0990358676
0990360438
0990379882
0990404324
0990408021
0990411614
0990413573
0990420230
0990425888
0990430010
0990435103
0990459582
0990471194
0990491456
0990500977
0990505739
0990512380
0990517636
0990520733
0990528698
0990528973
0990532206
0990544066
0990587740
0990594527
0990598771
0990624703
0990641526
0990642493
0990643210
0990651528
0990660080
0990671811
0990681429
0990690362
0990691669
0990695442
0990697394
0990701204
0990712279
0990714200
0990723307
0990728379
0990728577
0990731268
0990732177
0990801364
0990809102
0990834862
0990841689
0990841946
0990845611
0990874855
0990880790
0990882498
0990889135
0990889194
0990889858
0990896655
0990902645
0990903010
0990906655
0990908542
0990920022
0990927626
0990941412
0990952343
0990962632
0990970464
0990982145
0990987599
0991001384
0991002738
0991005918
0991011945
0991013093
0991031967
0991032260
0991035325
0991037350
0991038846
0991045665
0991050795
0991056381
0991062002
0991066620
0991067099
0991078099
0991098917
0991111110
0991111111
0991111884
0991114372
0991114830
0991117285
0991117484
0991127231
0991141614
0991142509
0991154947
0991158894
0991159436
0991164181
0991166101
0991177959
0991179192
0991191558
0991202852
0991216656
0991220976
0991222000
0991230992
0991231473
0991232148
0991233744
0991234500
0991234567
0991239390
0991244308
0991246918
0991291580
0991300820
0991303179
0991311077
0991318277
0991326532
0991351816
0991353664
0991355865
0991357441
0991358154
0991358340
0991358801
0991359638
0991360628
0991378842
0991390929
0991406288
0991414771
0991414860
0991420417
0991438487
0991439790
0991449271
0991453106
0991470242
0991474181
0991481499
0991483965
0991490515
0991491714
0991495888
0991504237
0991524575
0991544913
0991552985
0991564492
0991570384
0991574157
0991583044
0991598590
0991599948
0991600450
0991601233
0991608290
0991630147
0991631143
0991633195
0991636392
0991644578
0991664734
0991669387
0991671085
0991703906
0991705413
0991718315
0991723724
0991745324
0991762672
0991767557
0991768464
0991775447
0991782346
0991787920
0991791236
0991807700
0991831771
0991846263
0991848306
0991850977
0991883658
0991885711
0991892930
0991898893
0991903068
0991922373
0991935001
0991941324
0991947823
0991950929
0991951862
0991955658
0991962019
0991969214
0991970330
0991984033
0991984978
0991986031
0992003361
0992019957
0992025842
0992040769
0992044191
0992051265
0992054700
0992064679
0992078483
0992083404
0992098425
0992101020
0992115330
0992122877
0992135336
0992164089
0992165148
0992188655
0992215623
0992221633
0992221778
0992222220
0992222222
0992222987
0992225244
0992229100
0992229253
0992244763
0992282073
0992304019
0992307418
0992316654
0992318911
0992339049
0992341329
0992343201
0992345362
0992347039
0992347400
0992348308
0992349413
0992353278
0992365565
0992379308
0992386970
0992390407
0992399667
0992400244
0992400759
0992401583
0992409794
0992420602
0992429495
0992434400
0992442552
0992453009
0992454986
0992458773
0992462442
0992462951
0992466143
0992466272
0992468132
0992469523
0992472320
0992505300
0992507518
0992508858
0992530393
0992547110
0992554015
0992557536
0992572860
0992585446
0992592617
0992604242
0992620761
0992641726
0992649892
0992653542
0992655284
0992655601
0992659110
0992663581
0992672718
0992683214
0992693164
0992711327
0992731968
0992734950
0992741061
0992759949
0992764274
0992773968
0992780808
0992790669
0992795522
0992798373
0992807344
0992809146
0992827932
0992837724
0992843493
0992845683
0992846553
0992848277
0992874209
0992888502
0992935591
0992944413
0992950842
0992964232
0992988474
0992995043
0992998128
0993006774
0993032195
0993053978
0993055065
0993055815
0993066754
0993077403
0993084638
0993105946
0993112338
0993128988
0993138516
0993141160
0993156967
0993171686
0993184445
0993208729
0993210252
0993213605
0993217591
0993230806
0993233228
0993247195
0993257816
0993275188
0993281370
0993286915
0993292550
0993304444
0993306147
0993331500
0993332043
0993332230
0993332806
0993333330
0993333333
0993334517
0993336362
0993354556
0993397577
0993417848
0993419181
0993452891
0993453188
0993454897
0993455659
0993457786
0993458292
0993465152
0993479836
0993481413
0993482021
0993509067
0993518968
0993521299
0993532966
0993534528
0993560201
0993564364
0993572219
0993572541
0993573776
0993573990
0993574169
0993580329
0993581858
0993588141
0993617712
0993625972
0993627802
0993646328
0993658347
0993661625
0993663413
0993674591
0993683184
0993685568
0993687695
0993702752
0993703204
0993706534
0993717217
0993742411
0993747021
0993756972
0993775281
0993776528
0993777754
0993810176
0993822333
0993825290
0993830037
0993843991
0993849368
0993876517
0993905063
0993924532
0993943371
0993965621
0993965738
0993990119
0994003844
0994016919
0994029851
0994037269
0994047037
0994073375
0994096133
0994098142
0994103556
0994129163
0994143147
0994149521
0994169559
0994177830
0994182952
0994185449
0994192654
0994199556
0994203451
0994204697
0994229931
0994231701
0994232437
0994250326
0994254583
0994259894
0994280022
0994285684
0994290321
0994294365
0994306695
0994309923
0994313477
0994314770
0994319353
0994328834
0994329805
0994358181
0994359350
0994365349
0994378301
0994391951
0994400430
0994419632
0994440411
0994441681
0994441876
0994444440
0994444444
0994446044
0994447214
0994447730
0994454292
0994486922
0994492345
0994495562
0994498817
0994505667
0994509492
0994512546
0994518979
0994524631
0994556690
0994558176
0994558707
0994560095
0994560638
0994563320
0994564172
0994566953
0994587434
0994589398
0994603223
0994603340
0994608153
0994610624
0994616127
0994625046
0994632018
0994635100
0994635992
0994637881
0994639415
0994655162
0994656870
0994660418
0994682074
0994682210
0994686163
0994698778
0994698885
0994699975
0994705163
0994720839
0994726501
0994736654
0994742313
0994744131
0994768003
0994774102
0994775778
0994805310
0994811469
0994815434
0994818381
0994819446
0994877742
0994887759
0994895705
0994899940
0994903023
0994916012
0994930635
0994935900
0994939029
0994948435
0994975713
0994984457
0995032714
0995045720
0995063320
0995072587
0995073547
0995082220
0995084455
0995102382
0995111821
0995117720
0995125231
0995126700
0995151059
0995156560
0995163664
0995165571
0995166665
0995166785
0995171583
0995171918
0995192115
0995207675
0995225358
0995244452
0995251844
0995268811
0995278031
0995286735
0995305046
0995309106
0995319129
0995320322
0995323085
0995332333
0995335722
0995344727
0995356093
0995361735
0995363667
0995369601
0995383810
0995390518
0995393763
0995410861
0995416905
0995424774
0995437855
0995448999
0995449393
0995456588
0995456925
0995471114
0995490454
0995490514
0995514877
0995521630
0995526598
0995529771
0995537477
0995548584
0995550003
0995552429
0995554368
0995555550
0995555555
0995556836
0995558661
0995559439
0995561046
0995564871
0995565334
0995570416
0995574733
0995577081
0995594535
0995633034
0995648459
0995670588
0995670687
0995674843
0995675013
0995676825
0995678083
0995678345
0995679960
0995683752
0995773092
0995774484
0995796241
0995797049
0995797247
0995810043
0995825182
0995828652
0995830637
0995851301
0995857400
0995872477
0995883422
0995899118
0995899366
0995900015
0995900827
0995901382
0995911606
0995919685
0995920415
0995921493
0995926164
0995940087
0995941601
0995945177
0995945240
0995952409
0995954339
0995959337
0995987625
0995988633
0995993179
0995999792
0996004238
0996007148
0996009197
0996012578
0996018657
0996019393
0996040753
0996059450
0996062561
0996064555
0996091284
0996105741
0996106649
0996148625
0996163433
0996168479
0996169819
0996170732
0996195373
0996198701
0996200615
0996209145
0996228444
0996244780
0996272312
0996281150
0996313141
0996322454
0996333768
0996348322
0996359192
0996362689
0996370852
0996374627
0996378512
0996385902
0996424127
0996443572
0996445669
0996447802
0996462937
0996464057
0996477549
0996501428
0996506275
0996514161
0996519946
0996533794
0996570814
0996608264
0996640966
0996660149
0996661391
0996661796
0996663259
0996664602
0996666651
0996666660
0996666666
0996668335
0996668806
0996671613
0996682723
0996690372
0996704151
0996719221
0996728288
0996729452
0996730098
0996755443
0996765090
0996765904
0996780625
0996783742
0996785083
0996785241
0996785486
0996787481
0996795505
0996805245
0996821798
0996830596
0996831350
0996835067
0996862125
0996877630
0996897845
0996907139
0996927661
0996929781
0996940098
0996947874
0996974828
0996975273
0996977358
0996982608
0996994969
0996998461
0997002508
0997019506
0997025794
0997028101
0997039498
0997060011
0997067391
0997098397
0997114717
0997130416
0997131206
0997138941
0997146995
0997152322
0997176651
0997180901
0997186080
0997200238
0997200997
0997201663
0997228041
0997234947
0997235930
0997238437
0997251113
0997262376
0997270750
0997271933
0997283094
0997311820
0997314100
0997323556
0997328451
0997332588
0997340549
0997353971
0997354201
0997366584
0997373182
0997374181
0997375258
0997380586
0997385834
0997386892
0997406273
0997408186
0997414872
0997416840
0997428842
0997433842
0997441592
0997442400
0997457682
0997458072
0997467719
0997496784
0997497400
0997498244
0997505391
0997526690
0997532901
0997577295
0997578569
0997584205
0997589800
0997590542
0997593012
0997599128
0997612646
0997637540
0997639407
0997640339
0997654321
0997671803
0997673351
0997676082
0997686555
0997701172
0997727278
0997733293
0997746114
0997746498
0997756609
0997771340
0997773024
0997774219
0997774293
0997774794
0997777770
0997777777
0997777822
0997778286
0997780815
0997782164
0997810187
0997818390
0997829219
0997853609
0997864096
0997878615
0997890447
0997893651
0997895430
0997896388
0997898288
0997898709
0997909995
0997913013
0997915084
0997928850
0997934558
0997937102
0997953493
0997958221
0997977660
0998010523
0998032213
0998046853
0998072357
0998082382
0998082756
0998094386
0998098722
0998100324
0998105877
0998110131
0998127403
0998142061
0998144110
0998148512
0998164088
0998165246
0998174963
0998193561
0998197053
0998201687
0998205296
0998236926
0998241156
0998250118
0998271567
0998274649
0998311946
0998318247
0998326665
0998332707
0998335633
0998342904
0998366448
0998369029
0998374559
0998382167
0998391992
0998399170
0998402708
0998407436
0998413127
0998420975
0998426030
0998447971
0998457173
0998508239
0998510424
0998512232
0998516576
0998518344
0998534881
0998537888
0998552714
0998554308
0998554699
0998555594
0998560785
0998584545
0998609242
0998621043
0998664012
0998675592
0998681626
0998685790
0998686253
0998690149
0998698619
0998708093
0998708412
0998713379
0998738129
0998740544
0998760458
0998763007
0998779998
0998787119
0998804798
0998809426
0998835381
0998839875
0998858539
0998880548
0998883983
0998884220
0998887724
0998888880
0998888888
0998889861
0998894395
0998903975
0998914590
0998927381
0998950878
0998965627
0998966801
0998982703
0998982937
0998992556
0999003048
0999012709
0999015771
0999018966
0999020988
0999032910
0999041721
0999042099
0999054728
0999059861
0999075030
0999084568
0999085054
0999094570
0999104695
0999115492
0999140512
0999167426
0999177381
0999183775
0999192701
0999193135
0999194202
0999217663
0999238111
0999240866
0999242827
0999259545
0999264659
0999281731
0999290189
0999294170
0999304749
0999318557
0999321138
0999321581
0999347454
0999370621
0999387736
0999396033
0999398568
0999401390
0999407457
0999420477
0999449920
0999471753
0999479495
0999499693
0999501364
0999519799
0999520122
0999524108
0999530151
0999532543
0999540775
0999551477
0999571441
0999573196
0999579772
0999601225
0999635535
0999640046
0999666483
0999673607
0999680717
0999681353
0999684819
0999691217
0999703887
0999719528
0999750506
0999764589
0999766716
0999773858
0999775869
0999779122
0999787763
0999818373
0999835312
0999839021
0999839646
0999851523
0999854569
0999869155
0999882083
0999901889
0999907286
0999923395
0999937130
0999945249
0999959449
0999969144
0999972375
0999976522
0999988133
0999994513
0999995029
0999996460
0999998927
0999999983
0999999990
0999999999